regime,scene_id,acq_dt,acq_date,quarter,platform,rel_orbit,orbit_pass,aoi_variant_id,aoi_role,unit_domain,vv_mean_linear,vv_n_px,vh_mean_linear,vh_n_px
FROZEN,S1A_IW_GRDH_1SDV_20150615T103312_20150615T103341_006383_0086AA_rtc,2015-06-15T10:33:27.038023+00:00,2015-06-15,2015Q2,S1A,11,ascending,T1_ntt_fdc__v1,treatment,LINEAR_POWER_GAMMA0,3.83683180809021,307,2.1194026470184326,307
FROZEN,S1A_IW_GRDH_1SDV_20150615T103312_20150615T103341_006383_0086AA_rtc,2015-06-15T10:33:27.038023+00:00,2015-06-15,2015Q2,S1A,11,ascending,C1_hkex_dc__v1,control,LINEAR_POWER_GAMMA0,0.47204822301864624,55,0.13590799272060394,55
FROZEN,S1A_IW_GRDH_1SDV_20150615T103312_20150615T103341_006383_0086AA_rtc,2015-06-15T10:33:27.038023+00:00,2015-06-15,2015Q2,S1A,11,ascending,C2b_amc__v2,positive_control,LINEAR_POWER_GAMMA0,0.21572206914424896,260,0.039902593940496445,260
FROZEN,S1A_IW_GRDH_1SDV_20150615T103312_20150615T103341_006383_0086AA_rtc,2015-06-15T10:33:27.038023+00:00,2015-06-15,2015Q2,S1A,11,ascending,P1_vacant__v1,placebo,LINEAR_POWER_GAMMA0,0.2910725474357605,93,0.08115334808826447,93
FROZEN,S1A_IW_GRDH_1SDV_20150615T103312_20150615T103341_006383_0086AA_rtc,2015-06-15T10:33:27.038023+00:00,2015-06-15,2015Q2,S1A,11,ascending,X1_build_slab__v1,positive_control,LINEAR_POWER_GAMMA0,0.11076721549034119,67,0.040235720574855804,67
FROZEN,S1A_IW_GRDH_1SDV_20150615T103312_20150615T103341_006383_0086AA_rtc,2015-06-15T10:33:27.038023+00:00,2015-06-15,2015Q2,S1A,11,ascending,X2_build_site__v1,positive_control,LINEAR_POWER_GAMMA0,0.15225736796855927,155,0.042499322444200516,155
FROZEN,S1A_IW_GRDH_1SDV_20150627T103313_20150627T103342_006558_008B9C_rtc,2015-06-27T10:33:27.881860+00:00,2015-06-27,2015Q2,S1A,11,ascending,T1_ntt_fdc__v1,treatment,LINEAR_POWER_GAMMA0,4.704145908355713,307,2.2377166748046875,307
FROZEN,S1A_IW_GRDH_1SDV_20150627T103313_20150627T103342_006558_008B9C_rtc,2015-06-27T10:33:27.881860+00:00,2015-06-27,2015Q2,S1A,11,ascending,C1_hkex_dc__v1,control,LINEAR_POWER_GAMMA0,0.6172705292701721,55,0.10308820754289627,55
FROZEN,S1A_IW_GRDH_1SDV_20150627T103313_20150627T103342_006558_008B9C_rtc,2015-06-27T10:33:27.881860+00:00,2015-06-27,2015Q2,S1A,11,ascending,C2b_amc__v2,positive_control,LINEAR_POWER_GAMMA0,0.3469620645046234,260,0.04153311252593994,260
FROZEN,S1A_IW_GRDH_1SDV_20150627T103313_20150627T103342_006558_008B9C_rtc,2015-06-27T10:33:27.881860+00:00,2015-06-27,2015Q2,S1A,11,ascending,P1_vacant__v1,placebo,LINEAR_POWER_GAMMA0,0.32409873604774475,93,0.07586287707090378,93
FROZEN,S1A_IW_GRDH_1SDV_20150627T103313_20150627T103342_006558_008B9C_rtc,2015-06-27T10:33:27.881860+00:00,2015-06-27,2015Q2,S1A,11,ascending,X1_build_slab__v1,positive_control,LINEAR_POWER_GAMMA0,0.13126429915428162,67,0.049356818199157715,67
FROZEN,S1A_IW_GRDH_1SDV_20150627T103313_20150627T103342_006558_008B9C_rtc,2015-06-27T10:33:27.881860+00:00,2015-06-27,2015Q2,S1A,11,ascending,X2_build_site__v1,positive_control,LINEAR_POWER_GAMMA0,0.15223169326782227,155,0.049081504344940186,155
FROZEN,S1A_IW_GRDH_1SDV_20150704T102502_20150704T102531_006660_008E4C_rtc,2015-07-04T10:25:17.222634+00:00,2015-07-04,2015Q3,S1A,113,ascending,T1_ntt_fdc__v1,treatment,LINEAR_POWER_GAMMA0,1.4912711381912231,307,0.7365894913673401,307
FROZEN,S1A_IW_GRDH_1SDV_20150704T102502_20150704T102531_006660_008E4C_rtc,2015-07-04T10:25:17.222634+00:00,2015-07-04,2015Q3,S1A,113,ascending,C1_hkex_dc__v1,control,LINEAR_POWER_GAMMA0,0.2411397099494934,55,0.08670399338006973,55
FROZEN,S1A_IW_GRDH_1SDV_20150704T102502_20150704T102531_006660_008E4C_rtc,2015-07-04T10:25:17.222634+00:00,2015-07-04,2015Q3,S1A,113,ascending,C2b_amc__v2,positive_control,LINEAR_POWER_GAMMA0,0.18484333157539368,260,0.03946784883737564,260
FROZEN,S1A_IW_GRDH_1SDV_20150704T102502_20150704T102531_006660_008E4C_rtc,2015-07-04T10:25:17.222634+00:00,2015-07-04,2015Q3,S1A,113,ascending,P1_vacant__v1,placebo,LINEAR_POWER_GAMMA0,0.35970690846443176,93,0.05666964873671532,93
FROZEN,S1A_IW_GRDH_1SDV_20150704T102502_20150704T102531_006660_008E4C_rtc,2015-07-04T10:25:17.222634+00:00,2015-07-04,2015Q3,S1A,113,ascending,X1_build_slab__v1,positive_control,LINEAR_POWER_GAMMA0,0.0954875573515892,67,0.022869838401675224,67
FROZEN,S1A_IW_GRDH_1SDV_20150704T102502_20150704T102531_006660_008E4C_rtc,2015-07-04T10:25:17.222634+00:00,2015-07-04,2015Q3,S1A,113,ascending,X2_build_site__v1,positive_control,LINEAR_POWER_GAMMA0,0.1401832103729248,155,0.026458943262696266,155
FROZEN,S1A_IW_GRDH_1SDV_20150709T103312_20150709T103341_006733_009049_rtc,2015-07-09T10:33:27.070128+00:00,2015-07-09,2015Q3,S1A,11,ascending,T1_ntt_fdc__v1,treatment,LINEAR_POWER_GAMMA0,4.809183597564697,307,2.502581834793091,307
FROZEN,S1A_IW_GRDH_1SDV_20150709T103312_20150709T103341_006733_009049_rtc,2015-07-09T10:33:27.070128+00:00,2015-07-09,2015Q3,S1A,11,ascending,C1_hkex_dc__v1,control,LINEAR_POWER_GAMMA0,0.41225236654281616,55,0.1108739823102951,55
FROZEN,S1A_IW_GRDH_1SDV_20150709T103312_20150709T103341_006733_009049_rtc,2015-07-09T10:33:27.070128+00:00,2015-07-09,2015Q3,S1A,11,ascending,C2b_amc__v2,positive_control,LINEAR_POWER_GAMMA0,0.17816920578479767,260,0.0440167561173439,260
FROZEN,S1A_IW_GRDH_1SDV_20150709T103312_20150709T103341_006733_009049_rtc,2015-07-09T10:33:27.070128+00:00,2015-07-09,2015Q3,S1A,11,ascending,P1_vacant__v1,placebo,LINEAR_POWER_GAMMA0,0.26568248867988586,93,0.05484229326248169,93
FROZEN,S1A_IW_GRDH_1SDV_20150709T103312_20150709T103341_006733_009049_rtc,2015-07-09T10:33:27.070128+00:00,2015-07-09,2015Q3,S1A,11,ascending,X1_build_slab__v1,positive_control,LINEAR_POWER_GAMMA0,0.1095096617937088,67,0.034310609102249146,67
FROZEN,S1A_IW_GRDH_1SDV_20150709T103312_20150709T103341_006733_009049_rtc,2015-07-09T10:33:27.070128+00:00,2015-07-09,2015Q3,S1A,11,ascending,X2_build_site__v1,positive_control,LINEAR_POWER_GAMMA0,0.1270277500152588,155,0.031721994280815125,155
FROZEN,S1A_IW_GRDH_1SDV_20150716T102503_20150716T102532_006835_009351_rtc,2015-07-16T10:25:17.807257+00:00,2015-07-16,2015Q3,S1A,113,ascending,T1_ntt_fdc__v1,treatment,LINEAR_POWER_GAMMA0,1.886745810508728,307,0.683681309223175,307
FROZEN,S1A_IW_GRDH_1SDV_20150716T102503_20150716T102532_006835_009351_rtc,2015-07-16T10:25:17.807257+00:00,2015-07-16,2015Q3,S1A,113,ascending,C1_hkex_dc__v1,control,LINEAR_POWER_GAMMA0,0.1959032118320465,55,0.06464257836341858,55
FROZEN,S1A_IW_GRDH_1SDV_20150716T102503_20150716T102532_006835_009351_rtc,2015-07-16T10:25:17.807257+00:00,2015-07-16,2015Q3,S1A,113,ascending,C2b_amc__v2,positive_control,LINEAR_POWER_GAMMA0,0.18584811687469482,260,0.03925008699297905,260
FROZEN,S1A_IW_GRDH_1SDV_20150716T102503_20150716T102532_006835_009351_rtc,2015-07-16T10:25:17.807257+00:00,2015-07-16,2015Q3,S1A,113,ascending,P1_vacant__v1,placebo,LINEAR_POWER_GAMMA0,0.7449320554733276,93,0.07005733251571655,93
FROZEN,S1A_IW_GRDH_1SDV_20150716T102503_20150716T102532_006835_009351_rtc,2015-07-16T10:25:17.807257+00:00,2015-07-16,2015Q3,S1A,113,ascending,X1_build_slab__v1,positive_control,LINEAR_POWER_GAMMA0,0.10428804159164429,67,0.021053694188594818,67
FROZEN,S1A_IW_GRDH_1SDV_20150716T102503_20150716T102532_006835_009351_rtc,2015-07-16T10:25:17.807257+00:00,2015-07-16,2015Q3,S1A,113,ascending,X2_build_site__v1,positive_control,LINEAR_POWER_GAMMA0,0.1373760849237442,155,0.026027977466583252,155
FROZEN,S1A_IW_GRDH_1SDV_20150721T103313_20150721T103342_006908_009560_rtc,2015-07-21T10:33:28.219719+00:00,2015-07-21,2015Q3,S1A,11,ascending,T1_ntt_fdc__v1,treatment,LINEAR_POWER_GAMMA0,5.093423366546631,307,2.4914891719818115,307
FROZEN,S1A_IW_GRDH_1SDV_20150721T103313_20150721T103342_006908_009560_rtc,2015-07-21T10:33:28.219719+00:00,2015-07-21,2015Q3,S1A,11,ascending,C1_hkex_dc__v1,control,LINEAR_POWER_GAMMA0,0.568834125995636,55,0.14307403564453125,55
FROZEN,S1A_IW_GRDH_1SDV_20150721T103313_20150721T103342_006908_009560_rtc,2015-07-21T10:33:28.219719+00:00,2015-07-21,2015Q3,S1A,11,ascending,C2b_amc__v2,positive_control,LINEAR_POWER_GAMMA0,0.266487717628479,260,0.0519234798848629,260
FROZEN,S1A_IW_GRDH_1SDV_20150721T103313_20150721T103342_006908_009560_rtc,2015-07-21T10:33:28.219719+00:00,2015-07-21,2015Q3,S1A,11,ascending,P1_vacant__v1,placebo,LINEAR_POWER_GAMMA0,0.3743952214717865,93,0.08402790874242783,93
FROZEN,S1A_IW_GRDH_1SDV_20150721T103313_20150721T103342_006908_009560_rtc,2015-07-21T10:33:28.219719+00:00,2015-07-21,2015Q3,S1A,11,ascending,X1_build_slab__v1,positive_control,LINEAR_POWER_GAMMA0,0.14040128886699677,67,0.05047045648097992,67
FROZEN,S1A_IW_GRDH_1SDV_20150721T103313_20150721T103342_006908_009560_rtc,2015-07-21T10:33:28.219719+00:00,2015-07-21,2015Q3,S1A,11,ascending,X2_build_site__v1,positive_control,LINEAR_POWER_GAMMA0,0.17924532294273376,155,0.04751947894692421,155
FROZEN,S1A_IW_GRDH_1SDV_20150728T102504_20150728T102533_007010_00984E_rtc,2015-07-28T10:25:18.630201+00:00,2015-07-28,2015Q3,S1A,113,ascending,T1_ntt_fdc__v1,treatment,LINEAR_POWER_GAMMA0,1.6690497398376465,307,0.8362496495246887,307
FROZEN,S1A_IW_GRDH_1SDV_20150728T102504_20150728T102533_007010_00984E_rtc,2015-07-28T10:25:18.630201+00:00,2015-07-28,2015Q3,S1A,113,ascending,C1_hkex_dc__v1,control,LINEAR_POWER_GAMMA0,0.24410036206245422,55,0.08311875909566879,55
FROZEN,S1A_IW_GRDH_1SDV_20150728T102504_20150728T102533_007010_00984E_rtc,2015-07-28T10:25:18.630201+00:00,2015-07-28,2015Q3,S1A,113,ascending,C2b_amc__v2,positive_control,LINEAR_POWER_GAMMA0,0.20299145579338074,260,0.04895959421992302,260
FROZEN,S1A_IW_GRDH_1SDV_20150728T102504_20150728T102533_007010_00984E_rtc,2015-07-28T10:25:18.630201+00:00,2015-07-28,2015Q3,S1A,113,ascending,P1_vacant__v1,placebo,LINEAR_POWER_GAMMA0,0.43887361884117126,93,0.0685182735323906,93
FROZEN,S1A_IW_GRDH_1SDV_20150728T102504_20150728T102533_007010_00984E_rtc,2015-07-28T10:25:18.630201+00:00,2015-07-28,2015Q3,S1A,113,ascending,X1_build_slab__v1,positive_control,LINEAR_POWER_GAMMA0,0.15055637061595917,67,0.028515318408608437,67
FROZEN,S1A_IW_GRDH_1SDV_20150728T102504_20150728T102533_007010_00984E_rtc,2015-07-28T10:25:18.630201+00:00,2015-07-28,2015Q3,S1A,113,ascending,X2_build_site__v1,positive_control,LINEAR_POWER_GAMMA0,0.15680493414402008,155,0.03398841246962547,155
FROZEN,S1A_IW_GRDH_1SDV_20150802T103314_20150802T103343_007083_009A41_rtc,2015-08-02T10:33:28.942286+00:00,2015-08-02,2015Q3,S1A,11,ascending,T1_ntt_fdc__v1,treatment,LINEAR_POWER_GAMMA0,5.003129482269287,307,2.5139849185943604,307
FROZEN,S1A_IW_GRDH_1SDV_20150802T103314_20150802T103343_007083_009A41_rtc,2015-08-02T10:33:28.942286+00:00,2015-08-02,2015Q3,S1A,11,ascending,C1_hkex_dc__v1,control,LINEAR_POWER_GAMMA0,0.48029837012290955,55,0.12255804240703583,55
FROZEN,S1A_IW_GRDH_1SDV_20150802T103314_20150802T103343_007083_009A41_rtc,2015-08-02T10:33:28.942286+00:00,2015-08-02,2015Q3,S1A,11,ascending,C2b_amc__v2,positive_control,LINEAR_POWER_GAMMA0,0.23877879977226257,260,0.0498826764523983,260
FROZEN,S1A_IW_GRDH_1SDV_20150802T103314_20150802T103343_007083_009A41_rtc,2015-08-02T10:33:28.942286+00:00,2015-08-02,2015Q3,S1A,11,ascending,P1_vacant__v1,placebo,LINEAR_POWER_GAMMA0,0.29070761799812317,93,0.07371234148740768,93
FROZEN,S1A_IW_GRDH_1SDV_20150802T103314_20150802T103343_007083_009A41_rtc,2015-08-02T10:33:28.942286+00:00,2015-08-02,2015Q3,S1A,11,ascending,X1_build_slab__v1,positive_control,LINEAR_POWER_GAMMA0,0.11511173099279404,67,0.0321095772087574,67
FROZEN,S1A_IW_GRDH_1SDV_20150802T103314_20150802T103343_007083_009A41_rtc,2015-08-02T10:33:28.942286+00:00,2015-08-02,2015Q3,S1A,11,ascending,X2_build_site__v1,positive_control,LINEAR_POWER_GAMMA0,0.13230665028095245,155,0.03489604592323303,155
FROZEN,S1A_IW_GRDH_1SDV_20150809T102504_20150809T102533_007185_009D09_rtc,2015-08-09T10:25:19.306078+00:00,2015-08-09,2015Q3,S1A,113,ascending,T1_ntt_fdc__v1,treatment,LINEAR_POWER_GAMMA0,1.213965654373169,307,0.599679172039032,307
FROZEN,S1A_IW_GRDH_1SDV_20150809T102504_20150809T102533_007185_009D09_rtc,2015-08-09T10:25:19.306078+00:00,2015-08-09,2015Q3,S1A,113,ascending,C1_hkex_dc__v1,control,LINEAR_POWER_GAMMA0,0.21593715250492096,55,0.07234521955251694,55
FROZEN,S1A_IW_GRDH_1SDV_20150809T102504_20150809T102533_007185_009D09_rtc,2015-08-09T10:25:19.306078+00:00,2015-08-09,2015Q3,S1A,113,ascending,C2b_amc__v2,positive_control,LINEAR_POWER_GAMMA0,0.1881875991821289,260,0.04868344962596893,260
FROZEN,S1A_IW_GRDH_1SDV_20150809T102504_20150809T102533_007185_009D09_rtc,2015-08-09T10:25:19.306078+00:00,2015-08-09,2015Q3,S1A,113,ascending,P1_vacant__v1,placebo,LINEAR_POWER_GAMMA0,0.3236220180988312,93,0.05372147262096405,93
FROZEN,S1A_IW_GRDH_1SDV_20150809T102504_20150809T102533_007185_009D09_rtc,2015-08-09T10:25:19.306078+00:00,2015-08-09,2015Q3,S1A,113,ascending,X1_build_slab__v1,positive_control,LINEAR_POWER_GAMMA0,0.09692259132862091,67,0.027154600247740746,67
FROZEN,S1A_IW_GRDH_1SDV_20150809T102504_20150809T102533_007185_009D09_rtc,2015-08-09T10:25:19.306078+00:00,2015-08-09,2015Q3,S1A,113,ascending,X2_build_site__v1,positive_control,LINEAR_POWER_GAMMA0,0.14822986721992493,155,0.030248217284679413,155
FROZEN,S1A_IW_GRDH_1SDV_20150814T103315_20150814T103344_007258_009F0C_rtc,2015-08-14T10:33:29.552647+00:00,2015-08-14,2015Q3,S1A,11,ascending,T1_ntt_fdc__v1,treatment,LINEAR_POWER_GAMMA0,5.828437328338623,307,2.854458808898926,307
FROZEN,S1A_IW_GRDH_1SDV_20150814T103315_20150814T103344_007258_009F0C_rtc,2015-08-14T10:33:29.552647+00:00,2015-08-14,2015Q3,S1A,11,ascending,C1_hkex_dc__v1,control,LINEAR_POWER_GAMMA0,0.5428315997123718,55,0.12154317647218704,55
FROZEN,S1A_IW_GRDH_1SDV_20150814T103315_20150814T103344_007258_009F0C_rtc,2015-08-14T10:33:29.552647+00:00,2015-08-14,2015Q3,S1A,11,ascending,C2b_amc__v2,positive_control,LINEAR_POWER_GAMMA0,0.24858225882053375,260,0.061828967183828354,260
FROZEN,S1A_IW_GRDH_1SDV_20150814T103315_20150814T103344_007258_009F0C_rtc,2015-08-14T10:33:29.552647+00:00,2015-08-14,2015Q3,S1A,11,ascending,P1_vacant__v1,placebo,LINEAR_POWER_GAMMA0,0.4093649387359619,93,0.09270912408828735,93
FROZEN,S1A_IW_GRDH_1SDV_20150814T103315_20150814T103344_007258_009F0C_rtc,2015-08-14T10:33:29.552647+00:00,2015-08-14,2015Q3,S1A,11,ascending,X1_build_slab__v1,positive_control,LINEAR_POWER_GAMMA0,0.14629583060741425,67,0.057212259620428085,67
FROZEN,S1A_IW_GRDH_1SDV_20150814T103315_20150814T103344_007258_009F0C_rtc,2015-08-14T10:33:29.552647+00:00,2015-08-14,2015Q3,S1A,11,ascending,X2_build_site__v1,positive_control,LINEAR_POWER_GAMMA0,0.1857842653989792,155,0.05097692087292671,155
FROZEN,S1A_IW_GRDH_1SDV_20150821T102505_20150821T102534_007360_00A1CD_rtc,2015-08-21T10:25:19.952434+00:00,2015-08-21,2015Q3,S1A,113,ascending,T1_ntt_fdc__v1,treatment,LINEAR_POWER_GAMMA0,1.7387840747833252,307,0.8427179455757141,307
FROZEN,S1A_IW_GRDH_1SDV_20150821T102505_20150821T102534_007360_00A1CD_rtc,2015-08-21T10:25:19.952434+00:00,2015-08-21,2015Q3,S1A,113,ascending,C1_hkex_dc__v1,control,LINEAR_POWER_GAMMA0,0.24579279124736786,55,0.08617613464593887,55
FROZEN,S1A_IW_GRDH_1SDV_20150821T102505_20150821T102534_007360_00A1CD_rtc,2015-08-21T10:25:19.952434+00:00,2015-08-21,2015Q3,S1A,113,ascending,C2b_amc__v2,positive_control,LINEAR_POWER_GAMMA0,0.23046864569187164,260,0.05404644459486008,260
FROZEN,S1A_IW_GRDH_1SDV_20150821T102505_20150821T102534_007360_00A1CD_rtc,2015-08-21T10:25:19.952434+00:00,2015-08-21,2015Q3,S1A,113,ascending,P1_vacant__v1,placebo,LINEAR_POWER_GAMMA0,0.4504396915435791,93,0.055756013840436935,93
FROZEN,S1A_IW_GRDH_1SDV_20150821T102505_20150821T102534_007360_00A1CD_rtc,2015-08-21T10:25:19.952434+00:00,2015-08-21,2015Q3,S1A,113,ascending,X1_build_slab__v1,positive_control,LINEAR_POWER_GAMMA0,0.12481579929590225,67,0.03369712829589844,67
FROZEN,S1A_IW_GRDH_1SDV_20150821T102505_20150821T102534_007360_00A1CD_rtc,2015-08-21T10:25:19.952434+00:00,2015-08-21,2015Q3,S1A,113,ascending,X2_build_site__v1,positive_control,LINEAR_POWER_GAMMA0,0.17935650050640106,155,0.03931974992156029,155
FROZEN,S1A_IW_GRDH_1SDV_20150902T102505_20150902T102534_007535_00A699_rtc,2015-09-02T10:25:20.299313+00:00,2015-09-02,2015Q3,S1A,113,ascending,T1_ntt_fdc__v1,treatment,LINEAR_POWER_GAMMA0,2.0986502170562744,307,0.7951072454452515,307
FROZEN,S1A_IW_GRDH_1SDV_20150902T102505_20150902T102534_007535_00A699_rtc,2015-09-02T10:25:20.299313+00:00,2015-09-02,2015Q3,S1A,113,ascending,C1_hkex_dc__v1,control,LINEAR_POWER_GAMMA0,0.2647339105606079,55,0.0989600345492363,55
FROZEN,S1A_IW_GRDH_1SDV_20150902T102505_20150902T102534_007535_00A699_rtc,2015-09-02T10:25:20.299313+00:00,2015-09-02,2015Q3,S1A,113,ascending,C2b_amc__v2,positive_control,LINEAR_POWER_GAMMA0,0.2889975905418396,260,0.05984121561050415,260
FROZEN,S1A_IW_GRDH_1SDV_20150902T102505_20150902T102534_007535_00A699_rtc,2015-09-02T10:25:20.299313+00:00,2015-09-02,2015Q3,S1A,113,ascending,P1_vacant__v1,placebo,LINEAR_POWER_GAMMA0,0.5877169370651245,93,0.06376918405294418,93
FROZEN,S1A_IW_GRDH_1SDV_20150902T102505_20150902T102534_007535_00A699_rtc,2015-09-02T10:25:20.299313+00:00,2015-09-02,2015Q3,S1A,113,ascending,X1_build_slab__v1,positive_control,LINEAR_POWER_GAMMA0,0.17005488276481628,67,0.04942101985216141,67
FROZEN,S1A_IW_GRDH_1SDV_20150902T102505_20150902T102534_007535_00A699_rtc,2015-09-02T10:25:20.299313+00:00,2015-09-02,2015Q3,S1A,113,ascending,X2_build_site__v1,positive_control,LINEAR_POWER_GAMMA0,0.1846509575843811,155,0.049492333084344864,155
FROZEN,S1A_IW_GRDH_1SDV_20150907T103316_20150907T103351_007608_00A898_rtc,2015-09-07T10:33:33.801717+00:00,2015-09-07,2015Q3,S1A,11,ascending,T1_ntt_fdc__v1,treatment,LINEAR_POWER_GAMMA0,4.887369155883789,307,2.177990198135376,307
FROZEN,S1A_IW_GRDH_1SDV_20150907T103316_20150907T103351_007608_00A898_rtc,2015-09-07T10:33:33.801717+00:00,2015-09-07,2015Q3,S1A,11,ascending,C1_hkex_dc__v1,control,LINEAR_POWER_GAMMA0,0.7218878269195557,55,0.17117784917354584,55
FROZEN,S1A_IW_GRDH_1SDV_20150907T103316_20150907T103351_007608_00A898_rtc,2015-09-07T10:33:33.801717+00:00,2015-09-07,2015Q3,S1A,11,ascending,C2b_amc__v2,positive_control,LINEAR_POWER_GAMMA0,0.25534993410110474,260,0.0546090230345726,260
FROZEN,S1A_IW_GRDH_1SDV_20150907T103316_20150907T103351_007608_00A898_rtc,2015-09-07T10:33:33.801717+00:00,2015-09-07,2015Q3,S1A,11,ascending,P1_vacant__v1,placebo,LINEAR_POWER_GAMMA0,0.4038766920566559,93,0.08620044589042664,93
FROZEN,S1A_IW_GRDH_1SDV_20150907T103316_20150907T103351_007608_00A898_rtc,2015-09-07T10:33:33.801717+00:00,2015-09-07,2015Q3,S1A,11,ascending,X1_build_slab__v1,positive_control,LINEAR_POWER_GAMMA0,0.14541049301624298,67,0.0319284163415432,67
FROZEN,S1A_IW_GRDH_1SDV_20150907T103316_20150907T103351_007608_00A898_rtc,2015-09-07T10:33:33.801717+00:00,2015-09-07,2015Q3,S1A,11,ascending,X2_build_site__v1,positive_control,LINEAR_POWER_GAMMA0,0.1559632271528244,155,0.039960481226444244,155
FROZEN,S1A_IW_GRDH_1SDV_20150914T102506_20150914T102535_007710_00AB4B_rtc,2015-09-14T10:25:20.793137+00:00,2015-09-14,2015Q3,S1A,113,ascending,T1_ntt_fdc__v1,treatment,LINEAR_POWER_GAMMA0,1.7183432579040527,307,0.7525255084037781,307
FROZEN,S1A_IW_GRDH_1SDV_20150914T102506_20150914T102535_007710_00AB4B_rtc,2015-09-14T10:25:20.793137+00:00,2015-09-14,2015Q3,S1A,113,ascending,C1_hkex_dc__v1,control,LINEAR_POWER_GAMMA0,0.3151312470436096,55,0.10263893753290176,55
FROZEN,S1A_IW_GRDH_1SDV_20150914T102506_20150914T102535_007710_00AB4B_rtc,2015-09-14T10:25:20.793137+00:00,2015-09-14,2015Q3,S1A,113,ascending,C2b_amc__v2,positive_control,LINEAR_POWER_GAMMA0,0.24818387627601624,260,0.05225289240479469,260
FROZEN,S1A_IW_GRDH_1SDV_20150914T102506_20150914T102535_007710_00AB4B_rtc,2015-09-14T10:25:20.793137+00:00,2015-09-14,2015Q3,S1A,113,ascending,P1_vacant__v1,placebo,LINEAR_POWER_GAMMA0,0.3654975891113281,93,0.06222425028681755,93
FROZEN,S1A_IW_GRDH_1SDV_20150914T102506_20150914T102535_007710_00AB4B_rtc,2015-09-14T10:25:20.793137+00:00,2015-09-14,2015Q3,S1A,113,ascending,X1_build_slab__v1,positive_control,LINEAR_POWER_GAMMA0,0.08956221491098404,67,0.02993023954331875,67
FROZEN,S1A_IW_GRDH_1SDV_20150914T102506_20150914T102535_007710_00AB4B_rtc,2015-09-14T10:25:20.793137+00:00,2015-09-14,2015Q3,S1A,113,ascending,X2_build_site__v1,positive_control,LINEAR_POWER_GAMMA0,0.11969641596078873,155,0.03197865933179855,155
FROZEN,S1A_IW_GRDH_1SDV_20150919T103316_20150919T103345_007783_00AD3B_rtc,2015-09-19T10:33:30.881472+00:00,2015-09-19,2015Q3,S1A,11,ascending,T1_ntt_fdc__v1,treatment,LINEAR_POWER_GAMMA0,4.807376861572266,307,2.1143507957458496,307
FROZEN,S1A_IW_GRDH_1SDV_20150919T103316_20150919T103345_007783_00AD3B_rtc,2015-09-19T10:33:30.881472+00:00,2015-09-19,2015Q3,S1A,11,ascending,C1_hkex_dc__v1,control,LINEAR_POWER_GAMMA0,0.5137419104576111,55,0.1039990484714508,55
FROZEN,S1A_IW_GRDH_1SDV_20150919T103316_20150919T103345_007783_00AD3B_rtc,2015-09-19T10:33:30.881472+00:00,2015-09-19,2015Q3,S1A,11,ascending,C2b_amc__v2,positive_control,LINEAR_POWER_GAMMA0,0.25575128197669983,260,0.04368961602449417,260
FROZEN,S1A_IW_GRDH_1SDV_20150919T103316_20150919T103345_007783_00AD3B_rtc,2015-09-19T10:33:30.881472+00:00,2015-09-19,2015Q3,S1A,11,ascending,P1_vacant__v1,placebo,LINEAR_POWER_GAMMA0,0.35602453351020813,93,0.09088382124900818,93
FROZEN,S1A_IW_GRDH_1SDV_20150919T103316_20150919T103345_007783_00AD3B_rtc,2015-09-19T10:33:30.881472+00:00,2015-09-19,2015Q3,S1A,11,ascending,X1_build_slab__v1,positive_control,LINEAR_POWER_GAMMA0,0.11587037146091461,67,0.03420121222734451,67
FROZEN,S1A_IW_GRDH_1SDV_20150919T103316_20150919T103345_007783_00AD3B_rtc,2015-09-19T10:33:30.881472+00:00,2015-09-19,2015Q3,S1A,11,ascending,X2_build_site__v1,positive_control,LINEAR_POWER_GAMMA0,0.1276596635580063,155,0.035602882504463196,155
FROZEN,S1A_IW_GRDH_1SDV_20150926T102506_20150926T102535_007885_00AFF9_rtc,2015-09-26T10:25:21.139478+00:00,2015-09-26,2015Q3,S1A,113,ascending,T1_ntt_fdc__v1,treatment,LINEAR_POWER_GAMMA0,1.9697059392929077,307,0.9605693221092224,307
FROZEN,S1A_IW_GRDH_1SDV_20150926T102506_20150926T102535_007885_00AFF9_rtc,2015-09-26T10:25:21.139478+00:00,2015-09-26,2015Q3,S1A,113,ascending,C1_hkex_dc__v1,control,LINEAR_POWER_GAMMA0,0.30140793323516846,55,0.09038098901510239,55
FROZEN,S1A_IW_GRDH_1SDV_20150926T102506_20150926T102535_007885_00AFF9_rtc,2015-09-26T10:25:21.139478+00:00,2015-09-26,2015Q3,S1A,113,ascending,C2b_amc__v2,positive_control,LINEAR_POWER_GAMMA0,0.2558818459510803,260,0.05968620628118515,260
FROZEN,S1A_IW_GRDH_1SDV_20150926T102506_20150926T102535_007885_00AFF9_rtc,2015-09-26T10:25:21.139478+00:00,2015-09-26,2015Q3,S1A,113,ascending,P1_vacant__v1,placebo,LINEAR_POWER_GAMMA0,0.46568676829338074,93,0.09339004755020142,93
FROZEN,S1A_IW_GRDH_1SDV_20150926T102506_20150926T102535_007885_00AFF9_rtc,2015-09-26T10:25:21.139478+00:00,2015-09-26,2015Q3,S1A,113,ascending,X1_build_slab__v1,positive_control,LINEAR_POWER_GAMMA0,0.18086004257202148,67,0.0482902005314827,67
FROZEN,S1A_IW_GRDH_1SDV_20150926T102506_20150926T102535_007885_00AFF9_rtc,2015-09-26T10:25:21.139478+00:00,2015-09-26,2015Q3,S1A,113,ascending,X2_build_site__v1,positive_control,LINEAR_POWER_GAMMA0,0.19082574546337128,155,0.055464789271354675,155
FROZEN,S1A_IW_GRDH_1SDV_20151001T103316_20151001T103351_007958_00B1F9_rtc,2015-10-01T10:33:34.305798+00:00,2015-10-01,2015Q4,S1A,11,ascending,T1_ntt_fdc__v1,treatment,LINEAR_POWER_GAMMA0,4.596067905426025,307,2.2632837295532227,307
FROZEN,S1A_IW_GRDH_1SDV_20151001T103316_20151001T103351_007958_00B1F9_rtc,2015-10-01T10:33:34.305798+00:00,2015-10-01,2015Q4,S1A,11,ascending,C1_hkex_dc__v1,control,LINEAR_POWER_GAMMA0,0.5061292052268982,55,0.13761498034000397,55
FROZEN,S1A_IW_GRDH_1SDV_20151001T103316_20151001T103351_007958_00B1F9_rtc,2015-10-01T10:33:34.305798+00:00,2015-10-01,2015Q4,S1A,11,ascending,C2b_amc__v2,positive_control,LINEAR_POWER_GAMMA0,0.2609860599040985,260,0.056000374257564545,260
FROZEN,S1A_IW_GRDH_1SDV_20151001T103316_20151001T103351_007958_00B1F9_rtc,2015-10-01T10:33:34.305798+00:00,2015-10-01,2015Q4,S1A,11,ascending,P1_vacant__v1,placebo,LINEAR_POWER_GAMMA0,0.3828621208667755,93,0.09702616930007935,93
FROZEN,S1A_IW_GRDH_1SDV_20151001T103316_20151001T103351_007958_00B1F9_rtc,2015-10-01T10:33:34.305798+00:00,2015-10-01,2015Q4,S1A,11,ascending,X1_build_slab__v1,positive_control,LINEAR_POWER_GAMMA0,0.15331389009952545,67,0.0489879809319973,67
FROZEN,S1A_IW_GRDH_1SDV_20151001T103316_20151001T103351_007958_00B1F9_rtc,2015-10-01T10:33:34.305798+00:00,2015-10-01,2015Q4,S1A,11,ascending,X2_build_site__v1,positive_control,LINEAR_POWER_GAMMA0,0.17604108154773712,155,0.046539898961782455,155
FROZEN,S1A_IW_GRDH_1SDV_20151008T102506_20151008T102535_008060_00B4A7_rtc,2015-10-08T10:25:21.284331+00:00,2015-10-08,2015Q4,S1A,113,ascending,T1_ntt_fdc__v1,treatment,LINEAR_POWER_GAMMA0,1.8792569637298584,307,0.914873480796814,307
FROZEN,S1A_IW_GRDH_1SDV_20151008T102506_20151008T102535_008060_00B4A7_rtc,2015-10-08T10:25:21.284331+00:00,2015-10-08,2015Q4,S1A,113,ascending,C1_hkex_dc__v1,control,LINEAR_POWER_GAMMA0,0.2483244687318802,55,0.0938393697142601,55
FROZEN,S1A_IW_GRDH_1SDV_20151008T102506_20151008T102535_008060_00B4A7_rtc,2015-10-08T10:25:21.284331+00:00,2015-10-08,2015Q4,S1A,113,ascending,C2b_amc__v2,positive_control,LINEAR_POWER_GAMMA0,0.2327466607093811,260,0.057998452335596085,260
FROZEN,S1A_IW_GRDH_1SDV_20151008T102506_20151008T102535_008060_00B4A7_rtc,2015-10-08T10:25:21.284331+00:00,2015-10-08,2015Q4,S1A,113,ascending,P1_vacant__v1,placebo,LINEAR_POWER_GAMMA0,0.4423958957195282,93,0.08669747412204742,93
FROZEN,S1A_IW_GRDH_1SDV_20151008T102506_20151008T102535_008060_00B4A7_rtc,2015-10-08T10:25:21.284331+00:00,2015-10-08,2015Q4,S1A,113,ascending,X1_build_slab__v1,positive_control,LINEAR_POWER_GAMMA0,0.1486445516347885,67,0.03417976573109627,67
FROZEN,S1A_IW_GRDH_1SDV_20151008T102506_20151008T102535_008060_00B4A7_rtc,2015-10-08T10:25:21.284331+00:00,2015-10-08,2015Q4,S1A,113,ascending,X2_build_site__v1,positive_control,LINEAR_POWER_GAMMA0,0.18614496290683746,155,0.03767654672265053,155
FROZEN,S1A_IW_GRDH_1SDV_20151013T103316_20151013T103345_008133_00B69F_rtc,2015-10-13T10:33:31.368523+00:00,2015-10-13,2015Q4,S1A,11,ascending,T1_ntt_fdc__v1,treatment,LINEAR_POWER_GAMMA0,3.926622152328491,307,1.934398889541626,307
FROZEN,S1A_IW_GRDH_1SDV_20151013T103316_20151013T103345_008133_00B69F_rtc,2015-10-13T10:33:31.368523+00:00,2015-10-13,2015Q4,S1A,11,ascending,C1_hkex_dc__v1,control,LINEAR_POWER_GAMMA0,0.530525803565979,55,0.12176794558763504,55
FROZEN,S1A_IW_GRDH_1SDV_20151013T103316_20151013T103345_008133_00B69F_rtc,2015-10-13T10:33:31.368523+00:00,2015-10-13,2015Q4,S1A,11,ascending,C2b_amc__v2,positive_control,LINEAR_POWER_GAMMA0,0.191823348402977,260,0.04664641246199608,260
FROZEN,S1A_IW_GRDH_1SDV_20151013T103316_20151013T103345_008133_00B69F_rtc,2015-10-13T10:33:31.368523+00:00,2015-10-13,2015Q4,S1A,11,ascending,P1_vacant__v1,placebo,LINEAR_POWER_GAMMA0,0.3031425178050995,93,0.07942109555006027,93
FROZEN,S1A_IW_GRDH_1SDV_20151013T103316_20151013T103345_008133_00B69F_rtc,2015-10-13T10:33:31.368523+00:00,2015-10-13,2015Q4,S1A,11,ascending,X1_build_slab__v1,positive_control,LINEAR_POWER_GAMMA0,0.13229069113731384,67,0.03300613537430763,67
FROZEN,S1A_IW_GRDH_1SDV_20151013T103316_20151013T103345_008133_00B69F_rtc,2015-10-13T10:33:31.368523+00:00,2015-10-13,2015Q4,S1A,11,ascending,X2_build_site__v1,positive_control,LINEAR_POWER_GAMMA0,0.14177311956882477,155,0.035500187426805496,155
FROZEN,S1A_IW_GRDH_1SDV_20151020T102506_20151020T102535_008235_00B97C_rtc,2015-10-20T10:25:21.257179+00:00,2015-10-20,2015Q4,S1A,113,ascending,T1_ntt_fdc__v1,treatment,LINEAR_POWER_GAMMA0,1.826622724533081,307,1.0592927932739258,307
FROZEN,S1A_IW_GRDH_1SDV_20151020T102506_20151020T102535_008235_00B97C_rtc,2015-10-20T10:25:21.257179+00:00,2015-10-20,2015Q4,S1A,113,ascending,C1_hkex_dc__v1,control,LINEAR_POWER_GAMMA0,0.2711853086948395,55,0.09123362600803375,55
FROZEN,S1A_IW_GRDH_1SDV_20151020T102506_20151020T102535_008235_00B97C_rtc,2015-10-20T10:25:21.257179+00:00,2015-10-20,2015Q4,S1A,113,ascending,C2b_amc__v2,positive_control,LINEAR_POWER_GAMMA0,0.1788167655467987,260,0.053579382598400116,260
FROZEN,S1A_IW_GRDH_1SDV_20151020T102506_20151020T102535_008235_00B97C_rtc,2015-10-20T10:25:21.257179+00:00,2015-10-20,2015Q4,S1A,113,ascending,P1_vacant__v1,placebo,LINEAR_POWER_GAMMA0,0.3449086546897888,93,0.06998085975646973,93
FROZEN,S1A_IW_GRDH_1SDV_20151020T102506_20151020T102535_008235_00B97C_rtc,2015-10-20T10:25:21.257179+00:00,2015-10-20,2015Q4,S1A,113,ascending,X1_build_slab__v1,positive_control,LINEAR_POWER_GAMMA0,0.12364944070577621,67,0.029096398502588272,67
FROZEN,S1A_IW_GRDH_1SDV_20151020T102506_20151020T102535_008235_00B97C_rtc,2015-10-20T10:25:21.257179+00:00,2015-10-20,2015Q4,S1A,113,ascending,X2_build_site__v1,positive_control,LINEAR_POWER_GAMMA0,0.15784719586372375,155,0.037977226078510284,155
FROZEN,S1A_IW_GRDH_1SDV_20151101T102506_20151101T102535_008410_00BE1E_rtc,2015-11-01T10:25:21.200148+00:00,2015-11-01,2015Q4,S1A,113,ascending,T1_ntt_fdc__v1,treatment,LINEAR_POWER_GAMMA0,1.9445910453796387,307,1.0583224296569824,307
FROZEN,S1A_IW_GRDH_1SDV_20151101T102506_20151101T102535_008410_00BE1E_rtc,2015-11-01T10:25:21.200148+00:00,2015-11-01,2015Q4,S1A,113,ascending,C1_hkex_dc__v1,control,LINEAR_POWER_GAMMA0,0.2344045341014862,55,0.09169702231884003,55
FROZEN,S1A_IW_GRDH_1SDV_20151101T102506_20151101T102535_008410_00BE1E_rtc,2015-11-01T10:25:21.200148+00:00,2015-11-01,2015Q4,S1A,113,ascending,C2b_amc__v2,positive_control,LINEAR_POWER_GAMMA0,0.18599891662597656,260,0.05414232984185219,260
FROZEN,S1A_IW_GRDH_1SDV_20151101T102506_20151101T102535_008410_00BE1E_rtc,2015-11-01T10:25:21.200148+00:00,2015-11-01,2015Q4,S1A,113,ascending,P1_vacant__v1,placebo,LINEAR_POWER_GAMMA0,0.44821420311927795,93,0.0657241940498352,93
FROZEN,S1A_IW_GRDH_1SDV_20151101T102506_20151101T102535_008410_00BE1E_rtc,2015-11-01T10:25:21.200148+00:00,2015-11-01,2015Q4,S1A,113,ascending,X1_build_slab__v1,positive_control,LINEAR_POWER_GAMMA0,0.10225053876638412,67,0.028700988739728928,67
FROZEN,S1A_IW_GRDH_1SDV_20151101T102506_20151101T102535_008410_00BE1E_rtc,2015-11-01T10:25:21.200148+00:00,2015-11-01,2015Q4,S1A,113,ascending,X2_build_site__v1,positive_control,LINEAR_POWER_GAMMA0,0.12640772759914398,155,0.03658629208803177,155
FROZEN,S1A_IW_GRDH_1SDV_20151113T102500_20151113T102529_008585_00C2D0_rtc,2015-11-13T10:25:15.440686+00:00,2015-11-13,2015Q4,S1A,113,ascending,T1_ntt_fdc__v1,treatment,LINEAR_POWER_GAMMA0,3.266108512878418,307,1.3576552867889404,307
FROZEN,S1A_IW_GRDH_1SDV_20151113T102500_20151113T102529_008585_00C2D0_rtc,2015-11-13T10:25:15.440686+00:00,2015-11-13,2015Q4,S1A,113,ascending,C1_hkex_dc__v1,control,LINEAR_POWER_GAMMA0,0.30611199140548706,55,0.12013456225395203,55
FROZEN,S1A_IW_GRDH_1SDV_20151113T102500_20151113T102529_008585_00C2D0_rtc,2015-11-13T10:25:15.440686+00:00,2015-11-13,2015Q4,S1A,113,ascending,C2b_amc__v2,positive_control,LINEAR_POWER_GAMMA0,0.246017187833786,260,0.061046190559864044,260
FROZEN,S1A_IW_GRDH_1SDV_20151113T102500_20151113T102529_008585_00C2D0_rtc,2015-11-13T10:25:15.440686+00:00,2015-11-13,2015Q4,S1A,113,ascending,P1_vacant__v1,placebo,LINEAR_POWER_GAMMA0,0.5077630877494812,93,0.08252759277820587,93
FROZEN,S1A_IW_GRDH_1SDV_20151113T102500_20151113T102529_008585_00C2D0_rtc,2015-11-13T10:25:15.440686+00:00,2015-11-13,2015Q4,S1A,113,ascending,X1_build_slab__v1,positive_control,LINEAR_POWER_GAMMA0,0.15452171862125397,67,0.05331266671419144,67
FROZEN,S1A_IW_GRDH_1SDV_20151113T102500_20151113T102529_008585_00C2D0_rtc,2015-11-13T10:25:15.440686+00:00,2015-11-13,2015Q4,S1A,113,ascending,X2_build_site__v1,positive_control,LINEAR_POWER_GAMMA0,0.18573182821273804,155,0.054519664496183395,155
FROZEN,S1A_IW_GRDH_1SDV_20151125T102500_20151125T102529_008760_00C7B3_rtc,2015-11-25T10:25:15.228879+00:00,2015-11-25,2015Q4,S1A,113,ascending,T1_ntt_fdc__v1,treatment,LINEAR_POWER_GAMMA0,1.585827350616455,307,0.7557039856910706,307
FROZEN,S1A_IW_GRDH_1SDV_20151125T102500_20151125T102529_008760_00C7B3_rtc,2015-11-25T10:25:15.228879+00:00,2015-11-25,2015Q4,S1A,113,ascending,C1_hkex_dc__v1,control,LINEAR_POWER_GAMMA0,0.17767472565174103,55,0.08732564002275467,55
FROZEN,S1A_IW_GRDH_1SDV_20151125T102500_20151125T102529_008760_00C7B3_rtc,2015-11-25T10:25:15.228879+00:00,2015-11-25,2015Q4,S1A,113,ascending,C2b_amc__v2,positive_control,LINEAR_POWER_GAMMA0,0.14515161514282227,260,0.050796546041965485,260
FROZEN,S1A_IW_GRDH_1SDV_20151125T102500_20151125T102529_008760_00C7B3_rtc,2015-11-25T10:25:15.228879+00:00,2015-11-25,2015Q4,S1A,113,ascending,P1_vacant__v1,placebo,LINEAR_POWER_GAMMA0,0.20839735865592957,93,0.08078717440366745,93
FROZEN,S1A_IW_GRDH_1SDV_20151125T102500_20151125T102529_008760_00C7B3_rtc,2015-11-25T10:25:15.228879+00:00,2015-11-25,2015Q4,S1A,113,ascending,X1_build_slab__v1,positive_control,LINEAR_POWER_GAMMA0,0.06351321190595627,67,0.03640780597925186,67
FROZEN,S1A_IW_GRDH_1SDV_20151125T102500_20151125T102529_008760_00C7B3_rtc,2015-11-25T10:25:15.228879+00:00,2015-11-25,2015Q4,S1A,113,ascending,X2_build_site__v1,positive_control,LINEAR_POWER_GAMMA0,0.08980685472488403,155,0.03481169790029526,155
FROZEN,S1A_IW_GRDH_1SDV_20151207T102500_20151207T102529_008935_00CCAD_rtc,2015-12-07T10:25:15.025249+00:00,2015-12-07,2015Q4,S1A,113,ascending,T1_ntt_fdc__v1,treatment,LINEAR_POWER_GAMMA0,1.5680806636810303,307,1.0411888360977173,307
FROZEN,S1A_IW_GRDH_1SDV_20151207T102500_20151207T102529_008935_00CCAD_rtc,2015-12-07T10:25:15.025249+00:00,2015-12-07,2015Q4,S1A,113,ascending,C1_hkex_dc__v1,control,LINEAR_POWER_GAMMA0,0.3134796619415283,55,0.09624148160219193,55
FROZEN,S1A_IW_GRDH_1SDV_20151207T102500_20151207T102529_008935_00CCAD_rtc,2015-12-07T10:25:15.025249+00:00,2015-12-07,2015Q4,S1A,113,ascending,C2b_amc__v2,positive_control,LINEAR_POWER_GAMMA0,0.15683238208293915,260,0.047880250960588455,260
FROZEN,S1A_IW_GRDH_1SDV_20151207T102500_20151207T102529_008935_00CCAD_rtc,2015-12-07T10:25:15.025249+00:00,2015-12-07,2015Q4,S1A,113,ascending,P1_vacant__v1,placebo,LINEAR_POWER_GAMMA0,0.297588586807251,93,0.051638469099998474,93
FROZEN,S1A_IW_GRDH_1SDV_20151207T102500_20151207T102529_008935_00CCAD_rtc,2015-12-07T10:25:15.025249+00:00,2015-12-07,2015Q4,S1A,113,ascending,X1_build_slab__v1,positive_control,LINEAR_POWER_GAMMA0,0.09092754125595093,67,0.035751376301050186,67
FROZEN,S1A_IW_GRDH_1SDV_20151207T102500_20151207T102529_008935_00CCAD_rtc,2015-12-07T10:25:15.025249+00:00,2015-12-07,2015Q4,S1A,113,ascending,X2_build_site__v1,positive_control,LINEAR_POWER_GAMMA0,0.11071410775184631,155,0.039662204682826996,155
FROZEN,S1A_IW_GRDH_1SDV_20151212T103310_20151212T103339_009008_00CEA9_rtc,2015-12-12T10:33:24.760849+00:00,2015-12-12,2015Q4,S1A,11,ascending,T1_ntt_fdc__v1,treatment,LINEAR_POWER_GAMMA0,3.165358066558838,307,1.7977625131607056,307
FROZEN,S1A_IW_GRDH_1SDV_20151212T103310_20151212T103339_009008_00CEA9_rtc,2015-12-12T10:33:24.760849+00:00,2015-12-12,2015Q4,S1A,11,ascending,C1_hkex_dc__v1,control,LINEAR_POWER_GAMMA0,0.3474142849445343,55,0.09330115467309952,55
FROZEN,S1A_IW_GRDH_1SDV_20151212T103310_20151212T103339_009008_00CEA9_rtc,2015-12-12T10:33:24.760849+00:00,2015-12-12,2015Q4,S1A,11,ascending,C2b_amc__v2,positive_control,LINEAR_POWER_GAMMA0,0.21181263029575348,260,0.04847709834575653,260
FROZEN,S1A_IW_GRDH_1SDV_20151212T103310_20151212T103339_009008_00CEA9_rtc,2015-12-12T10:33:24.760849+00:00,2015-12-12,2015Q4,S1A,11,ascending,P1_vacant__v1,placebo,LINEAR_POWER_GAMMA0,0.4062268137931824,93,0.07924064993858337,93
FROZEN,S1A_IW_GRDH_1SDV_20151212T103310_20151212T103339_009008_00CEA9_rtc,2015-12-12T10:33:24.760849+00:00,2015-12-12,2015Q4,S1A,11,ascending,X1_build_slab__v1,positive_control,LINEAR_POWER_GAMMA0,0.10260852426290512,67,0.03040451370179653,67
FROZEN,S1A_IW_GRDH_1SDV_20151212T103310_20151212T103339_009008_00CEA9_rtc,2015-12-12T10:33:24.760849+00:00,2015-12-12,2015Q4,S1A,11,ascending,X2_build_site__v1,positive_control,LINEAR_POWER_GAMMA0,0.11276031285524368,155,0.037397004663944244,155
FROZEN,S1A_IW_GRDH_1SDV_20151219T102459_20151219T102528_009110_00D17F_rtc,2015-12-19T10:25:14.393991+00:00,2015-12-19,2015Q4,S1A,113,ascending,T1_ntt_fdc__v1,treatment,LINEAR_POWER_GAMMA0,1.3985871076583862,307,0.8412856459617615,307
FROZEN,S1A_IW_GRDH_1SDV_20151219T102459_20151219T102528_009110_00D17F_rtc,2015-12-19T10:25:14.393991+00:00,2015-12-19,2015Q4,S1A,113,ascending,C1_hkex_dc__v1,control,LINEAR_POWER_GAMMA0,0.21370995044708252,55,0.08332014828920364,55
FROZEN,S1A_IW_GRDH_1SDV_20151219T102459_20151219T102528_009110_00D17F_rtc,2015-12-19T10:25:14.393991+00:00,2015-12-19,2015Q4,S1A,113,ascending,C2b_amc__v2,positive_control,LINEAR_POWER_GAMMA0,0.14746545255184174,260,0.050535086542367935,260
FROZEN,S1A_IW_GRDH_1SDV_20151219T102459_20151219T102528_009110_00D17F_rtc,2015-12-19T10:25:14.393991+00:00,2015-12-19,2015Q4,S1A,113,ascending,P1_vacant__v1,placebo,LINEAR_POWER_GAMMA0,0.26498180627822876,93,0.04561233893036842,93
FROZEN,S1A_IW_GRDH_1SDV_20151219T102459_20151219T102528_009110_00D17F_rtc,2015-12-19T10:25:14.393991+00:00,2015-12-19,2015Q4,S1A,113,ascending,X1_build_slab__v1,positive_control,LINEAR_POWER_GAMMA0,0.07565564662218094,67,0.03722730651497841,67
FROZEN,S1A_IW_GRDH_1SDV_20151219T102459_20151219T102528_009110_00D17F_rtc,2015-12-19T10:25:14.393991+00:00,2015-12-19,2015Q4,S1A,113,ascending,X2_build_site__v1,positive_control,LINEAR_POWER_GAMMA0,0.09736540168523788,155,0.034856803715229034,155
FROZEN,S1A_IW_GRDH_1SDV_20151224T103309_20151224T103338_009183_00D39A_rtc,2015-12-24T10:33:24.122493+00:00,2015-12-24,2015Q4,S1A,11,ascending,T1_ntt_fdc__v1,treatment,LINEAR_POWER_GAMMA0,4.347536563873291,307,2.699374198913574,307
FROZEN,S1A_IW_GRDH_1SDV_20151224T103309_20151224T103338_009183_00D39A_rtc,2015-12-24T10:33:24.122493+00:00,2015-12-24,2015Q4,S1A,11,ascending,C1_hkex_dc__v1,control,LINEAR_POWER_GAMMA0,0.30768173933029175,55,0.09720935672521591,55
FROZEN,S1A_IW_GRDH_1SDV_20151224T103309_20151224T103338_009183_00D39A_rtc,2015-12-24T10:33:24.122493+00:00,2015-12-24,2015Q4,S1A,11,ascending,C2b_amc__v2,positive_control,LINEAR_POWER_GAMMA0,0.19682979583740234,260,0.04211239889264107,260
FROZEN,S1A_IW_GRDH_1SDV_20151224T103309_20151224T103338_009183_00D39A_rtc,2015-12-24T10:33:24.122493+00:00,2015-12-24,2015Q4,S1A,11,ascending,P1_vacant__v1,placebo,LINEAR_POWER_GAMMA0,0.21277813613414764,93,0.05610562488436699,93
FROZEN,S1A_IW_GRDH_1SDV_20151224T103309_20151224T103338_009183_00D39A_rtc,2015-12-24T10:33:24.122493+00:00,2015-12-24,2015Q4,S1A,11,ascending,X1_build_slab__v1,positive_control,LINEAR_POWER_GAMMA0,0.12266215682029724,67,0.03646914288401604,67
FROZEN,S1A_IW_GRDH_1SDV_20151224T103309_20151224T103338_009183_00D39A_rtc,2015-12-24T10:33:24.122493+00:00,2015-12-24,2015Q4,S1A,11,ascending,X2_build_site__v1,positive_control,LINEAR_POWER_GAMMA0,0.12135060131549835,155,0.03731301799416542,155
FROZEN,S1A_IW_GRDH_1SDV_20151231T102459_20151231T102528_009285_00D67F_rtc,2015-12-31T10:25:14.020365+00:00,2015-12-31,2015Q4,S1A,113,ascending,T1_ntt_fdc__v1,treatment,LINEAR_POWER_GAMMA0,1.1660088300704956,307,0.755578875541687,307
FROZEN,S1A_IW_GRDH_1SDV_20151231T102459_20151231T102528_009285_00D67F_rtc,2015-12-31T10:25:14.020365+00:00,2015-12-31,2015Q4,S1A,113,ascending,C1_hkex_dc__v1,control,LINEAR_POWER_GAMMA0,0.2353789210319519,55,0.07297774404287338,55
FROZEN,S1A_IW_GRDH_1SDV_20151231T102459_20151231T102528_009285_00D67F_rtc,2015-12-31T10:25:14.020365+00:00,2015-12-31,2015Q4,S1A,113,ascending,C2b_amc__v2,positive_control,LINEAR_POWER_GAMMA0,0.14791865646839142,260,0.05141756683588028,260
FROZEN,S1A_IW_GRDH_1SDV_20151231T102459_20151231T102528_009285_00D67F_rtc,2015-12-31T10:25:14.020365+00:00,2015-12-31,2015Q4,S1A,113,ascending,P1_vacant__v1,placebo,LINEAR_POWER_GAMMA0,0.30456945300102234,93,0.04281594231724739,93
FROZEN,S1A_IW_GRDH_1SDV_20151231T102459_20151231T102528_009285_00D67F_rtc,2015-12-31T10:25:14.020365+00:00,2015-12-31,2015Q4,S1A,113,ascending,X1_build_slab__v1,positive_control,LINEAR_POWER_GAMMA0,0.07883196324110031,67,0.034146636724472046,67
FROZEN,S1A_IW_GRDH_1SDV_20151231T102459_20151231T102528_009285_00D67F_rtc,2015-12-31T10:25:14.020365+00:00,2015-12-31,2015Q4,S1A,113,ascending,X2_build_site__v1,positive_control,LINEAR_POWER_GAMMA0,0.1042168140411377,155,0.03520609065890312,155
FROZEN,S1A_IW_GRDH_1SDV_20160105T103309_20160105T103344_009358_00D892_rtc,2016-01-05T10:33:26.969625+00:00,2016-01-05,2016Q1,S1A,11,ascending,T1_ntt_fdc__v1,treatment,LINEAR_POWER_GAMMA0,4.773768901824951,307,3.0140109062194824,307
FROZEN,S1A_IW_GRDH_1SDV_20160105T103309_20160105T103344_009358_00D892_rtc,2016-01-05T10:33:26.969625+00:00,2016-01-05,2016Q1,S1A,11,ascending,C1_hkex_dc__v1,control,LINEAR_POWER_GAMMA0,0.3962055444717407,55,0.11550542712211609,55
FROZEN,S1A_IW_GRDH_1SDV_20160105T103309_20160105T103344_009358_00D892_rtc,2016-01-05T10:33:26.969625+00:00,2016-01-05,2016Q1,S1A,11,ascending,C2b_amc__v2,positive_control,LINEAR_POWER_GAMMA0,0.3345223665237427,260,0.060922976583242416,260
FROZEN,S1A_IW_GRDH_1SDV_20160105T103309_20160105T103344_009358_00D892_rtc,2016-01-05T10:33:26.969625+00:00,2016-01-05,2016Q1,S1A,11,ascending,P1_vacant__v1,placebo,LINEAR_POWER_GAMMA0,0.3106197118759155,93,0.05459323525428772,93
FROZEN,S1A_IW_GRDH_1SDV_20160105T103309_20160105T103344_009358_00D892_rtc,2016-01-05T10:33:26.969625+00:00,2016-01-05,2016Q1,S1A,11,ascending,X1_build_slab__v1,positive_control,LINEAR_POWER_GAMMA0,0.15000994503498077,67,0.04261589050292969,67
FROZEN,S1A_IW_GRDH_1SDV_20160105T103309_20160105T103344_009358_00D892_rtc,2016-01-05T10:33:26.969625+00:00,2016-01-05,2016Q1,S1A,11,ascending,X2_build_site__v1,positive_control,LINEAR_POWER_GAMMA0,0.19690030813217163,155,0.05092174932360649,155
FROZEN,S1A_IW_GRDH_1SDV_20160112T102459_20160112T102528_009460_00DB7C_rtc,2016-01-12T10:25:13.516525+00:00,2016-01-12,2016Q1,S1A,113,ascending,T1_ntt_fdc__v1,treatment,LINEAR_POWER_GAMMA0,1.3966975212097168,307,0.7697980403900146,307
FROZEN,S1A_IW_GRDH_1SDV_20160112T102459_20160112T102528_009460_00DB7C_rtc,2016-01-12T10:25:13.516525+00:00,2016-01-12,2016Q1,S1A,113,ascending,C1_hkex_dc__v1,control,LINEAR_POWER_GAMMA0,0.22714126110076904,55,0.08964765071868896,55
FROZEN,S1A_IW_GRDH_1SDV_20160112T102459_20160112T102528_009460_00DB7C_rtc,2016-01-12T10:25:13.516525+00:00,2016-01-12,2016Q1,S1A,113,ascending,C2b_amc__v2,positive_control,LINEAR_POWER_GAMMA0,0.18285807967185974,260,0.053355246782302856,260
FROZEN,S1A_IW_GRDH_1SDV_20160112T102459_20160112T102528_009460_00DB7C_rtc,2016-01-12T10:25:13.516525+00:00,2016-01-12,2016Q1,S1A,113,ascending,P1_vacant__v1,placebo,LINEAR_POWER_GAMMA0,0.3148764669895172,93,0.04010092839598656,93
FROZEN,S1A_IW_GRDH_1SDV_20160112T102459_20160112T102528_009460_00DB7C_rtc,2016-01-12T10:25:13.516525+00:00,2016-01-12,2016Q1,S1A,113,ascending,X1_build_slab__v1,positive_control,LINEAR_POWER_GAMMA0,0.10588499903678894,67,0.039425261318683624,67
FROZEN,S1A_IW_GRDH_1SDV_20160112T102459_20160112T102528_009460_00DB7C_rtc,2016-01-12T10:25:13.516525+00:00,2016-01-12,2016Q1,S1A,113,ascending,X2_build_site__v1,positive_control,LINEAR_POWER_GAMMA0,0.14545542001724243,155,0.044745031744241714,155
FROZEN,S1A_IW_GRDH_1SDV_20160117T103308_20160117T103337_009533_00DD94_rtc,2016-01-17T10:33:23.440163+00:00,2016-01-17,2016Q1,S1A,11,ascending,T1_ntt_fdc__v1,treatment,LINEAR_POWER_GAMMA0,4.596724033355713,307,2.6731154918670654,307
FROZEN,S1A_IW_GRDH_1SDV_20160117T103308_20160117T103337_009533_00DD94_rtc,2016-01-17T10:33:23.440163+00:00,2016-01-17,2016Q1,S1A,11,ascending,C1_hkex_dc__v1,control,LINEAR_POWER_GAMMA0,0.3283765912055969,55,0.09692069888114929,55
FROZEN,S1A_IW_GRDH_1SDV_20160117T103308_20160117T103337_009533_00DD94_rtc,2016-01-17T10:33:23.440163+00:00,2016-01-17,2016Q1,S1A,11,ascending,C2b_amc__v2,positive_control,LINEAR_POWER_GAMMA0,0.21706092357635498,260,0.05081717669963837,260
FROZEN,S1A_IW_GRDH_1SDV_20160117T103308_20160117T103337_009533_00DD94_rtc,2016-01-17T10:33:23.440163+00:00,2016-01-17,2016Q1,S1A,11,ascending,P1_vacant__v1,placebo,LINEAR_POWER_GAMMA0,0.29952406883239746,93,0.05168909579515457,93
FROZEN,S1A_IW_GRDH_1SDV_20160117T103308_20160117T103337_009533_00DD94_rtc,2016-01-17T10:33:23.440163+00:00,2016-01-17,2016Q1,S1A,11,ascending,X1_build_slab__v1,positive_control,LINEAR_POWER_GAMMA0,0.1389654576778412,67,0.055396515876054764,67
FROZEN,S1A_IW_GRDH_1SDV_20160117T103308_20160117T103337_009533_00DD94_rtc,2016-01-17T10:33:23.440163+00:00,2016-01-17,2016Q1,S1A,11,ascending,X2_build_site__v1,positive_control,LINEAR_POWER_GAMMA0,0.16388803720474243,155,0.06685874611139297,155
FROZEN,S1A_IW_GRDH_1SDV_20160124T102458_20160124T102527_009635_00E09A_rtc,2016-01-24T10:25:13.185658+00:00,2016-01-24,2016Q1,S1A,113,ascending,T1_ntt_fdc__v1,treatment,LINEAR_POWER_GAMMA0,1.688171625137329,307,0.9561115503311157,307
FROZEN,S1A_IW_GRDH_1SDV_20160124T102458_20160124T102527_009635_00E09A_rtc,2016-01-24T10:25:13.185658+00:00,2016-01-24,2016Q1,S1A,113,ascending,C1_hkex_dc__v1,control,LINEAR_POWER_GAMMA0,0.511059582233429,55,0.08306317776441574,55
FROZEN,S1A_IW_GRDH_1SDV_20160124T102458_20160124T102527_009635_00E09A_rtc,2016-01-24T10:25:13.185658+00:00,2016-01-24,2016Q1,S1A,113,ascending,C2b_amc__v2,positive_control,LINEAR_POWER_GAMMA0,0.1649520844221115,260,0.0415278859436512,260
FROZEN,S1A_IW_GRDH_1SDV_20160124T102458_20160124T102527_009635_00E09A_rtc,2016-01-24T10:25:13.185658+00:00,2016-01-24,2016Q1,S1A,113,ascending,P1_vacant__v1,placebo,LINEAR_POWER_GAMMA0,0.4055495858192444,93,0.04527151584625244,93
FROZEN,S1A_IW_GRDH_1SDV_20160124T102458_20160124T102527_009635_00E09A_rtc,2016-01-24T10:25:13.185658+00:00,2016-01-24,2016Q1,S1A,113,ascending,X1_build_slab__v1,positive_control,LINEAR_POWER_GAMMA0,0.11728102713823318,67,0.04642023146152496,67
FROZEN,S1A_IW_GRDH_1SDV_20160124T102458_20160124T102527_009635_00E09A_rtc,2016-01-24T10:25:13.185658+00:00,2016-01-24,2016Q1,S1A,113,ascending,X2_build_site__v1,positive_control,LINEAR_POWER_GAMMA0,0.16175146400928497,155,0.04703683778643608,155
FROZEN,S1A_IW_GRDH_1SDV_20160129T103308_20160129T103343_009708_00E2BE_rtc,2016-01-29T10:33:26.058988+00:00,2016-01-29,2016Q1,S1A,11,ascending,T1_ntt_fdc__v1,treatment,LINEAR_POWER_GAMMA0,4.501047134399414,307,2.715744733810425,307
FROZEN,S1A_IW_GRDH_1SDV_20160129T103308_20160129T103343_009708_00E2BE_rtc,2016-01-29T10:33:26.058988+00:00,2016-01-29,2016Q1,S1A,11,ascending,C1_hkex_dc__v1,control,LINEAR_POWER_GAMMA0,0.4222954511642456,55,0.11850319057703018,55
FROZEN,S1A_IW_GRDH_1SDV_20160129T103308_20160129T103343_009708_00E2BE_rtc,2016-01-29T10:33:26.058988+00:00,2016-01-29,2016Q1,S1A,11,ascending,C2b_amc__v2,positive_control,LINEAR_POWER_GAMMA0,0.4167647063732147,260,0.0560629777610302,260
FROZEN,S1A_IW_GRDH_1SDV_20160129T103308_20160129T103343_009708_00E2BE_rtc,2016-01-29T10:33:26.058988+00:00,2016-01-29,2016Q1,S1A,11,ascending,P1_vacant__v1,placebo,LINEAR_POWER_GAMMA0,0.270439088344574,93,0.0620276965200901,93
FROZEN,S1A_IW_GRDH_1SDV_20160129T103308_20160129T103343_009708_00E2BE_rtc,2016-01-29T10:33:26.058988+00:00,2016-01-29,2016Q1,S1A,11,ascending,X1_build_slab__v1,positive_control,LINEAR_POWER_GAMMA0,0.1449008584022522,67,0.04967832565307617,67
FROZEN,S1A_IW_GRDH_1SDV_20160129T103308_20160129T103343_009708_00E2BE_rtc,2016-01-29T10:33:26.058988+00:00,2016-01-29,2016Q1,S1A,11,ascending,X2_build_site__v1,positive_control,LINEAR_POWER_GAMMA0,0.20885047316551208,155,0.05792059004306793,155
FROZEN,S1A_IW_GRDH_1SDV_20160205T102458_20160205T102527_009810_00E5A8_rtc,2016-02-05T10:25:13.088958+00:00,2016-02-05,2016Q1,S1A,113,ascending,T1_ntt_fdc__v1,treatment,LINEAR_POWER_GAMMA0,1.3558063507080078,307,0.866594672203064,307
FROZEN,S1A_IW_GRDH_1SDV_20160205T102458_20160205T102527_009810_00E5A8_rtc,2016-02-05T10:25:13.088958+00:00,2016-02-05,2016Q1,S1A,113,ascending,C1_hkex_dc__v1,control,LINEAR_POWER_GAMMA0,0.27918362617492676,55,0.0840231403708458,55
FROZEN,S1A_IW_GRDH_1SDV_20160205T102458_20160205T102527_009810_00E5A8_rtc,2016-02-05T10:25:13.088958+00:00,2016-02-05,2016Q1,S1A,113,ascending,C2b_amc__v2,positive_control,LINEAR_POWER_GAMMA0,0.1626562625169754,260,0.053230591118335724,260
FROZEN,S1A_IW_GRDH_1SDV_20160205T102458_20160205T102527_009810_00E5A8_rtc,2016-02-05T10:25:13.088958+00:00,2016-02-05,2016Q1,S1A,113,ascending,P1_vacant__v1,placebo,LINEAR_POWER_GAMMA0,0.24115072190761566,93,0.04293722286820412,93
FROZEN,S1A_IW_GRDH_1SDV_20160205T102458_20160205T102527_009810_00E5A8_rtc,2016-02-05T10:25:13.088958+00:00,2016-02-05,2016Q1,S1A,113,ascending,X1_build_slab__v1,positive_control,LINEAR_POWER_GAMMA0,0.10449366271495819,67,0.03455434367060661,67
FROZEN,S1A_IW_GRDH_1SDV_20160205T102458_20160205T102527_009810_00E5A8_rtc,2016-02-05T10:25:13.088958+00:00,2016-02-05,2016Q1,S1A,113,ascending,X2_build_site__v1,positive_control,LINEAR_POWER_GAMMA0,0.13278456032276154,155,0.04368048533797264,155
FROZEN,S1A_IW_GRDH_1SDV_20160210T103308_20160210T103337_009883_00E7C2_rtc,2016-02-10T10:33:22.676000+00:00,2016-02-10,2016Q1,S1A,11,ascending,T1_ntt_fdc__v1,treatment,LINEAR_POWER_GAMMA0,4.068759441375732,307,2.604609966278076,307
FROZEN,S1A_IW_GRDH_1SDV_20160210T103308_20160210T103337_009883_00E7C2_rtc,2016-02-10T10:33:22.676000+00:00,2016-02-10,2016Q1,S1A,11,ascending,C1_hkex_dc__v1,control,LINEAR_POWER_GAMMA0,0.4298554062843323,55,0.12038664519786835,55
FROZEN,S1A_IW_GRDH_1SDV_20160210T103308_20160210T103337_009883_00E7C2_rtc,2016-02-10T10:33:22.676000+00:00,2016-02-10,2016Q1,S1A,11,ascending,C2b_amc__v2,positive_control,LINEAR_POWER_GAMMA0,0.42397749423980713,260,0.05018814653158188,260
FROZEN,S1A_IW_GRDH_1SDV_20160210T103308_20160210T103337_009883_00E7C2_rtc,2016-02-10T10:33:22.676000+00:00,2016-02-10,2016Q1,S1A,11,ascending,P1_vacant__v1,placebo,LINEAR_POWER_GAMMA0,0.2099546641111374,93,0.0517757274210453,93
FROZEN,S1A_IW_GRDH_1SDV_20160210T103308_20160210T103337_009883_00E7C2_rtc,2016-02-10T10:33:22.676000+00:00,2016-02-10,2016Q1,S1A,11,ascending,X1_build_slab__v1,positive_control,LINEAR_POWER_GAMMA0,0.1503268927335739,67,0.04482639208436012,67
FROZEN,S1A_IW_GRDH_1SDV_20160210T103308_20160210T103337_009883_00E7C2_rtc,2016-02-10T10:33:22.676000+00:00,2016-02-10,2016Q1,S1A,11,ascending,X2_build_site__v1,positive_control,LINEAR_POWER_GAMMA0,0.17519979178905487,155,0.05413813889026642,155
FROZEN,S1A_IW_GRDH_1SDV_20160217T102458_20160217T102527_009985_00EACC_rtc,2016-02-17T10:25:12.866909+00:00,2016-02-17,2016Q1,S1A,113,ascending,T1_ntt_fdc__v1,treatment,LINEAR_POWER_GAMMA0,1.453595757484436,307,0.8880276083946228,307
FROZEN,S1A_IW_GRDH_1SDV_20160217T102458_20160217T102527_009985_00EACC_rtc,2016-02-17T10:25:12.866909+00:00,2016-02-17,2016Q1,S1A,113,ascending,C1_hkex_dc__v1,control,LINEAR_POWER_GAMMA0,0.2945463955402374,55,0.0854361429810524,55
FROZEN,S1A_IW_GRDH_1SDV_20160217T102458_20160217T102527_009985_00EACC_rtc,2016-02-17T10:25:12.866909+00:00,2016-02-17,2016Q1,S1A,113,ascending,C2b_amc__v2,positive_control,LINEAR_POWER_GAMMA0,0.15136514604091644,260,0.04925695061683655,260
FROZEN,S1A_IW_GRDH_1SDV_20160217T102458_20160217T102527_009985_00EACC_rtc,2016-02-17T10:25:12.866909+00:00,2016-02-17,2016Q1,S1A,113,ascending,P1_vacant__v1,placebo,LINEAR_POWER_GAMMA0,0.22356443107128143,93,0.03671565279364586,93
FROZEN,S1A_IW_GRDH_1SDV_20160217T102458_20160217T102527_009985_00EACC_rtc,2016-02-17T10:25:12.866909+00:00,2016-02-17,2016Q1,S1A,113,ascending,X1_build_slab__v1,positive_control,LINEAR_POWER_GAMMA0,0.10821028798818588,67,0.03110019862651825,67
FROZEN,S1A_IW_GRDH_1SDV_20160217T102458_20160217T102527_009985_00EACC_rtc,2016-02-17T10:25:12.866909+00:00,2016-02-17,2016Q1,S1A,113,ascending,X2_build_site__v1,positive_control,LINEAR_POWER_GAMMA0,0.13335365056991577,155,0.039670608937740326,155
FROZEN,S1A_IW_GRDH_1SDV_20160312T102458_20160312T102527_010335_00F4DB_rtc,2016-03-12T10:25:12.960849+00:00,2016-03-12,2016Q1,S1A,113,ascending,T1_ntt_fdc__v1,treatment,LINEAR_POWER_GAMMA0,1.1964597702026367,307,0.7851068377494812,307
FROZEN,S1A_IW_GRDH_1SDV_20160312T102458_20160312T102527_010335_00F4DB_rtc,2016-03-12T10:25:12.960849+00:00,2016-03-12,2016Q1,S1A,113,ascending,C1_hkex_dc__v1,control,LINEAR_POWER_GAMMA0,0.24885089695453644,55,0.09927016496658325,55
FROZEN,S1A_IW_GRDH_1SDV_20160312T102458_20160312T102527_010335_00F4DB_rtc,2016-03-12T10:25:12.960849+00:00,2016-03-12,2016Q1,S1A,113,ascending,C2b_amc__v2,positive_control,LINEAR_POWER_GAMMA0,0.18091431260108948,260,0.04652605205774307,260
FROZEN,S1A_IW_GRDH_1SDV_20160312T102458_20160312T102527_010335_00F4DB_rtc,2016-03-12T10:25:12.960849+00:00,2016-03-12,2016Q1,S1A,113,ascending,P1_vacant__v1,placebo,LINEAR_POWER_GAMMA0,0.3344193994998932,93,0.051210228353738785,93
FROZEN,S1A_IW_GRDH_1SDV_20160312T102458_20160312T102527_010335_00F4DB_rtc,2016-03-12T10:25:12.960849+00:00,2016-03-12,2016Q1,S1A,113,ascending,X1_build_slab__v1,positive_control,LINEAR_POWER_GAMMA0,0.13439150154590607,67,0.05415308475494385,67
FROZEN,S1A_IW_GRDH_1SDV_20160312T102458_20160312T102527_010335_00F4DB_rtc,2016-03-12T10:25:12.960849+00:00,2016-03-12,2016Q1,S1A,113,ascending,X2_build_site__v1,positive_control,LINEAR_POWER_GAMMA0,0.2663673758506775,155,0.05501343682408333,155
FROZEN,S1A_IW_GRDH_1SDV_20160324T102458_20160324T102527_010510_00F9BF_rtc,2016-03-24T10:25:13.316817+00:00,2016-03-24,2016Q1,S1A,113,ascending,T1_ntt_fdc__v1,treatment,LINEAR_POWER_GAMMA0,2.3139262199401855,307,1.235695242881775,307
FROZEN,S1A_IW_GRDH_1SDV_20160324T102458_20160324T102527_010510_00F9BF_rtc,2016-03-24T10:25:13.316817+00:00,2016-03-24,2016Q1,S1A,113,ascending,C1_hkex_dc__v1,control,LINEAR_POWER_GAMMA0,0.41257908940315247,55,0.13078807294368744,55
FROZEN,S1A_IW_GRDH_1SDV_20160324T102458_20160324T102527_010510_00F9BF_rtc,2016-03-24T10:25:13.316817+00:00,2016-03-24,2016Q1,S1A,113,ascending,C2b_amc__v2,positive_control,LINEAR_POWER_GAMMA0,0.2904520034790039,260,0.06463407725095749,260
FROZEN,S1A_IW_GRDH_1SDV_20160324T102458_20160324T102527_010510_00F9BF_rtc,2016-03-24T10:25:13.316817+00:00,2016-03-24,2016Q1,S1A,113,ascending,P1_vacant__v1,placebo,LINEAR_POWER_GAMMA0,0.6769576072692871,93,0.06312023848295212,93
FROZEN,S1A_IW_GRDH_1SDV_20160324T102458_20160324T102527_010510_00F9BF_rtc,2016-03-24T10:25:13.316817+00:00,2016-03-24,2016Q1,S1A,113,ascending,X1_build_slab__v1,positive_control,LINEAR_POWER_GAMMA0,0.25263816118240356,67,0.06333717703819275,67
FROZEN,S1A_IW_GRDH_1SDV_20160324T102458_20160324T102527_010510_00F9BF_rtc,2016-03-24T10:25:13.316817+00:00,2016-03-24,2016Q1,S1A,113,ascending,X2_build_site__v1,positive_control,LINEAR_POWER_GAMMA0,0.3169870376586914,155,0.06997248530387878,155
FROZEN,S1A_IW_GRDH_1SDV_20160329T103308_20160329T103338_010583_00FBDA_rtc,2016-03-29T10:33:23.503065+00:00,2016-03-29,2016Q1,S1A,11,ascending,T1_ntt_fdc__v1,treatment,LINEAR_POWER_GAMMA0,4.543507099151611,307,2.6015777587890625,307
FROZEN,S1A_IW_GRDH_1SDV_20160329T103308_20160329T103338_010583_00FBDA_rtc,2016-03-29T10:33:23.503065+00:00,2016-03-29,2016Q1,S1A,11,ascending,C1_hkex_dc__v1,control,LINEAR_POWER_GAMMA0,0.4746513068675995,55,0.11911137402057648,55
FROZEN,S1A_IW_GRDH_1SDV_20160329T103308_20160329T103338_010583_00FBDA_rtc,2016-03-29T10:33:23.503065+00:00,2016-03-29,2016Q1,S1A,11,ascending,C2b_amc__v2,positive_control,LINEAR_POWER_GAMMA0,0.3774796724319458,260,0.050925709307193756,260
FROZEN,S1A_IW_GRDH_1SDV_20160329T103308_20160329T103338_010583_00FBDA_rtc,2016-03-29T10:33:23.503065+00:00,2016-03-29,2016Q1,S1A,11,ascending,P1_vacant__v1,placebo,LINEAR_POWER_GAMMA0,0.2171088606119156,93,0.06547321379184723,93
FROZEN,S1A_IW_GRDH_1SDV_20160329T103308_20160329T103338_010583_00FBDA_rtc,2016-03-29T10:33:23.503065+00:00,2016-03-29,2016Q1,S1A,11,ascending,X1_build_slab__v1,positive_control,LINEAR_POWER_GAMMA0,0.25071629881858826,67,0.05693638324737549,67
FROZEN,S1A_IW_GRDH_1SDV_20160329T103308_20160329T103338_010583_00FBDA_rtc,2016-03-29T10:33:23.503065+00:00,2016-03-29,2016Q1,S1A,11,ascending,X2_build_site__v1,positive_control,LINEAR_POWER_GAMMA0,0.21883894503116608,155,0.06037532538175583,155
FROZEN,S1A_IW_GRDH_1SDV_20160405T102459_20160405T102528_010685_00FED5_rtc,2016-04-05T10:25:13.748404+00:00,2016-04-05,2016Q2,S1A,113,ascending,T1_ntt_fdc__v1,treatment,LINEAR_POWER_GAMMA0,1.4557846784591675,307,0.8701614141464233,307
FROZEN,S1A_IW_GRDH_1SDV_20160405T102459_20160405T102528_010685_00FED5_rtc,2016-04-05T10:25:13.748404+00:00,2016-04-05,2016Q2,S1A,113,ascending,C1_hkex_dc__v1,control,LINEAR_POWER_GAMMA0,0.313374400138855,55,0.10050584375858307,55
FROZEN,S1A_IW_GRDH_1SDV_20160405T102459_20160405T102528_010685_00FED5_rtc,2016-04-05T10:25:13.748404+00:00,2016-04-05,2016Q2,S1A,113,ascending,C2b_amc__v2,positive_control,LINEAR_POWER_GAMMA0,0.18942756950855255,260,0.05418700352311134,260
FROZEN,S1A_IW_GRDH_1SDV_20160405T102459_20160405T102528_010685_00FED5_rtc,2016-04-05T10:25:13.748404+00:00,2016-04-05,2016Q2,S1A,113,ascending,P1_vacant__v1,placebo,LINEAR_POWER_GAMMA0,0.4401117265224457,93,0.04556896910071373,93
FROZEN,S1A_IW_GRDH_1SDV_20160405T102459_20160405T102528_010685_00FED5_rtc,2016-04-05T10:25:13.748404+00:00,2016-04-05,2016Q2,S1A,113,ascending,X1_build_slab__v1,positive_control,LINEAR_POWER_GAMMA0,0.8284547328948975,67,0.061179276555776596,67
FROZEN,S1A_IW_GRDH_1SDV_20160405T102459_20160405T102528_010685_00FED5_rtc,2016-04-05T10:25:13.748404+00:00,2016-04-05,2016Q2,S1A,113,ascending,X2_build_site__v1,positive_control,LINEAR_POWER_GAMMA0,0.6199579834938049,155,0.06096852943301201,155
FROZEN,S1A_IW_GRDH_1SDV_20160422T103309_20160422T103338_010933_010659_rtc,2016-04-22T10:33:24.356484+00:00,2016-04-22,2016Q2,S1A,11,ascending,T1_ntt_fdc__v1,treatment,LINEAR_POWER_GAMMA0,4.599340438842773,307,2.9768502712249756,307
FROZEN,S1A_IW_GRDH_1SDV_20160422T103309_20160422T103338_010933_010659_rtc,2016-04-22T10:33:24.356484+00:00,2016-04-22,2016Q2,S1A,11,ascending,C1_hkex_dc__v1,control,LINEAR_POWER_GAMMA0,0.42666029930114746,55,0.11343967169523239,55
FROZEN,S1A_IW_GRDH_1SDV_20160422T103309_20160422T103338_010933_010659_rtc,2016-04-22T10:33:24.356484+00:00,2016-04-22,2016Q2,S1A,11,ascending,C2b_amc__v2,positive_control,LINEAR_POWER_GAMMA0,0.39563828706741333,260,0.060516100376844406,260
FROZEN,S1A_IW_GRDH_1SDV_20160422T103309_20160422T103338_010933_010659_rtc,2016-04-22T10:33:24.356484+00:00,2016-04-22,2016Q2,S1A,11,ascending,P1_vacant__v1,placebo,LINEAR_POWER_GAMMA0,0.3151412606239319,93,0.07570108026266098,93
FROZEN,S1A_IW_GRDH_1SDV_20160422T103309_20160422T103338_010933_010659_rtc,2016-04-22T10:33:24.356484+00:00,2016-04-22,2016Q2,S1A,11,ascending,X1_build_slab__v1,positive_control,LINEAR_POWER_GAMMA0,0.3514659106731415,67,0.08917899429798126,67
FROZEN,S1A_IW_GRDH_1SDV_20160422T103309_20160422T103338_010933_010659_rtc,2016-04-22T10:33:24.356484+00:00,2016-04-22,2016Q2,S1A,11,ascending,X2_build_site__v1,positive_control,LINEAR_POWER_GAMMA0,0.3490210175514221,155,0.08444923907518387,155
FROZEN,S1A_IW_GRDH_1SDV_20160429T102500_20160429T102529_011035_01098C_rtc,2016-04-29T10:25:14.735980+00:00,2016-04-29,2016Q2,S1A,113,ascending,T1_ntt_fdc__v1,treatment,LINEAR_POWER_GAMMA0,1.4145269393920898,307,0.8533698916435242,307
FROZEN,S1A_IW_GRDH_1SDV_20160429T102500_20160429T102529_011035_01098C_rtc,2016-04-29T10:25:14.735980+00:00,2016-04-29,2016Q2,S1A,113,ascending,C1_hkex_dc__v1,control,LINEAR_POWER_GAMMA0,0.23555795848369598,55,0.10408182442188263,55
FROZEN,S1A_IW_GRDH_1SDV_20160429T102500_20160429T102529_011035_01098C_rtc,2016-04-29T10:25:14.735980+00:00,2016-04-29,2016Q2,S1A,113,ascending,C2b_amc__v2,positive_control,LINEAR_POWER_GAMMA0,0.1877882480621338,260,0.05626105144619942,260
FROZEN,S1A_IW_GRDH_1SDV_20160429T102500_20160429T102529_011035_01098C_rtc,2016-04-29T10:25:14.735980+00:00,2016-04-29,2016Q2,S1A,113,ascending,P1_vacant__v1,placebo,LINEAR_POWER_GAMMA0,0.47786420583724976,93,0.03981158882379532,93
FROZEN,S1A_IW_GRDH_1SDV_20160429T102500_20160429T102529_011035_01098C_rtc,2016-04-29T10:25:14.735980+00:00,2016-04-29,2016Q2,S1A,113,ascending,X1_build_slab__v1,positive_control,LINEAR_POWER_GAMMA0,0.8582643270492554,67,0.05368373915553093,67
FROZEN,S1A_IW_GRDH_1SDV_20160429T102500_20160429T102529_011035_01098C_rtc,2016-04-29T10:25:14.735980+00:00,2016-04-29,2016Q2,S1A,113,ascending,X2_build_site__v1,positive_control,LINEAR_POWER_GAMMA0,0.618218183517456,155,0.0641651302576065,155
FROZEN,S1A_IW_GRDH_1SDV_20160504T103310_20160504T103339_011108_010BD3_rtc,2016-05-04T10:33:24.870797+00:00,2016-05-04,2016Q2,S1A,11,ascending,T1_ntt_fdc__v1,treatment,LINEAR_POWER_GAMMA0,4.074342250823975,307,2.7189648151397705,307
FROZEN,S1A_IW_GRDH_1SDV_20160504T103310_20160504T103339_011108_010BD3_rtc,2016-05-04T10:33:24.870797+00:00,2016-05-04,2016Q2,S1A,11,ascending,C1_hkex_dc__v1,control,LINEAR_POWER_GAMMA0,0.6335310935974121,55,0.116276815533638,55
FROZEN,S1A_IW_GRDH_1SDV_20160504T103310_20160504T103339_011108_010BD3_rtc,2016-05-04T10:33:24.870797+00:00,2016-05-04,2016Q2,S1A,11,ascending,C2b_amc__v2,positive_control,LINEAR_POWER_GAMMA0,0.3402796983718872,260,0.047476157546043396,260
FROZEN,S1A_IW_GRDH_1SDV_20160504T103310_20160504T103339_011108_010BD3_rtc,2016-05-04T10:33:24.870797+00:00,2016-05-04,2016Q2,S1A,11,ascending,P1_vacant__v1,placebo,LINEAR_POWER_GAMMA0,0.24871176481246948,93,0.0690111294388771,93
FROZEN,S1A_IW_GRDH_1SDV_20160504T103310_20160504T103339_011108_010BD3_rtc,2016-05-04T10:33:24.870797+00:00,2016-05-04,2016Q2,S1A,11,ascending,X1_build_slab__v1,positive_control,LINEAR_POWER_GAMMA0,0.29517319798469543,67,0.06149238720536232,67
FROZEN,S1A_IW_GRDH_1SDV_20160504T103310_20160504T103339_011108_010BD3_rtc,2016-05-04T10:33:24.870797+00:00,2016-05-04,2016Q2,S1A,11,ascending,X2_build_site__v1,positive_control,LINEAR_POWER_GAMMA0,0.272500216960907,155,0.05977087840437889,155
FROZEN,S1A_IW_GRDH_1SDV_20160511T102500_20160511T102530_011210_010F14_rtc,2016-05-11T10:25:15.505344+00:00,2016-05-11,2016Q2,S1A,113,ascending,T1_ntt_fdc__v1,treatment,LINEAR_POWER_GAMMA0,1.5079386234283447,307,0.9397283792495728,307
FROZEN,S1A_IW_GRDH_1SDV_20160511T102500_20160511T102530_011210_010F14_rtc,2016-05-11T10:25:15.505344+00:00,2016-05-11,2016Q2,S1A,113,ascending,C1_hkex_dc__v1,control,LINEAR_POWER_GAMMA0,0.21138402819633484,55,0.06667736917734146,55
FROZEN,S1A_IW_GRDH_1SDV_20160511T102500_20160511T102530_011210_010F14_rtc,2016-05-11T10:25:15.505344+00:00,2016-05-11,2016Q2,S1A,113,ascending,C2b_amc__v2,positive_control,LINEAR_POWER_GAMMA0,0.1651282161474228,260,0.051856957376003265,260
FROZEN,S1A_IW_GRDH_1SDV_20160511T102500_20160511T102530_011210_010F14_rtc,2016-05-11T10:25:15.505344+00:00,2016-05-11,2016Q2,S1A,113,ascending,P1_vacant__v1,placebo,LINEAR_POWER_GAMMA0,0.3824244737625122,93,0.04122709482908249,93
FROZEN,S1A_IW_GRDH_1SDV_20160511T102500_20160511T102530_011210_010F14_rtc,2016-05-11T10:25:15.505344+00:00,2016-05-11,2016Q2,S1A,113,ascending,X1_build_slab__v1,positive_control,LINEAR_POWER_GAMMA0,1.504807949066162,67,0.058744098991155624,67
FROZEN,S1A_IW_GRDH_1SDV_20160511T102500_20160511T102530_011210_010F14_rtc,2016-05-11T10:25:15.505344+00:00,2016-05-11,2016Q2,S1A,113,ascending,X2_build_site__v1,positive_control,LINEAR_POWER_GAMMA0,1.0404236316680908,155,0.06215542182326317,155
FROZEN,S1A_IW_GRDH_1SDV_20160516T103313_20160516T103342_011283_011177_rtc,2016-05-16T10:33:28.416055+00:00,2016-05-16,2016Q2,S1A,11,ascending,T1_ntt_fdc__v1,treatment,LINEAR_POWER_GAMMA0,3.7615227699279785,307,2.429943084716797,307
FROZEN,S1A_IW_GRDH_1SDV_20160516T103313_20160516T103342_011283_011177_rtc,2016-05-16T10:33:28.416055+00:00,2016-05-16,2016Q2,S1A,11,ascending,C1_hkex_dc__v1,control,LINEAR_POWER_GAMMA0,0.3534836173057556,55,0.10610722005367279,55
FROZEN,S1A_IW_GRDH_1SDV_20160516T103313_20160516T103342_011283_011177_rtc,2016-05-16T10:33:28.416055+00:00,2016-05-16,2016Q2,S1A,11,ascending,C2b_amc__v2,positive_control,LINEAR_POWER_GAMMA0,0.4295910894870758,260,0.049937762320041656,260
FROZEN,S1A_IW_GRDH_1SDV_20160516T103313_20160516T103342_011283_011177_rtc,2016-05-16T10:33:28.416055+00:00,2016-05-16,2016Q2,S1A,11,ascending,P1_vacant__v1,placebo,LINEAR_POWER_GAMMA0,0.20265966653823853,93,0.06208032742142677,93
FROZEN,S1A_IW_GRDH_1SDV_20160516T103313_20160516T103342_011283_011177_rtc,2016-05-16T10:33:28.416055+00:00,2016-05-16,2016Q2,S1A,11,ascending,X1_build_slab__v1,positive_control,LINEAR_POWER_GAMMA0,0.3830130994319916,67,0.05363619327545166,67
FROZEN,S1A_IW_GRDH_1SDV_20160516T103313_20160516T103342_011283_011177_rtc,2016-05-16T10:33:28.416055+00:00,2016-05-16,2016Q2,S1A,11,ascending,X2_build_site__v1,positive_control,LINEAR_POWER_GAMMA0,0.322719544172287,155,0.06200166419148445,155
FROZEN,S1A_IW_GRDH_1SDV_20160523T102501_20160523T102530_011385_0114CC_rtc,2016-05-23T10:25:15.997283+00:00,2016-05-23,2016Q2,S1A,113,ascending,T1_ntt_fdc__v1,treatment,LINEAR_POWER_GAMMA0,1.7308766841888428,307,0.898594856262207,307
FROZEN,S1A_IW_GRDH_1SDV_20160523T102501_20160523T102530_011385_0114CC_rtc,2016-05-23T10:25:15.997283+00:00,2016-05-23,2016Q2,S1A,113,ascending,C1_hkex_dc__v1,control,LINEAR_POWER_GAMMA0,0.21389520168304443,55,0.09490951895713806,55
FROZEN,S1A_IW_GRDH_1SDV_20160523T102501_20160523T102530_011385_0114CC_rtc,2016-05-23T10:25:15.997283+00:00,2016-05-23,2016Q2,S1A,113,ascending,C2b_amc__v2,positive_control,LINEAR_POWER_GAMMA0,0.18660293519496918,260,0.0556483119726181,260
FROZEN,S1A_IW_GRDH_1SDV_20160523T102501_20160523T102530_011385_0114CC_rtc,2016-05-23T10:25:15.997283+00:00,2016-05-23,2016Q2,S1A,113,ascending,P1_vacant__v1,placebo,LINEAR_POWER_GAMMA0,0.35435745120048523,93,0.0595780648291111,93
FROZEN,S1A_IW_GRDH_1SDV_20160523T102501_20160523T102530_011385_0114CC_rtc,2016-05-23T10:25:15.997283+00:00,2016-05-23,2016Q2,S1A,113,ascending,X1_build_slab__v1,positive_control,LINEAR_POWER_GAMMA0,0.9940293431282043,67,0.059958815574645996,67
FROZEN,S1A_IW_GRDH_1SDV_20160523T102501_20160523T102530_011385_0114CC_rtc,2016-05-23T10:25:15.997283+00:00,2016-05-23,2016Q2,S1A,113,ascending,X2_build_site__v1,positive_control,LINEAR_POWER_GAMMA0,0.6563330292701721,155,0.06629195809364319,155
FROZEN,S1A_IW_GRDH_1SDV_20160528T103314_20160528T103343_011458_011737_rtc,2016-05-28T10:33:29.052082+00:00,2016-05-28,2016Q2,S1A,11,ascending,T1_ntt_fdc__v1,treatment,LINEAR_POWER_GAMMA0,4.803525447845459,307,2.6742289066314697,307
FROZEN,S1A_IW_GRDH_1SDV_20160528T103314_20160528T103343_011458_011737_rtc,2016-05-28T10:33:29.052082+00:00,2016-05-28,2016Q2,S1A,11,ascending,C1_hkex_dc__v1,control,LINEAR_POWER_GAMMA0,0.46282994747161865,55,0.13466033339500427,55
FROZEN,S1A_IW_GRDH_1SDV_20160528T103314_20160528T103343_011458_011737_rtc,2016-05-28T10:33:29.052082+00:00,2016-05-28,2016Q2,S1A,11,ascending,C2b_amc__v2,positive_control,LINEAR_POWER_GAMMA0,0.43048205971717834,260,0.07658789306879044,260
FROZEN,S1A_IW_GRDH_1SDV_20160528T103314_20160528T103343_011458_011737_rtc,2016-05-28T10:33:29.052082+00:00,2016-05-28,2016Q2,S1A,11,ascending,P1_vacant__v1,placebo,LINEAR_POWER_GAMMA0,0.341442734003067,93,0.08524959534406662,93
FROZEN,S1A_IW_GRDH_1SDV_20160528T103314_20160528T103343_011458_011737_rtc,2016-05-28T10:33:29.052082+00:00,2016-05-28,2016Q2,S1A,11,ascending,X1_build_slab__v1,positive_control,LINEAR_POWER_GAMMA0,0.3993569612503052,67,0.08156149089336395,67
FROZEN,S1A_IW_GRDH_1SDV_20160528T103314_20160528T103343_011458_011737_rtc,2016-05-28T10:33:29.052082+00:00,2016-05-28,2016Q2,S1A,11,ascending,X2_build_site__v1,positive_control,LINEAR_POWER_GAMMA0,0.5156360268592834,155,0.08343268930912018,155
FROZEN,S1A_IW_GRDH_1SDV_20160609T103315_20160609T103344_011633_011CB0_rtc,2016-06-09T10:33:29.750988+00:00,2016-06-09,2016Q2,S1A,11,ascending,T1_ntt_fdc__v1,treatment,LINEAR_POWER_GAMMA0,3.8986666202545166,307,2.5180702209472656,307
FROZEN,S1A_IW_GRDH_1SDV_20160609T103315_20160609T103344_011633_011CB0_rtc,2016-06-09T10:33:29.750988+00:00,2016-06-09,2016Q2,S1A,11,ascending,C1_hkex_dc__v1,control,LINEAR_POWER_GAMMA0,0.35478511452674866,55,0.08893299847841263,55
FROZEN,S1A_IW_GRDH_1SDV_20160609T103315_20160609T103344_011633_011CB0_rtc,2016-06-09T10:33:29.750988+00:00,2016-06-09,2016Q2,S1A,11,ascending,C2b_amc__v2,positive_control,LINEAR_POWER_GAMMA0,0.46825656294822693,260,0.05000194162130356,260
FROZEN,S1A_IW_GRDH_1SDV_20160609T103315_20160609T103344_011633_011CB0_rtc,2016-06-09T10:33:29.750988+00:00,2016-06-09,2016Q2,S1A,11,ascending,P1_vacant__v1,placebo,LINEAR_POWER_GAMMA0,0.24450474977493286,93,0.07780084758996964,93
FROZEN,S1A_IW_GRDH_1SDV_20160609T103315_20160609T103344_011633_011CB0_rtc,2016-06-09T10:33:29.750988+00:00,2016-06-09,2016Q2,S1A,11,ascending,X1_build_slab__v1,positive_control,LINEAR_POWER_GAMMA0,0.33088141679763794,67,0.07074185460805893,67
FROZEN,S1A_IW_GRDH_1SDV_20160609T103315_20160609T103344_011633_011CB0_rtc,2016-06-09T10:33:29.750988+00:00,2016-06-09,2016Q2,S1A,11,ascending,X2_build_site__v1,positive_control,LINEAR_POWER_GAMMA0,0.35750439763069153,155,0.07936444133520126,155
FROZEN,S1A_IW_GRDH_1SDV_20160703T103316_20160703T103345_011983_0127C5_rtc,2016-07-03T10:33:31.203678+00:00,2016-07-03,2016Q3,S1A,11,ascending,T1_ntt_fdc__v1,treatment,LINEAR_POWER_GAMMA0,3.6917152404785156,307,2.4484000205993652,307
FROZEN,S1A_IW_GRDH_1SDV_20160703T103316_20160703T103345_011983_0127C5_rtc,2016-07-03T10:33:31.203678+00:00,2016-07-03,2016Q3,S1A,11,ascending,C1_hkex_dc__v1,control,LINEAR_POWER_GAMMA0,0.4047021269798279,55,0.1012522429227829,55
FROZEN,S1A_IW_GRDH_1SDV_20160703T103316_20160703T103345_011983_0127C5_rtc,2016-07-03T10:33:31.203678+00:00,2016-07-03,2016Q3,S1A,11,ascending,C2b_amc__v2,positive_control,LINEAR_POWER_GAMMA0,0.6753535270690918,260,0.06200624629855156,260
FROZEN,S1A_IW_GRDH_1SDV_20160703T103316_20160703T103345_011983_0127C5_rtc,2016-07-03T10:33:31.203678+00:00,2016-07-03,2016Q3,S1A,11,ascending,P1_vacant__v1,placebo,LINEAR_POWER_GAMMA0,0.258321076631546,93,0.06422511488199234,93
FROZEN,S1A_IW_GRDH_1SDV_20160703T103316_20160703T103345_011983_0127C5_rtc,2016-07-03T10:33:31.203678+00:00,2016-07-03,2016Q3,S1A,11,ascending,X1_build_slab__v1,positive_control,LINEAR_POWER_GAMMA0,0.35726580023765564,67,0.06323402374982834,67
FROZEN,S1A_IW_GRDH_1SDV_20160703T103316_20160703T103345_011983_0127C5_rtc,2016-07-03T10:33:31.203678+00:00,2016-07-03,2016Q3,S1A,11,ascending,X2_build_site__v1,positive_control,LINEAR_POWER_GAMMA0,0.39921316504478455,155,0.08896295726299286,155
FROZEN,S1A_IW_GRDH_1SDV_20160722T102504_20160722T102533_012260_0130D0_rtc,2016-07-22T10:25:19.415325+00:00,2016-07-22,2016Q3,S1A,113,ascending,T1_ntt_fdc__v1,treatment,LINEAR_POWER_GAMMA0,1.0752371549606323,307,0.5694637298583984,307
FROZEN,S1A_IW_GRDH_1SDV_20160722T102504_20160722T102533_012260_0130D0_rtc,2016-07-22T10:25:19.415325+00:00,2016-07-22,2016Q3,S1A,113,ascending,C1_hkex_dc__v1,control,LINEAR_POWER_GAMMA0,0.23786553740501404,55,0.0963197872042656,55
FROZEN,S1A_IW_GRDH_1SDV_20160722T102504_20160722T102533_012260_0130D0_rtc,2016-07-22T10:25:19.415325+00:00,2016-07-22,2016Q3,S1A,113,ascending,C2b_amc__v2,positive_control,LINEAR_POWER_GAMMA0,0.19736012816429138,260,0.04686548560857773,260
FROZEN,S1A_IW_GRDH_1SDV_20160722T102504_20160722T102533_012260_0130D0_rtc,2016-07-22T10:25:19.415325+00:00,2016-07-22,2016Q3,S1A,113,ascending,P1_vacant__v1,placebo,LINEAR_POWER_GAMMA0,0.20820319652557373,93,0.058284200727939606,93
FROZEN,S1A_IW_GRDH_1SDV_20160722T102504_20160722T102533_012260_0130D0_rtc,2016-07-22T10:25:19.415325+00:00,2016-07-22,2016Q3,S1A,113,ascending,X1_build_slab__v1,positive_control,LINEAR_POWER_GAMMA0,0.24878795444965363,67,0.08210989832878113,67
FROZEN,S1A_IW_GRDH_1SDV_20160722T102504_20160722T102533_012260_0130D0_rtc,2016-07-22T10:25:19.415325+00:00,2016-07-22,2016Q3,S1A,113,ascending,X2_build_site__v1,positive_control,LINEAR_POWER_GAMMA0,0.3398311138153076,155,0.08960668742656708,155
FROZEN,S1A_IW_GRDH_1SDV_20160803T102505_20160803T102534_012435_0136A4_rtc,2016-08-03T10:25:20.342677+00:00,2016-08-03,2016Q3,S1A,113,ascending,T1_ntt_fdc__v1,treatment,LINEAR_POWER_GAMMA0,1.4212218523025513,307,0.8122228384017944,307
FROZEN,S1A_IW_GRDH_1SDV_20160803T102505_20160803T102534_012435_0136A4_rtc,2016-08-03T10:25:20.342677+00:00,2016-08-03,2016Q3,S1A,113,ascending,C1_hkex_dc__v1,control,LINEAR_POWER_GAMMA0,0.23350438475608826,55,0.08445388078689575,55
FROZEN,S1A_IW_GRDH_1SDV_20160803T102505_20160803T102534_012435_0136A4_rtc,2016-08-03T10:25:20.342677+00:00,2016-08-03,2016Q3,S1A,113,ascending,C2b_amc__v2,positive_control,LINEAR_POWER_GAMMA0,0.21030285954475403,260,0.06410182267427444,260
FROZEN,S1A_IW_GRDH_1SDV_20160803T102505_20160803T102534_012435_0136A4_rtc,2016-08-03T10:25:20.342677+00:00,2016-08-03,2016Q3,S1A,113,ascending,P1_vacant__v1,placebo,LINEAR_POWER_GAMMA0,0.3638695776462555,93,0.061938535422086716,93
FROZEN,S1A_IW_GRDH_1SDV_20160803T102505_20160803T102534_012435_0136A4_rtc,2016-08-03T10:25:20.342677+00:00,2016-08-03,2016Q3,S1A,113,ascending,X1_build_slab__v1,positive_control,LINEAR_POWER_GAMMA0,0.9726312160491943,67,0.08941958844661713,67
FROZEN,S1A_IW_GRDH_1SDV_20160803T102505_20160803T102534_012435_0136A4_rtc,2016-08-03T10:25:20.342677+00:00,2016-08-03,2016Q3,S1A,113,ascending,X2_build_site__v1,positive_control,LINEAR_POWER_GAMMA0,0.7957053184509277,155,0.085786834359169,155
FROZEN,S1A_IW_GRDH_1SDV_20160808T103318_20160808T103331_012508_013913_rtc,2016-08-08T10:33:25.264008+00:00,2016-08-08,2016Q3,S1A,11,ascending,T1_ntt_fdc__v1,treatment,LINEAR_POWER_GAMMA0,4.008042812347412,307,2.4832894802093506,307
FROZEN,S1A_IW_GRDH_1SDV_20160808T103318_20160808T103331_012508_013913_rtc,2016-08-08T10:33:25.264008+00:00,2016-08-08,2016Q3,S1A,11,ascending,C1_hkex_dc__v1,control,LINEAR_POWER_GAMMA0,0.37316837906837463,55,0.10335270315408707,55
FROZEN,S1A_IW_GRDH_1SDV_20160808T103318_20160808T103331_012508_013913_rtc,2016-08-08T10:33:25.264008+00:00,2016-08-08,2016Q3,S1A,11,ascending,C2b_amc__v2,positive_control,LINEAR_POWER_GAMMA0,0.5254921913146973,260,0.05510268732905388,260
FROZEN,S1A_IW_GRDH_1SDV_20160808T103318_20160808T103331_012508_013913_rtc,2016-08-08T10:33:25.264008+00:00,2016-08-08,2016Q3,S1A,11,ascending,P1_vacant__v1,placebo,LINEAR_POWER_GAMMA0,0.21736353635787964,93,0.07628108561038971,93
FROZEN,S1A_IW_GRDH_1SDV_20160808T103318_20160808T103331_012508_013913_rtc,2016-08-08T10:33:25.264008+00:00,2016-08-08,2016Q3,S1A,11,ascending,X1_build_slab__v1,positive_control,LINEAR_POWER_GAMMA0,0.40901315212249756,67,0.09236913174390793,67
FROZEN,S1A_IW_GRDH_1SDV_20160808T103318_20160808T103331_012508_013913_rtc,2016-08-08T10:33:25.264008+00:00,2016-08-08,2016Q3,S1A,11,ascending,X2_build_site__v1,positive_control,LINEAR_POWER_GAMMA0,0.3774833381175995,155,0.09627190977334976,155
FROZEN,S1A_IW_GRDH_1SDV_20160815T102506_20160815T102535_012610_013C64_rtc,2016-08-15T10:25:20.759753+00:00,2016-08-15,2016Q3,S1A,113,ascending,T1_ntt_fdc__v1,treatment,LINEAR_POWER_GAMMA0,2.3188960552215576,307,1.0535095930099487,307
FROZEN,S1A_IW_GRDH_1SDV_20160815T102506_20160815T102535_012610_013C64_rtc,2016-08-15T10:25:20.759753+00:00,2016-08-15,2016Q3,S1A,113,ascending,C1_hkex_dc__v1,control,LINEAR_POWER_GAMMA0,0.5870618224143982,55,0.11603260040283203,55
FROZEN,S1A_IW_GRDH_1SDV_20160815T102506_20160815T102535_012610_013C64_rtc,2016-08-15T10:25:20.759753+00:00,2016-08-15,2016Q3,S1A,113,ascending,C2b_amc__v2,positive_control,LINEAR_POWER_GAMMA0,0.31020089983940125,260,0.07743995636701584,260
FROZEN,S1A_IW_GRDH_1SDV_20160815T102506_20160815T102535_012610_013C64_rtc,2016-08-15T10:25:20.759753+00:00,2016-08-15,2016Q3,S1A,113,ascending,P1_vacant__v1,placebo,LINEAR_POWER_GAMMA0,0.3555854558944702,93,0.08110343664884567,93
FROZEN,S1A_IW_GRDH_1SDV_20160815T102506_20160815T102535_012610_013C64_rtc,2016-08-15T10:25:20.759753+00:00,2016-08-15,2016Q3,S1A,113,ascending,X1_build_slab__v1,positive_control,LINEAR_POWER_GAMMA0,1.0108294486999512,67,0.10086075216531754,67
FROZEN,S1A_IW_GRDH_1SDV_20160815T102506_20160815T102535_012610_013C64_rtc,2016-08-15T10:25:20.759753+00:00,2016-08-15,2016Q3,S1A,113,ascending,X2_build_site__v1,positive_control,LINEAR_POWER_GAMMA0,0.8394162058830261,155,0.10552038252353668,155
FROZEN,S1A_IW_GRDH_1SDV_20160820T103319_20160820T103348_012683_013ED7_rtc,2016-08-20T10:33:33.802595+00:00,2016-08-20,2016Q3,S1A,11,ascending,T1_ntt_fdc__v1,treatment,LINEAR_POWER_GAMMA0,3.854949951171875,307,2.477205753326416,307
FROZEN,S1A_IW_GRDH_1SDV_20160820T103319_20160820T103348_012683_013ED7_rtc,2016-08-20T10:33:33.802595+00:00,2016-08-20,2016Q3,S1A,11,ascending,C1_hkex_dc__v1,control,LINEAR_POWER_GAMMA0,0.3381146192550659,55,0.10128498077392578,55
FROZEN,S1A_IW_GRDH_1SDV_20160820T103319_20160820T103348_012683_013ED7_rtc,2016-08-20T10:33:33.802595+00:00,2016-08-20,2016Q3,S1A,11,ascending,C2b_amc__v2,positive_control,LINEAR_POWER_GAMMA0,0.26339444518089294,260,0.06597679853439331,260
FROZEN,S1A_IW_GRDH_1SDV_20160820T103319_20160820T103348_012683_013ED7_rtc,2016-08-20T10:33:33.802595+00:00,2016-08-20,2016Q3,S1A,11,ascending,P1_vacant__v1,placebo,LINEAR_POWER_GAMMA0,0.2464127540588379,93,0.08513828366994858,93
FROZEN,S1A_IW_GRDH_1SDV_20160820T103319_20160820T103348_012683_013ED7_rtc,2016-08-20T10:33:33.802595+00:00,2016-08-20,2016Q3,S1A,11,ascending,X1_build_slab__v1,positive_control,LINEAR_POWER_GAMMA0,0.5575077533721924,67,0.05931568145751953,67
FROZEN,S1A_IW_GRDH_1SDV_20160820T103319_20160820T103348_012683_013ED7_rtc,2016-08-20T10:33:33.802595+00:00,2016-08-20,2016Q3,S1A,11,ascending,X2_build_site__v1,positive_control,LINEAR_POWER_GAMMA0,0.5575636625289917,155,0.07651650160551071,155
FROZEN,S1A_IW_GRDH_1SDV_20160827T102506_20160827T102535_012785_01424D_rtc,2016-08-27T10:25:21.300350+00:00,2016-08-27,2016Q3,S1A,113,ascending,T1_ntt_fdc__v1,treatment,LINEAR_POWER_GAMMA0,1.2401880025863647,307,0.7075110077857971,307
FROZEN,S1A_IW_GRDH_1SDV_20160827T102506_20160827T102535_012785_01424D_rtc,2016-08-27T10:25:21.300350+00:00,2016-08-27,2016Q3,S1A,113,ascending,C1_hkex_dc__v1,control,LINEAR_POWER_GAMMA0,0.2081570327281952,55,0.07702811062335968,55
FROZEN,S1A_IW_GRDH_1SDV_20160827T102506_20160827T102535_012785_01424D_rtc,2016-08-27T10:25:21.300350+00:00,2016-08-27,2016Q3,S1A,113,ascending,C2b_amc__v2,positive_control,LINEAR_POWER_GAMMA0,0.1781824231147766,260,0.060580864548683167,260
FROZEN,S1A_IW_GRDH_1SDV_20160827T102506_20160827T102535_012785_01424D_rtc,2016-08-27T10:25:21.300350+00:00,2016-08-27,2016Q3,S1A,113,ascending,P1_vacant__v1,placebo,LINEAR_POWER_GAMMA0,0.3544004559516907,93,0.050963111221790314,93
FROZEN,S1A_IW_GRDH_1SDV_20160827T102506_20160827T102535_012785_01424D_rtc,2016-08-27T10:25:21.300350+00:00,2016-08-27,2016Q3,S1A,113,ascending,X1_build_slab__v1,positive_control,LINEAR_POWER_GAMMA0,0.8519245982170105,67,0.04758445918560028,67
FROZEN,S1A_IW_GRDH_1SDV_20160827T102506_20160827T102535_012785_01424D_rtc,2016-08-27T10:25:21.300350+00:00,2016-08-27,2016Q3,S1A,113,ascending,X2_build_site__v1,positive_control,LINEAR_POWER_GAMMA0,0.7302277088165283,155,0.07129225879907608,155
FROZEN,S1A_IW_GRDH_1SDV_20160913T103320_20160913T103349_013033_014A61_rtc,2016-09-13T10:33:34.697292+00:00,2016-09-13,2016Q3,S1A,11,ascending,T1_ntt_fdc__v1,treatment,LINEAR_POWER_GAMMA0,3.9299697875976562,307,2.4947001934051514,307
FROZEN,S1A_IW_GRDH_1SDV_20160913T103320_20160913T103349_013033_014A61_rtc,2016-09-13T10:33:34.697292+00:00,2016-09-13,2016Q3,S1A,11,ascending,C1_hkex_dc__v1,control,LINEAR_POWER_GAMMA0,0.3155672550201416,55,0.08379334211349487,55
FROZEN,S1A_IW_GRDH_1SDV_20160913T103320_20160913T103349_013033_014A61_rtc,2016-09-13T10:33:34.697292+00:00,2016-09-13,2016Q3,S1A,11,ascending,C2b_amc__v2,positive_control,LINEAR_POWER_GAMMA0,0.3972499668598175,260,0.056380756199359894,260
FROZEN,S1A_IW_GRDH_1SDV_20160913T103320_20160913T103349_013033_014A61_rtc,2016-09-13T10:33:34.697292+00:00,2016-09-13,2016Q3,S1A,11,ascending,P1_vacant__v1,placebo,LINEAR_POWER_GAMMA0,0.28673055768013,93,0.086333267390728,93
FROZEN,S1A_IW_GRDH_1SDV_20160913T103320_20160913T103349_013033_014A61_rtc,2016-09-13T10:33:34.697292+00:00,2016-09-13,2016Q3,S1A,11,ascending,X1_build_slab__v1,positive_control,LINEAR_POWER_GAMMA0,0.2480982095003128,67,0.05236439034342766,67
FROZEN,S1A_IW_GRDH_1SDV_20160913T103320_20160913T103349_013033_014A61_rtc,2016-09-13T10:33:34.697292+00:00,2016-09-13,2016Q3,S1A,11,ascending,X2_build_site__v1,positive_control,LINEAR_POWER_GAMMA0,0.5807921290397644,155,0.07566502690315247,155
FROZEN,S1A_IW_GRDH_1SDV_20160920T102507_20160920T102536_013135_014DCE_rtc,2016-09-20T10:25:22.195548+00:00,2016-09-20,2016Q3,S1A,113,ascending,T1_ntt_fdc__v1,treatment,LINEAR_POWER_GAMMA0,1.7362420558929443,307,0.7962918877601624,307
FROZEN,S1A_IW_GRDH_1SDV_20160920T102507_20160920T102536_013135_014DCE_rtc,2016-09-20T10:25:22.195548+00:00,2016-09-20,2016Q3,S1A,113,ascending,C1_hkex_dc__v1,control,LINEAR_POWER_GAMMA0,0.23381558060646057,55,0.08931362628936768,55
FROZEN,S1A_IW_GRDH_1SDV_20160920T102507_20160920T102536_013135_014DCE_rtc,2016-09-20T10:25:22.195548+00:00,2016-09-20,2016Q3,S1A,113,ascending,C2b_amc__v2,positive_control,LINEAR_POWER_GAMMA0,0.2109113484621048,260,0.06294319778680801,260
FROZEN,S1A_IW_GRDH_1SDV_20160920T102507_20160920T102536_013135_014DCE_rtc,2016-09-20T10:25:22.195548+00:00,2016-09-20,2016Q3,S1A,113,ascending,P1_vacant__v1,placebo,LINEAR_POWER_GAMMA0,0.33533111214637756,93,0.06606805324554443,93
FROZEN,S1A_IW_GRDH_1SDV_20160920T102507_20160920T102536_013135_014DCE_rtc,2016-09-20T10:25:22.195548+00:00,2016-09-20,2016Q3,S1A,113,ascending,X1_build_slab__v1,positive_control,LINEAR_POWER_GAMMA0,0.501704216003418,67,0.050257306545972824,67
FROZEN,S1A_IW_GRDH_1SDV_20160920T102507_20160920T102536_013135_014DCE_rtc,2016-09-20T10:25:22.195548+00:00,2016-09-20,2016Q3,S1A,113,ascending,X2_build_site__v1,positive_control,LINEAR_POWER_GAMMA0,0.4698827564716339,155,0.09591125696897507,155
FROZEN,S1A_IW_GRDH_1SDV_20160925T103320_20160925T103349_013208_015034_rtc,2016-09-25T10:33:35.130491+00:00,2016-09-25,2016Q3,S1A,11,ascending,T1_ntt_fdc__v1,treatment,LINEAR_POWER_GAMMA0,3.976196765899658,307,2.440206527709961,307
FROZEN,S1A_IW_GRDH_1SDV_20160925T103320_20160925T103349_013208_015034_rtc,2016-09-25T10:33:35.130491+00:00,2016-09-25,2016Q3,S1A,11,ascending,C1_hkex_dc__v1,control,LINEAR_POWER_GAMMA0,0.3892306983470917,55,0.09631860256195068,55
FROZEN,S1A_IW_GRDH_1SDV_20160925T103320_20160925T103349_013208_015034_rtc,2016-09-25T10:33:35.130491+00:00,2016-09-25,2016Q3,S1A,11,ascending,C2b_amc__v2,positive_control,LINEAR_POWER_GAMMA0,0.1987149864435196,260,0.051116712391376495,260
FROZEN,S1A_IW_GRDH_1SDV_20160925T103320_20160925T103349_013208_015034_rtc,2016-09-25T10:33:35.130491+00:00,2016-09-25,2016Q3,S1A,11,ascending,P1_vacant__v1,placebo,LINEAR_POWER_GAMMA0,0.20990900695323944,93,0.07074683904647827,93
FROZEN,S1A_IW_GRDH_1SDV_20160925T103320_20160925T103349_013208_015034_rtc,2016-09-25T10:33:35.130491+00:00,2016-09-25,2016Q3,S1A,11,ascending,X1_build_slab__v1,positive_control,LINEAR_POWER_GAMMA0,0.29107949137687683,67,0.06850598752498627,67
FROZEN,S1A_IW_GRDH_1SDV_20160925T103320_20160925T103349_013208_015034_rtc,2016-09-25T10:33:35.130491+00:00,2016-09-25,2016Q3,S1A,11,ascending,X2_build_site__v1,positive_control,LINEAR_POWER_GAMMA0,0.5520765781402588,155,0.09351343661546707,155
FROZEN,S1A_IW_GRDH_1SDV_20161002T102507_20161002T102536_013310_01536C_rtc,2016-10-02T10:25:22.442961+00:00,2016-10-02,2016Q4,S1A,113,ascending,T1_ntt_fdc__v1,treatment,LINEAR_POWER_GAMMA0,1.622901439666748,307,0.8108177781105042,307
FROZEN,S1A_IW_GRDH_1SDV_20161002T102507_20161002T102536_013310_01536C_rtc,2016-10-02T10:25:22.442961+00:00,2016-10-02,2016Q4,S1A,113,ascending,C1_hkex_dc__v1,control,LINEAR_POWER_GAMMA0,0.24049228429794312,55,0.07365061342716217,55
FROZEN,S1A_IW_GRDH_1SDV_20161002T102507_20161002T102536_013310_01536C_rtc,2016-10-02T10:25:22.442961+00:00,2016-10-02,2016Q4,S1A,113,ascending,C2b_amc__v2,positive_control,LINEAR_POWER_GAMMA0,0.20540253818035126,260,0.06535160541534424,260
FROZEN,S1A_IW_GRDH_1SDV_20161002T102507_20161002T102536_013310_01536C_rtc,2016-10-02T10:25:22.442961+00:00,2016-10-02,2016Q4,S1A,113,ascending,P1_vacant__v1,placebo,LINEAR_POWER_GAMMA0,0.31613287329673767,93,0.06731458008289337,93
FROZEN,S1A_IW_GRDH_1SDV_20161002T102507_20161002T102536_013310_01536C_rtc,2016-10-02T10:25:22.442961+00:00,2016-10-02,2016Q4,S1A,113,ascending,X1_build_slab__v1,positive_control,LINEAR_POWER_GAMMA0,0.6971518397331238,67,0.06712444871664047,67
FROZEN,S1A_IW_GRDH_1SDV_20161002T102507_20161002T102536_013310_01536C_rtc,2016-10-02T10:25:22.442961+00:00,2016-10-02,2016Q4,S1A,113,ascending,X2_build_site__v1,positive_control,LINEAR_POWER_GAMMA0,0.6158116459846497,155,0.09751489758491516,155
FROZEN,S1A_IW_GRDH_1SDV_20161007T103320_20161007T103349_013383_0155AE_rtc,2016-10-07T10:33:35.097525+00:00,2016-10-07,2016Q4,S1A,11,ascending,T1_ntt_fdc__v1,treatment,LINEAR_POWER_GAMMA0,3.860619068145752,307,2.4050662517547607,307
FROZEN,S1A_IW_GRDH_1SDV_20161007T103320_20161007T103349_013383_0155AE_rtc,2016-10-07T10:33:35.097525+00:00,2016-10-07,2016Q4,S1A,11,ascending,C1_hkex_dc__v1,control,LINEAR_POWER_GAMMA0,0.40606504678726196,55,0.09485723078250885,55
FROZEN,S1A_IW_GRDH_1SDV_20161007T103320_20161007T103349_013383_0155AE_rtc,2016-10-07T10:33:35.097525+00:00,2016-10-07,2016Q4,S1A,11,ascending,C2b_amc__v2,positive_control,LINEAR_POWER_GAMMA0,0.3440505862236023,260,0.06669944524765015,260
FROZEN,S1A_IW_GRDH_1SDV_20161007T103320_20161007T103349_013383_0155AE_rtc,2016-10-07T10:33:35.097525+00:00,2016-10-07,2016Q4,S1A,11,ascending,P1_vacant__v1,placebo,LINEAR_POWER_GAMMA0,0.2512645721435547,93,0.07351349294185638,93
FROZEN,S1A_IW_GRDH_1SDV_20161007T103320_20161007T103349_013383_0155AE_rtc,2016-10-07T10:33:35.097525+00:00,2016-10-07,2016Q4,S1A,11,ascending,X1_build_slab__v1,positive_control,LINEAR_POWER_GAMMA0,0.5191004276275635,67,0.07514941692352295,67
FROZEN,S1A_IW_GRDH_1SDV_20161007T103320_20161007T103349_013383_0155AE_rtc,2016-10-07T10:33:35.097525+00:00,2016-10-07,2016Q4,S1A,11,ascending,X2_build_site__v1,positive_control,LINEAR_POWER_GAMMA0,0.9209019541740417,155,0.10561658442020416,155
FROZEN,S1A_IW_GRDH_1SDV_20161014T102507_20161014T102536_013485_0158F4_rtc,2016-10-14T10:25:22.437042+00:00,2016-10-14,2016Q4,S1A,113,ascending,T1_ntt_fdc__v1,treatment,LINEAR_POWER_GAMMA0,1.6486005783081055,307,0.7866493463516235,307
FROZEN,S1A_IW_GRDH_1SDV_20161014T102507_20161014T102536_013485_0158F4_rtc,2016-10-14T10:25:22.437042+00:00,2016-10-14,2016Q4,S1A,113,ascending,C1_hkex_dc__v1,control,LINEAR_POWER_GAMMA0,0.2573511004447937,55,0.06439665704965591,55
FROZEN,S1A_IW_GRDH_1SDV_20161014T102507_20161014T102536_013485_0158F4_rtc,2016-10-14T10:25:22.437042+00:00,2016-10-14,2016Q4,S1A,113,ascending,C2b_amc__v2,positive_control,LINEAR_POWER_GAMMA0,0.2007576823234558,260,0.05699719861149788,260
FROZEN,S1A_IW_GRDH_1SDV_20161014T102507_20161014T102536_013485_0158F4_rtc,2016-10-14T10:25:22.437042+00:00,2016-10-14,2016Q4,S1A,113,ascending,P1_vacant__v1,placebo,LINEAR_POWER_GAMMA0,0.27695930004119873,93,0.05383525788784027,93
FROZEN,S1A_IW_GRDH_1SDV_20161014T102507_20161014T102536_013485_0158F4_rtc,2016-10-14T10:25:22.437042+00:00,2016-10-14,2016Q4,S1A,113,ascending,X1_build_slab__v1,positive_control,LINEAR_POWER_GAMMA0,0.48758020997047424,67,0.06257031112909317,67
FROZEN,S1A_IW_GRDH_1SDV_20161014T102507_20161014T102536_013485_0158F4_rtc,2016-10-14T10:25:22.437042+00:00,2016-10-14,2016Q4,S1A,113,ascending,X2_build_site__v1,positive_control,LINEAR_POWER_GAMMA0,0.4276329278945923,155,0.08100990951061249,155
FROZEN,S1A_IW_GRDH_1SDV_20161019T103320_20161019T103349_013558_015B44_rtc,2016-10-19T10:33:34.995669+00:00,2016-10-19,2016Q4,S1A,11,ascending,T1_ntt_fdc__v1,treatment,LINEAR_POWER_GAMMA0,4.127876281738281,307,2.5318193435668945,307
FROZEN,S1A_IW_GRDH_1SDV_20161019T103320_20161019T103349_013558_015B44_rtc,2016-10-19T10:33:34.995669+00:00,2016-10-19,2016Q4,S1A,11,ascending,C1_hkex_dc__v1,control,LINEAR_POWER_GAMMA0,0.40626364946365356,55,0.10973920673131943,55
FROZEN,S1A_IW_GRDH_1SDV_20161019T103320_20161019T103349_013558_015B44_rtc,2016-10-19T10:33:34.995669+00:00,2016-10-19,2016Q4,S1A,11,ascending,C2b_amc__v2,positive_control,LINEAR_POWER_GAMMA0,0.3820667266845703,260,0.08161018788814545,260
FROZEN,S1A_IW_GRDH_1SDV_20161019T103320_20161019T103349_013558_015B44_rtc,2016-10-19T10:33:34.995669+00:00,2016-10-19,2016Q4,S1A,11,ascending,P1_vacant__v1,placebo,LINEAR_POWER_GAMMA0,0.33007296919822693,93,0.09126178175210953,93
FROZEN,S1A_IW_GRDH_1SDV_20161019T103320_20161019T103349_013558_015B44_rtc,2016-10-19T10:33:34.995669+00:00,2016-10-19,2016Q4,S1A,11,ascending,X1_build_slab__v1,positive_control,LINEAR_POWER_GAMMA0,0.5303781032562256,67,0.11155422776937485,67
FROZEN,S1A_IW_GRDH_1SDV_20161019T103320_20161019T103349_013558_015B44_rtc,2016-10-19T10:33:34.995669+00:00,2016-10-19,2016Q4,S1A,11,ascending,X2_build_site__v1,positive_control,LINEAR_POWER_GAMMA0,0.8430700302124023,155,0.12901020050048828,155
FROZEN,S1A_IW_GRDH_1SDV_20161026T102508_20161026T102537_013660_015E64_rtc,2016-10-26T10:25:22.536774+00:00,2016-10-26,2016Q4,S1A,113,ascending,T1_ntt_fdc__v1,treatment,LINEAR_POWER_GAMMA0,1.6442210674285889,307,0.8789228796958923,307
FROZEN,S1A_IW_GRDH_1SDV_20161026T102508_20161026T102537_013660_015E64_rtc,2016-10-26T10:25:22.536774+00:00,2016-10-26,2016Q4,S1A,113,ascending,C1_hkex_dc__v1,control,LINEAR_POWER_GAMMA0,0.22830109298229218,55,0.08559655398130417,55
FROZEN,S1A_IW_GRDH_1SDV_20161026T102508_20161026T102537_013660_015E64_rtc,2016-10-26T10:25:22.536774+00:00,2016-10-26,2016Q4,S1A,113,ascending,C2b_amc__v2,positive_control,LINEAR_POWER_GAMMA0,0.17870497703552246,260,0.058686621487140656,260
FROZEN,S1A_IW_GRDH_1SDV_20161026T102508_20161026T102537_013660_015E64_rtc,2016-10-26T10:25:22.536774+00:00,2016-10-26,2016Q4,S1A,113,ascending,P1_vacant__v1,placebo,LINEAR_POWER_GAMMA0,0.2672331929206848,93,0.04685840755701065,93
FROZEN,S1A_IW_GRDH_1SDV_20161026T102508_20161026T102537_013660_015E64_rtc,2016-10-26T10:25:22.536774+00:00,2016-10-26,2016Q4,S1A,113,ascending,X1_build_slab__v1,positive_control,LINEAR_POWER_GAMMA0,1.057191014289856,67,0.060601476579904556,67
FROZEN,S1A_IW_GRDH_1SDV_20161026T102508_20161026T102537_013660_015E64_rtc,2016-10-26T10:25:22.536774+00:00,2016-10-26,2016Q4,S1A,113,ascending,X2_build_site__v1,positive_control,LINEAR_POWER_GAMMA0,0.800264298915863,155,0.07426003366708755,155
FROZEN,S1A_IW_GRDH_1SDV_20161031T103320_20161031T103349_013733_01609E_rtc,2016-10-31T10:33:35.188977+00:00,2016-10-31,2016Q4,S1A,11,ascending,T1_ntt_fdc__v1,treatment,LINEAR_POWER_GAMMA0,3.614689350128174,307,2.38466215133667,307
FROZEN,S1A_IW_GRDH_1SDV_20161031T103320_20161031T103349_013733_01609E_rtc,2016-10-31T10:33:35.188977+00:00,2016-10-31,2016Q4,S1A,11,ascending,C1_hkex_dc__v1,control,LINEAR_POWER_GAMMA0,0.3276975452899933,55,0.08674898743629456,55
FROZEN,S1A_IW_GRDH_1SDV_20161031T103320_20161031T103349_013733_01609E_rtc,2016-10-31T10:33:35.188977+00:00,2016-10-31,2016Q4,S1A,11,ascending,C2b_amc__v2,positive_control,LINEAR_POWER_GAMMA0,0.38648760318756104,260,0.046502742916345596,260
FROZEN,S1A_IW_GRDH_1SDV_20161031T103320_20161031T103349_013733_01609E_rtc,2016-10-31T10:33:35.188977+00:00,2016-10-31,2016Q4,S1A,11,ascending,P1_vacant__v1,placebo,LINEAR_POWER_GAMMA0,0.22871969640254974,93,0.09311377257108688,93
FROZEN,S1A_IW_GRDH_1SDV_20161031T103320_20161031T103349_013733_01609E_rtc,2016-10-31T10:33:35.188977+00:00,2016-10-31,2016Q4,S1A,11,ascending,X1_build_slab__v1,positive_control,LINEAR_POWER_GAMMA0,0.4713559150695801,67,0.08023287355899811,67
FROZEN,S1A_IW_GRDH_1SDV_20161031T103320_20161031T103349_013733_01609E_rtc,2016-10-31T10:33:35.188977+00:00,2016-10-31,2016Q4,S1A,11,ascending,X2_build_site__v1,positive_control,LINEAR_POWER_GAMMA0,0.7532685995101929,155,0.09513537585735321,155
FROZEN,S1A_IW_GRDH_1SDV_20161107T102507_20161107T102536_013835_0163DB_rtc,2016-11-07T10:25:22.321863+00:00,2016-11-07,2016Q4,S1A,113,ascending,T1_ntt_fdc__v1,treatment,LINEAR_POWER_GAMMA0,1.6094837188720703,307,0.922171413898468,307
FROZEN,S1A_IW_GRDH_1SDV_20161107T102507_20161107T102536_013835_0163DB_rtc,2016-11-07T10:25:22.321863+00:00,2016-11-07,2016Q4,S1A,113,ascending,C1_hkex_dc__v1,control,LINEAR_POWER_GAMMA0,0.2270185649394989,55,0.08860842138528824,55
FROZEN,S1A_IW_GRDH_1SDV_20161107T102507_20161107T102536_013835_0163DB_rtc,2016-11-07T10:25:22.321863+00:00,2016-11-07,2016Q4,S1A,113,ascending,C2b_amc__v2,positive_control,LINEAR_POWER_GAMMA0,0.1483786553144455,260,0.03879788890480995,260
FROZEN,S1A_IW_GRDH_1SDV_20161107T102507_20161107T102536_013835_0163DB_rtc,2016-11-07T10:25:22.321863+00:00,2016-11-07,2016Q4,S1A,113,ascending,P1_vacant__v1,placebo,LINEAR_POWER_GAMMA0,0.281742125749588,93,0.056660447269678116,93
FROZEN,S1A_IW_GRDH_1SDV_20161107T102507_20161107T102536_013835_0163DB_rtc,2016-11-07T10:25:22.321863+00:00,2016-11-07,2016Q4,S1A,113,ascending,X1_build_slab__v1,positive_control,LINEAR_POWER_GAMMA0,0.36747780442237854,67,0.07399319112300873,67
FROZEN,S1A_IW_GRDH_1SDV_20161107T102507_20161107T102536_013835_0163DB_rtc,2016-11-07T10:25:22.321863+00:00,2016-11-07,2016Q4,S1A,113,ascending,X2_build_site__v1,positive_control,LINEAR_POWER_GAMMA0,0.40964117646217346,155,0.09123381227254868,155
FROZEN,S1A_IW_GRDH_1SDV_20161112T103320_20161112T103349_013908_01662D_rtc,2016-11-12T10:33:34.988239+00:00,2016-11-12,2016Q4,S1A,11,ascending,T1_ntt_fdc__v1,treatment,LINEAR_POWER_GAMMA0,3.6727263927459717,307,2.2832722663879395,307
FROZEN,S1A_IW_GRDH_1SDV_20161112T103320_20161112T103349_013908_01662D_rtc,2016-11-12T10:33:34.988239+00:00,2016-11-12,2016Q4,S1A,11,ascending,C1_hkex_dc__v1,control,LINEAR_POWER_GAMMA0,0.3509175479412079,55,0.08594516664743423,55
FROZEN,S1A_IW_GRDH_1SDV_20161112T103320_20161112T103349_013908_01662D_rtc,2016-11-12T10:33:34.988239+00:00,2016-11-12,2016Q4,S1A,11,ascending,C2b_amc__v2,positive_control,LINEAR_POWER_GAMMA0,0.16324397921562195,260,0.03396747261285782,260
FROZEN,S1A_IW_GRDH_1SDV_20161112T103320_20161112T103349_013908_01662D_rtc,2016-11-12T10:33:34.988239+00:00,2016-11-12,2016Q4,S1A,11,ascending,P1_vacant__v1,placebo,LINEAR_POWER_GAMMA0,0.23010990023612976,93,0.07086679339408875,93
FROZEN,S1A_IW_GRDH_1SDV_20161112T103320_20161112T103349_013908_01662D_rtc,2016-11-12T10:33:34.988239+00:00,2016-11-12,2016Q4,S1A,11,ascending,X1_build_slab__v1,positive_control,LINEAR_POWER_GAMMA0,0.4792554974555969,67,0.08980122953653336,67
FROZEN,S1A_IW_GRDH_1SDV_20161112T103320_20161112T103349_013908_01662D_rtc,2016-11-12T10:33:34.988239+00:00,2016-11-12,2016Q4,S1A,11,ascending,X2_build_site__v1,positive_control,LINEAR_POWER_GAMMA0,0.7509833574295044,155,0.09178108721971512,155
FROZEN,S1A_IW_GRDH_1SDV_20161119T102507_20161119T102536_014010_016946_rtc,2016-11-19T10:25:22.122960+00:00,2016-11-19,2016Q4,S1A,113,ascending,T1_ntt_fdc__v1,treatment,LINEAR_POWER_GAMMA0,1.282578706741333,307,0.724732518196106,307
FROZEN,S1A_IW_GRDH_1SDV_20161119T102507_20161119T102536_014010_016946_rtc,2016-11-19T10:25:22.122960+00:00,2016-11-19,2016Q4,S1A,113,ascending,C1_hkex_dc__v1,control,LINEAR_POWER_GAMMA0,0.22447314858436584,55,0.06125367805361748,55
FROZEN,S1A_IW_GRDH_1SDV_20161119T102507_20161119T102536_014010_016946_rtc,2016-11-19T10:25:22.122960+00:00,2016-11-19,2016Q4,S1A,113,ascending,C2b_amc__v2,positive_control,LINEAR_POWER_GAMMA0,0.2355666160583496,260,0.035538315773010254,260
FROZEN,S1A_IW_GRDH_1SDV_20161119T102507_20161119T102536_014010_016946_rtc,2016-11-19T10:25:22.122960+00:00,2016-11-19,2016Q4,S1A,113,ascending,P1_vacant__v1,placebo,LINEAR_POWER_GAMMA0,0.2310541421175003,93,0.05905850604176521,93
FROZEN,S1A_IW_GRDH_1SDV_20161119T102507_20161119T102536_014010_016946_rtc,2016-11-19T10:25:22.122960+00:00,2016-11-19,2016Q4,S1A,113,ascending,X1_build_slab__v1,positive_control,LINEAR_POWER_GAMMA0,1.0759259462356567,67,0.0937507152557373,67
FROZEN,S1A_IW_GRDH_1SDV_20161119T102507_20161119T102536_014010_016946_rtc,2016-11-19T10:25:22.122960+00:00,2016-11-19,2016Q4,S1A,113,ascending,X2_build_site__v1,positive_control,LINEAR_POWER_GAMMA0,0.8551107048988342,155,0.10477233678102493,155
FROZEN,S1A_IW_GRDH_1SDV_20161124T103320_20161124T103349_014083_016B78_rtc,2016-11-24T10:33:34.799815+00:00,2016-11-24,2016Q4,S1A,11,ascending,T1_ntt_fdc__v1,treatment,LINEAR_POWER_GAMMA0,3.7551472187042236,307,2.304957151412964,307
FROZEN,S1A_IW_GRDH_1SDV_20161124T103320_20161124T103349_014083_016B78_rtc,2016-11-24T10:33:34.799815+00:00,2016-11-24,2016Q4,S1A,11,ascending,C1_hkex_dc__v1,control,LINEAR_POWER_GAMMA0,0.3417336344718933,55,0.08539881557226181,55
FROZEN,S1A_IW_GRDH_1SDV_20161124T103320_20161124T103349_014083_016B78_rtc,2016-11-24T10:33:34.799815+00:00,2016-11-24,2016Q4,S1A,11,ascending,C2b_amc__v2,positive_control,LINEAR_POWER_GAMMA0,0.2572243809700012,260,0.039660051465034485,260
FROZEN,S1A_IW_GRDH_1SDV_20161124T103320_20161124T103349_014083_016B78_rtc,2016-11-24T10:33:34.799815+00:00,2016-11-24,2016Q4,S1A,11,ascending,P1_vacant__v1,placebo,LINEAR_POWER_GAMMA0,0.23150543868541718,93,0.10059339553117752,93
FROZEN,S1A_IW_GRDH_1SDV_20161124T103320_20161124T103349_014083_016B78_rtc,2016-11-24T10:33:34.799815+00:00,2016-11-24,2016Q4,S1A,11,ascending,X1_build_slab__v1,positive_control,LINEAR_POWER_GAMMA0,0.288909912109375,67,0.07966866344213486,67
FROZEN,S1A_IW_GRDH_1SDV_20161124T103320_20161124T103349_014083_016B78_rtc,2016-11-24T10:33:34.799815+00:00,2016-11-24,2016Q4,S1A,11,ascending,X2_build_site__v1,positive_control,LINEAR_POWER_GAMMA0,0.6389722228050232,155,0.083536297082901,155
FROZEN,S1A_IW_GRDH_1SDV_20161201T102507_20161201T102536_014185_016EAA_rtc,2016-12-01T10:25:21.781390+00:00,2016-12-01,2016Q4,S1A,113,ascending,T1_ntt_fdc__v1,treatment,LINEAR_POWER_GAMMA0,1.419874906539917,307,0.65202796459198,307
FROZEN,S1A_IW_GRDH_1SDV_20161201T102507_20161201T102536_014185_016EAA_rtc,2016-12-01T10:25:21.781390+00:00,2016-12-01,2016Q4,S1A,113,ascending,C1_hkex_dc__v1,control,LINEAR_POWER_GAMMA0,0.24490904808044434,55,0.0706302747130394,55
FROZEN,S1A_IW_GRDH_1SDV_20161201T102507_20161201T102536_014185_016EAA_rtc,2016-12-01T10:25:21.781390+00:00,2016-12-01,2016Q4,S1A,113,ascending,C2b_amc__v2,positive_control,LINEAR_POWER_GAMMA0,0.19371600449085236,260,0.04055674001574516,260
FROZEN,S1A_IW_GRDH_1SDV_20161201T102507_20161201T102536_014185_016EAA_rtc,2016-12-01T10:25:21.781390+00:00,2016-12-01,2016Q4,S1A,113,ascending,P1_vacant__v1,placebo,LINEAR_POWER_GAMMA0,0.20575709640979767,93,0.06399832665920258,93
FROZEN,S1A_IW_GRDH_1SDV_20161201T102507_20161201T102536_014185_016EAA_rtc,2016-12-01T10:25:21.781390+00:00,2016-12-01,2016Q4,S1A,113,ascending,X1_build_slab__v1,positive_control,LINEAR_POWER_GAMMA0,0.43486908078193665,67,0.098014235496521,67
FROZEN,S1A_IW_GRDH_1SDV_20161201T102507_20161201T102536_014185_016EAA_rtc,2016-12-01T10:25:21.781390+00:00,2016-12-01,2016Q4,S1A,113,ascending,X2_build_site__v1,positive_control,LINEAR_POWER_GAMMA0,0.4108463525772095,155,0.08900319039821625,155
FROZEN,S1A_IW_GRDH_1SDV_20161206T103319_20161206T103348_014258_0170F8_rtc,2016-12-06T10:33:34.408789+00:00,2016-12-06,2016Q4,S1A,11,ascending,T1_ntt_fdc__v1,treatment,LINEAR_POWER_GAMMA0,3.537032127380371,307,2.1384856700897217,307
FROZEN,S1A_IW_GRDH_1SDV_20161206T103319_20161206T103348_014258_0170F8_rtc,2016-12-06T10:33:34.408789+00:00,2016-12-06,2016Q4,S1A,11,ascending,C1_hkex_dc__v1,control,LINEAR_POWER_GAMMA0,0.3603854179382324,55,0.08073648810386658,55
FROZEN,S1A_IW_GRDH_1SDV_20161206T103319_20161206T103348_014258_0170F8_rtc,2016-12-06T10:33:34.408789+00:00,2016-12-06,2016Q4,S1A,11,ascending,C2b_amc__v2,positive_control,LINEAR_POWER_GAMMA0,0.4450315535068512,260,0.04106462746858597,260
FROZEN,S1A_IW_GRDH_1SDV_20161206T103319_20161206T103348_014258_0170F8_rtc,2016-12-06T10:33:34.408789+00:00,2016-12-06,2016Q4,S1A,11,ascending,P1_vacant__v1,placebo,LINEAR_POWER_GAMMA0,0.2540982663631439,93,0.092748261988163,93
FROZEN,S1A_IW_GRDH_1SDV_20161206T103319_20161206T103348_014258_0170F8_rtc,2016-12-06T10:33:34.408789+00:00,2016-12-06,2016Q4,S1A,11,ascending,X1_build_slab__v1,positive_control,LINEAR_POWER_GAMMA0,0.7601328492164612,67,0.11328662186861038,67
FROZEN,S1A_IW_GRDH_1SDV_20161206T103319_20161206T103348_014258_0170F8_rtc,2016-12-06T10:33:34.408789+00:00,2016-12-06,2016Q4,S1A,11,ascending,X2_build_site__v1,positive_control,LINEAR_POWER_GAMMA0,0.6637091040611267,155,0.12256541103124619,155
FROZEN,S1A_IW_GRDH_1SDV_20161213T102506_20161213T102535_014360_017446_rtc,2016-12-13T10:25:21.373883+00:00,2016-12-13,2016Q4,S1A,113,ascending,T1_ntt_fdc__v1,treatment,LINEAR_POWER_GAMMA0,1.2928988933563232,307,0.7184788584709167,307
FROZEN,S1A_IW_GRDH_1SDV_20161213T102506_20161213T102535_014360_017446_rtc,2016-12-13T10:25:21.373883+00:00,2016-12-13,2016Q4,S1A,113,ascending,C1_hkex_dc__v1,control,LINEAR_POWER_GAMMA0,0.2935289442539215,55,0.09945110231637955,55
FROZEN,S1A_IW_GRDH_1SDV_20161213T102506_20161213T102535_014360_017446_rtc,2016-12-13T10:25:21.373883+00:00,2016-12-13,2016Q4,S1A,113,ascending,C2b_amc__v2,positive_control,LINEAR_POWER_GAMMA0,0.30395254492759705,260,0.04075004905462265,260
FROZEN,S1A_IW_GRDH_1SDV_20161213T102506_20161213T102535_014360_017446_rtc,2016-12-13T10:25:21.373883+00:00,2016-12-13,2016Q4,S1A,113,ascending,P1_vacant__v1,placebo,LINEAR_POWER_GAMMA0,0.25043198466300964,93,0.06014002859592438,93
FROZEN,S1A_IW_GRDH_1SDV_20161213T102506_20161213T102535_014360_017446_rtc,2016-12-13T10:25:21.373883+00:00,2016-12-13,2016Q4,S1A,113,ascending,X1_build_slab__v1,positive_control,LINEAR_POWER_GAMMA0,1.255381464958191,67,0.16457265615463257,67
FROZEN,S1A_IW_GRDH_1SDV_20161213T102506_20161213T102535_014360_017446_rtc,2016-12-13T10:25:21.373883+00:00,2016-12-13,2016Q4,S1A,113,ascending,X2_build_site__v1,positive_control,LINEAR_POWER_GAMMA0,0.8920242786407471,155,0.12147142738103867,155
FROZEN,S1A_IW_GRDH_1SDV_20161218T103319_20161218T103348_014433_01767A_rtc,2016-12-18T10:33:33.930533+00:00,2016-12-18,2016Q4,S1A,11,ascending,T1_ntt_fdc__v1,treatment,LINEAR_POWER_GAMMA0,3.6399171352386475,307,2.1434402465820312,307
FROZEN,S1A_IW_GRDH_1SDV_20161218T103319_20161218T103348_014433_01767A_rtc,2016-12-18T10:33:33.930533+00:00,2016-12-18,2016Q4,S1A,11,ascending,C1_hkex_dc__v1,control,LINEAR_POWER_GAMMA0,0.35836073756217957,55,0.0764092281460762,55
FROZEN,S1A_IW_GRDH_1SDV_20161218T103319_20161218T103348_014433_01767A_rtc,2016-12-18T10:33:33.930533+00:00,2016-12-18,2016Q4,S1A,11,ascending,C2b_amc__v2,positive_control,LINEAR_POWER_GAMMA0,0.7296067476272583,260,0.047032490372657776,260
FROZEN,S1A_IW_GRDH_1SDV_20161218T103319_20161218T103348_014433_01767A_rtc,2016-12-18T10:33:33.930533+00:00,2016-12-18,2016Q4,S1A,11,ascending,P1_vacant__v1,placebo,LINEAR_POWER_GAMMA0,0.2089329957962036,93,0.08587509393692017,93
FROZEN,S1A_IW_GRDH_1SDV_20161218T103319_20161218T103348_014433_01767A_rtc,2016-12-18T10:33:33.930533+00:00,2016-12-18,2016Q4,S1A,11,ascending,X1_build_slab__v1,positive_control,LINEAR_POWER_GAMMA0,1.2152960300445557,67,0.1265265941619873,67
FROZEN,S1A_IW_GRDH_1SDV_20161218T103319_20161218T103348_014433_01767A_rtc,2016-12-18T10:33:33.930533+00:00,2016-12-18,2016Q4,S1A,11,ascending,X2_build_site__v1,positive_control,LINEAR_POWER_GAMMA0,0.6902626156806946,155,0.12084463983774185,155
FROZEN,S1A_IW_GRDH_1SDV_20161225T102506_20161225T102535_014535_0179AE_rtc,2016-12-25T10:25:21.005017+00:00,2016-12-25,2016Q4,S1A,113,ascending,T1_ntt_fdc__v1,treatment,LINEAR_POWER_GAMMA0,1.4744380712509155,307,0.7076085805892944,307
FROZEN,S1A_IW_GRDH_1SDV_20161225T102506_20161225T102535_014535_0179AE_rtc,2016-12-25T10:25:21.005017+00:00,2016-12-25,2016Q4,S1A,113,ascending,C1_hkex_dc__v1,control,LINEAR_POWER_GAMMA0,0.23114526271820068,55,0.07090842723846436,55
FROZEN,S1A_IW_GRDH_1SDV_20161225T102506_20161225T102535_014535_0179AE_rtc,2016-12-25T10:25:21.005017+00:00,2016-12-25,2016Q4,S1A,113,ascending,C2b_amc__v2,positive_control,LINEAR_POWER_GAMMA0,0.3458167314529419,260,0.047229282557964325,260
FROZEN,S1A_IW_GRDH_1SDV_20161225T102506_20161225T102535_014535_0179AE_rtc,2016-12-25T10:25:21.005017+00:00,2016-12-25,2016Q4,S1A,113,ascending,P1_vacant__v1,placebo,LINEAR_POWER_GAMMA0,0.18586429953575134,93,0.05815725773572922,93
FROZEN,S1A_IW_GRDH_1SDV_20161225T102506_20161225T102535_014535_0179AE_rtc,2016-12-25T10:25:21.005017+00:00,2016-12-25,2016Q4,S1A,113,ascending,X1_build_slab__v1,positive_control,LINEAR_POWER_GAMMA0,1.5905016660690308,67,0.09949550777673721,67
FROZEN,S1A_IW_GRDH_1SDV_20161225T102506_20161225T102535_014535_0179AE_rtc,2016-12-25T10:25:21.005017+00:00,2016-12-25,2016Q4,S1A,113,ascending,X2_build_site__v1,positive_control,LINEAR_POWER_GAMMA0,1.1040352582931519,155,0.12472128123044968,155
FROZEN,S1A_IW_GRDH_1SDV_20161230T103319_20161230T103348_014608_017BF2_rtc,2016-12-30T10:33:33.571816+00:00,2016-12-30,2016Q4,S1A,11,ascending,T1_ntt_fdc__v1,treatment,LINEAR_POWER_GAMMA0,3.56887149810791,307,2.181429862976074,307
FROZEN,S1A_IW_GRDH_1SDV_20161230T103319_20161230T103348_014608_017BF2_rtc,2016-12-30T10:33:33.571816+00:00,2016-12-30,2016Q4,S1A,11,ascending,C1_hkex_dc__v1,control,LINEAR_POWER_GAMMA0,0.3370802700519562,55,0.08245211839675903,55
FROZEN,S1A_IW_GRDH_1SDV_20161230T103319_20161230T103348_014608_017BF2_rtc,2016-12-30T10:33:33.571816+00:00,2016-12-30,2016Q4,S1A,11,ascending,C2b_amc__v2,positive_control,LINEAR_POWER_GAMMA0,0.44000115990638733,260,0.04729851707816124,260
FROZEN,S1A_IW_GRDH_1SDV_20161230T103319_20161230T103348_014608_017BF2_rtc,2016-12-30T10:33:33.571816+00:00,2016-12-30,2016Q4,S1A,11,ascending,P1_vacant__v1,placebo,LINEAR_POWER_GAMMA0,0.2037862092256546,93,0.06809861958026886,93
FROZEN,S1A_IW_GRDH_1SDV_20161230T103319_20161230T103348_014608_017BF2_rtc,2016-12-30T10:33:33.571816+00:00,2016-12-30,2016Q4,S1A,11,ascending,X1_build_slab__v1,positive_control,LINEAR_POWER_GAMMA0,1.25575852394104,67,0.09533015638589859,67
FROZEN,S1A_IW_GRDH_1SDV_20161230T103319_20161230T103348_014608_017BF2_rtc,2016-12-30T10:33:33.571816+00:00,2016-12-30,2016Q4,S1A,11,ascending,X2_build_site__v1,positive_control,LINEAR_POWER_GAMMA0,1.1960307359695435,155,0.11851532012224197,155
FROZEN,S1A_IW_GRDH_1SDV_20170106T102504_20170106T102533_014710_017F03_rtc,2017-01-06T10:25:19.417458+00:00,2017-01-06,2017Q1,S1A,113,ascending,T1_ntt_fdc__v1,treatment,LINEAR_POWER_GAMMA0,1.2859162092208862,307,0.7011124491691589,307
FROZEN,S1A_IW_GRDH_1SDV_20170106T102504_20170106T102533_014710_017F03_rtc,2017-01-06T10:25:19.417458+00:00,2017-01-06,2017Q1,S1A,113,ascending,C1_hkex_dc__v1,control,LINEAR_POWER_GAMMA0,0.2744532525539398,55,0.07726246118545532,55
FROZEN,S1A_IW_GRDH_1SDV_20170106T102504_20170106T102533_014710_017F03_rtc,2017-01-06T10:25:19.417458+00:00,2017-01-06,2017Q1,S1A,113,ascending,C2b_amc__v2,positive_control,LINEAR_POWER_GAMMA0,0.2113673835992813,260,0.04008181020617485,260
FROZEN,S1A_IW_GRDH_1SDV_20170106T102504_20170106T102533_014710_017F03_rtc,2017-01-06T10:25:19.417458+00:00,2017-01-06,2017Q1,S1A,113,ascending,P1_vacant__v1,placebo,LINEAR_POWER_GAMMA0,0.1814398467540741,93,0.04415006935596466,93
FROZEN,S1A_IW_GRDH_1SDV_20170106T102504_20170106T102533_014710_017F03_rtc,2017-01-06T10:25:19.417458+00:00,2017-01-06,2017Q1,S1A,113,ascending,X1_build_slab__v1,positive_control,LINEAR_POWER_GAMMA0,1.0299561023712158,67,0.1127672791481018,67
FROZEN,S1A_IW_GRDH_1SDV_20170106T102504_20170106T102533_014710_017F03_rtc,2017-01-06T10:25:19.417458+00:00,2017-01-06,2017Q1,S1A,113,ascending,X2_build_site__v1,positive_control,LINEAR_POWER_GAMMA0,0.8025845885276794,155,0.12819619476795197,155
FROZEN,S1A_IW_GRDH_1SDV_20170111T103317_20170111T103346_014783_018133_rtc,2017-01-11T10:33:32.050510+00:00,2017-01-11,2017Q1,S1A,11,ascending,T1_ntt_fdc__v1,treatment,LINEAR_POWER_GAMMA0,3.5210533142089844,307,2.270599365234375,307
FROZEN,S1A_IW_GRDH_1SDV_20170111T103317_20170111T103346_014783_018133_rtc,2017-01-11T10:33:32.050510+00:00,2017-01-11,2017Q1,S1A,11,ascending,C1_hkex_dc__v1,control,LINEAR_POWER_GAMMA0,0.3423182964324951,55,0.07669662684202194,55
FROZEN,S1A_IW_GRDH_1SDV_20170111T103317_20170111T103346_014783_018133_rtc,2017-01-11T10:33:32.050510+00:00,2017-01-11,2017Q1,S1A,11,ascending,C2b_amc__v2,positive_control,LINEAR_POWER_GAMMA0,0.30691275000572205,260,0.04000040888786316,260
FROZEN,S1A_IW_GRDH_1SDV_20170111T103317_20170111T103346_014783_018133_rtc,2017-01-11T10:33:32.050510+00:00,2017-01-11,2017Q1,S1A,11,ascending,P1_vacant__v1,placebo,LINEAR_POWER_GAMMA0,0.22522947192192078,93,0.07247339189052582,93
FROZEN,S1A_IW_GRDH_1SDV_20170111T103317_20170111T103346_014783_018133_rtc,2017-01-11T10:33:32.050510+00:00,2017-01-11,2017Q1,S1A,11,ascending,X1_build_slab__v1,positive_control,LINEAR_POWER_GAMMA0,1.231425404548645,67,0.10708775371313095,67
FROZEN,S1A_IW_GRDH_1SDV_20170111T103317_20170111T103346_014783_018133_rtc,2017-01-11T10:33:32.050510+00:00,2017-01-11,2017Q1,S1A,11,ascending,X2_build_site__v1,positive_control,LINEAR_POWER_GAMMA0,0.7773286700248718,155,0.11412369459867477,155
FROZEN,S1A_IW_GRDH_1SDV_20170118T102504_20170118T102533_014885_018473_rtc,2017-01-18T10:25:18.950377+00:00,2017-01-18,2017Q1,S1A,113,ascending,T1_ntt_fdc__v1,treatment,LINEAR_POWER_GAMMA0,1.2676986455917358,307,0.7048897743225098,307
FROZEN,S1A_IW_GRDH_1SDV_20170118T102504_20170118T102533_014885_018473_rtc,2017-01-18T10:25:18.950377+00:00,2017-01-18,2017Q1,S1A,113,ascending,C1_hkex_dc__v1,control,LINEAR_POWER_GAMMA0,0.2531437873840332,55,0.08746359497308731,55
FROZEN,S1A_IW_GRDH_1SDV_20170118T102504_20170118T102533_014885_018473_rtc,2017-01-18T10:25:18.950377+00:00,2017-01-18,2017Q1,S1A,113,ascending,C2b_amc__v2,positive_control,LINEAR_POWER_GAMMA0,0.22068841755390167,260,0.03647930547595024,260
FROZEN,S1A_IW_GRDH_1SDV_20170118T102504_20170118T102533_014885_018473_rtc,2017-01-18T10:25:18.950377+00:00,2017-01-18,2017Q1,S1A,113,ascending,P1_vacant__v1,placebo,LINEAR_POWER_GAMMA0,0.2686746418476105,93,0.06630517542362213,93
FROZEN,S1A_IW_GRDH_1SDV_20170118T102504_20170118T102533_014885_018473_rtc,2017-01-18T10:25:18.950377+00:00,2017-01-18,2017Q1,S1A,113,ascending,X1_build_slab__v1,positive_control,LINEAR_POWER_GAMMA0,0.8491450548171997,67,0.13723412156105042,67
FROZEN,S1A_IW_GRDH_1SDV_20170118T102504_20170118T102533_014885_018473_rtc,2017-01-18T10:25:18.950377+00:00,2017-01-18,2017Q1,S1A,113,ascending,X2_build_site__v1,positive_control,LINEAR_POWER_GAMMA0,1.2832915782928467,155,0.15411251783370972,155
FROZEN,S1A_IW_GRDH_1SDV_20170123T103317_20170123T103346_014958_0186AB_rtc,2017-01-23T10:33:31.728575+00:00,2017-01-23,2017Q1,S1A,11,ascending,T1_ntt_fdc__v1,treatment,LINEAR_POWER_GAMMA0,3.4760451316833496,307,2.339778423309326,307
FROZEN,S1A_IW_GRDH_1SDV_20170123T103317_20170123T103346_014958_0186AB_rtc,2017-01-23T10:33:31.728575+00:00,2017-01-23,2017Q1,S1A,11,ascending,C1_hkex_dc__v1,control,LINEAR_POWER_GAMMA0,0.34058812260627747,55,0.08329758793115616,55
FROZEN,S1A_IW_GRDH_1SDV_20170123T103317_20170123T103346_014958_0186AB_rtc,2017-01-23T10:33:31.728575+00:00,2017-01-23,2017Q1,S1A,11,ascending,C2b_amc__v2,positive_control,LINEAR_POWER_GAMMA0,0.22030086815357208,260,0.039666540920734406,260
FROZEN,S1A_IW_GRDH_1SDV_20170123T103317_20170123T103346_014958_0186AB_rtc,2017-01-23T10:33:31.728575+00:00,2017-01-23,2017Q1,S1A,11,ascending,P1_vacant__v1,placebo,LINEAR_POWER_GAMMA0,0.20655769109725952,93,0.07692886888980865,93
FROZEN,S1A_IW_GRDH_1SDV_20170123T103317_20170123T103346_014958_0186AB_rtc,2017-01-23T10:33:31.728575+00:00,2017-01-23,2017Q1,S1A,11,ascending,X1_build_slab__v1,positive_control,LINEAR_POWER_GAMMA0,0.9561586380004883,67,0.1595660299062729,67
FROZEN,S1A_IW_GRDH_1SDV_20170123T103317_20170123T103346_014958_0186AB_rtc,2017-01-23T10:33:31.728575+00:00,2017-01-23,2017Q1,S1A,11,ascending,X2_build_site__v1,positive_control,LINEAR_POWER_GAMMA0,0.714125394821167,155,0.13704146444797516,155
FROZEN,S1A_IW_GRDH_1SDV_20170130T102504_20170130T102533_015060_0189C8_rtc,2017-01-30T10:25:18.852280+00:00,2017-01-30,2017Q1,S1A,113,ascending,T1_ntt_fdc__v1,treatment,LINEAR_POWER_GAMMA0,1.889113187789917,307,0.9447460770606995,307
FROZEN,S1A_IW_GRDH_1SDV_20170130T102504_20170130T102533_015060_0189C8_rtc,2017-01-30T10:25:18.852280+00:00,2017-01-30,2017Q1,S1A,113,ascending,C1_hkex_dc__v1,control,LINEAR_POWER_GAMMA0,0.27421197295188904,55,0.0647488608956337,55
FROZEN,S1A_IW_GRDH_1SDV_20170130T102504_20170130T102533_015060_0189C8_rtc,2017-01-30T10:25:18.852280+00:00,2017-01-30,2017Q1,S1A,113,ascending,C2b_amc__v2,positive_control,LINEAR_POWER_GAMMA0,0.3230219781398773,260,0.050690699368715286,260
FROZEN,S1A_IW_GRDH_1SDV_20170130T102504_20170130T102533_015060_0189C8_rtc,2017-01-30T10:25:18.852280+00:00,2017-01-30,2017Q1,S1A,113,ascending,P1_vacant__v1,placebo,LINEAR_POWER_GAMMA0,0.23876091837882996,93,0.05593790113925934,93
FROZEN,S1A_IW_GRDH_1SDV_20170130T102504_20170130T102533_015060_0189C8_rtc,2017-01-30T10:25:18.852280+00:00,2017-01-30,2017Q1,S1A,113,ascending,X1_build_slab__v1,positive_control,LINEAR_POWER_GAMMA0,0.521814227104187,67,0.11884912848472595,67
FROZEN,S1A_IW_GRDH_1SDV_20170130T102504_20170130T102533_015060_0189C8_rtc,2017-01-30T10:25:18.852280+00:00,2017-01-30,2017Q1,S1A,113,ascending,X2_build_site__v1,positive_control,LINEAR_POWER_GAMMA0,0.7471200227737427,155,0.13479942083358765,155
FROZEN,S1A_IW_GRDH_1SDV_20170204T103316_20170204T103346_015133_018BFA_rtc,2017-02-04T10:33:31.500709+00:00,2017-02-04,2017Q1,S1A,11,ascending,T1_ntt_fdc__v1,treatment,LINEAR_POWER_GAMMA0,3.483253240585327,307,2.348452568054199,307
FROZEN,S1A_IW_GRDH_1SDV_20170204T103316_20170204T103346_015133_018BFA_rtc,2017-02-04T10:33:31.500709+00:00,2017-02-04,2017Q1,S1A,11,ascending,C1_hkex_dc__v1,control,LINEAR_POWER_GAMMA0,0.3838995397090912,55,0.07784494012594223,55
FROZEN,S1A_IW_GRDH_1SDV_20170204T103316_20170204T103346_015133_018BFA_rtc,2017-02-04T10:33:31.500709+00:00,2017-02-04,2017Q1,S1A,11,ascending,C2b_amc__v2,positive_control,LINEAR_POWER_GAMMA0,0.38457340002059937,260,0.05719319358468056,260
FROZEN,S1A_IW_GRDH_1SDV_20170204T103316_20170204T103346_015133_018BFA_rtc,2017-02-04T10:33:31.500709+00:00,2017-02-04,2017Q1,S1A,11,ascending,P1_vacant__v1,placebo,LINEAR_POWER_GAMMA0,0.24360263347625732,93,0.07834916561841965,93
FROZEN,S1A_IW_GRDH_1SDV_20170204T103316_20170204T103346_015133_018BFA_rtc,2017-02-04T10:33:31.500709+00:00,2017-02-04,2017Q1,S1A,11,ascending,X1_build_slab__v1,positive_control,LINEAR_POWER_GAMMA0,1.261096715927124,67,0.16070038080215454,67
FROZEN,S1A_IW_GRDH_1SDV_20170204T103316_20170204T103346_015133_018BFA_rtc,2017-02-04T10:33:31.500709+00:00,2017-02-04,2017Q1,S1A,11,ascending,X2_build_site__v1,positive_control,LINEAR_POWER_GAMMA0,0.8926604986190796,155,0.15512827038764954,155
FROZEN,S1A_IW_GRDH_1SDV_20170211T102504_20170211T102533_015235_018F3E_rtc,2017-02-11T10:25:18.620533+00:00,2017-02-11,2017Q1,S1A,113,ascending,T1_ntt_fdc__v1,treatment,LINEAR_POWER_GAMMA0,1.4405853748321533,307,0.794844925403595,307
FROZEN,S1A_IW_GRDH_1SDV_20170211T102504_20170211T102533_015235_018F3E_rtc,2017-02-11T10:25:18.620533+00:00,2017-02-11,2017Q1,S1A,113,ascending,C1_hkex_dc__v1,control,LINEAR_POWER_GAMMA0,0.2537284195423126,55,0.06407661736011505,55
FROZEN,S1A_IW_GRDH_1SDV_20170211T102504_20170211T102533_015235_018F3E_rtc,2017-02-11T10:25:18.620533+00:00,2017-02-11,2017Q1,S1A,113,ascending,C2b_amc__v2,positive_control,LINEAR_POWER_GAMMA0,0.21447062492370605,260,0.04242745041847229,260
FROZEN,S1A_IW_GRDH_1SDV_20170211T102504_20170211T102533_015235_018F3E_rtc,2017-02-11T10:25:18.620533+00:00,2017-02-11,2017Q1,S1A,113,ascending,P1_vacant__v1,placebo,LINEAR_POWER_GAMMA0,0.30513641238212585,93,0.04609474912285805,93
FROZEN,S1A_IW_GRDH_1SDV_20170211T102504_20170211T102533_015235_018F3E_rtc,2017-02-11T10:25:18.620533+00:00,2017-02-11,2017Q1,S1A,113,ascending,X1_build_slab__v1,positive_control,LINEAR_POWER_GAMMA0,1.1214120388031006,67,0.14877548813819885,67
FROZEN,S1A_IW_GRDH_1SDV_20170211T102504_20170211T102533_015235_018F3E_rtc,2017-02-11T10:25:18.620533+00:00,2017-02-11,2017Q1,S1A,113,ascending,X2_build_site__v1,positive_control,LINEAR_POWER_GAMMA0,0.8689206838607788,155,0.14185014367103577,155
FROZEN,S1A_IW_GRDH_1SDV_20170216T103316_20170216T103345_015308_019180_rtc,2017-02-16T10:33:31.141306+00:00,2017-02-16,2017Q1,S1A,11,ascending,T1_ntt_fdc__v1,treatment,LINEAR_POWER_GAMMA0,3.431251287460327,307,2.266732931137085,307
FROZEN,S1A_IW_GRDH_1SDV_20170216T103316_20170216T103345_015308_019180_rtc,2017-02-16T10:33:31.141306+00:00,2017-02-16,2017Q1,S1A,11,ascending,C1_hkex_dc__v1,control,LINEAR_POWER_GAMMA0,0.3353244364261627,55,0.07689317315816879,55
FROZEN,S1A_IW_GRDH_1SDV_20170216T103316_20170216T103345_015308_019180_rtc,2017-02-16T10:33:31.141306+00:00,2017-02-16,2017Q1,S1A,11,ascending,C2b_amc__v2,positive_control,LINEAR_POWER_GAMMA0,0.3047691285610199,260,0.04788566380739212,260
FROZEN,S1A_IW_GRDH_1SDV_20170216T103316_20170216T103345_015308_019180_rtc,2017-02-16T10:33:31.141306+00:00,2017-02-16,2017Q1,S1A,11,ascending,P1_vacant__v1,placebo,LINEAR_POWER_GAMMA0,0.18181997537612915,93,0.08186490833759308,93
FROZEN,S1A_IW_GRDH_1SDV_20170216T103316_20170216T103345_015308_019180_rtc,2017-02-16T10:33:31.141306+00:00,2017-02-16,2017Q1,S1A,11,ascending,X1_build_slab__v1,positive_control,LINEAR_POWER_GAMMA0,1.3544427156448364,67,0.17331798374652863,67
FROZEN,S1A_IW_GRDH_1SDV_20170216T103316_20170216T103345_015308_019180_rtc,2017-02-16T10:33:31.141306+00:00,2017-02-16,2017Q1,S1A,11,ascending,X2_build_site__v1,positive_control,LINEAR_POWER_GAMMA0,0.9269724488258362,155,0.14208368957042694,155
FROZEN,S1A_IW_GRDH_1SDV_20170223T102503_20170223T102532_015410_0194A7_rtc,2017-02-23T10:25:18.493908+00:00,2017-02-23,2017Q1,S1A,113,ascending,T1_ntt_fdc__v1,treatment,LINEAR_POWER_GAMMA0,1.3769277334213257,307,0.7841442823410034,307
FROZEN,S1A_IW_GRDH_1SDV_20170223T102503_20170223T102532_015410_0194A7_rtc,2017-02-23T10:25:18.493908+00:00,2017-02-23,2017Q1,S1A,113,ascending,C1_hkex_dc__v1,control,LINEAR_POWER_GAMMA0,0.27600011229515076,55,0.0989590734243393,55
FROZEN,S1A_IW_GRDH_1SDV_20170223T102503_20170223T102532_015410_0194A7_rtc,2017-02-23T10:25:18.493908+00:00,2017-02-23,2017Q1,S1A,113,ascending,C2b_amc__v2,positive_control,LINEAR_POWER_GAMMA0,0.3849698603153229,260,0.06364930421113968,260
FROZEN,S1A_IW_GRDH_1SDV_20170223T102503_20170223T102532_015410_0194A7_rtc,2017-02-23T10:25:18.493908+00:00,2017-02-23,2017Q1,S1A,113,ascending,P1_vacant__v1,placebo,LINEAR_POWER_GAMMA0,0.24082307517528534,93,0.058741990476846695,93
FROZEN,S1A_IW_GRDH_1SDV_20170223T102503_20170223T102532_015410_0194A7_rtc,2017-02-23T10:25:18.493908+00:00,2017-02-23,2017Q1,S1A,113,ascending,X1_build_slab__v1,positive_control,LINEAR_POWER_GAMMA0,0.7821464538574219,67,0.25961852073669434,67
FROZEN,S1A_IW_GRDH_1SDV_20170223T102503_20170223T102532_015410_0194A7_rtc,2017-02-23T10:25:18.493908+00:00,2017-02-23,2017Q1,S1A,113,ascending,X2_build_site__v1,positive_control,LINEAR_POWER_GAMMA0,0.6300359964370728,155,0.21587027609348297,155
FROZEN,S1A_IW_GRDH_1SDV_20170228T103316_20170228T103345_015483_0196DA_rtc,2017-02-28T10:33:31.050838+00:00,2017-02-28,2017Q1,S1A,11,ascending,T1_ntt_fdc__v1,treatment,LINEAR_POWER_GAMMA0,3.3999862670898438,307,2.2775514125823975,307
FROZEN,S1A_IW_GRDH_1SDV_20170228T103316_20170228T103345_015483_0196DA_rtc,2017-02-28T10:33:31.050838+00:00,2017-02-28,2017Q1,S1A,11,ascending,C1_hkex_dc__v1,control,LINEAR_POWER_GAMMA0,0.3730977177619934,55,0.09278431534767151,55
FROZEN,S1A_IW_GRDH_1SDV_20170228T103316_20170228T103345_015483_0196DA_rtc,2017-02-28T10:33:31.050838+00:00,2017-02-28,2017Q1,S1A,11,ascending,C2b_amc__v2,positive_control,LINEAR_POWER_GAMMA0,0.3510379493236542,260,0.05619806796312332,260
FROZEN,S1A_IW_GRDH_1SDV_20170228T103316_20170228T103345_015483_0196DA_rtc,2017-02-28T10:33:31.050838+00:00,2017-02-28,2017Q1,S1A,11,ascending,P1_vacant__v1,placebo,LINEAR_POWER_GAMMA0,0.19126826524734497,93,0.0786820575594902,93
FROZEN,S1A_IW_GRDH_1SDV_20170228T103316_20170228T103345_015483_0196DA_rtc,2017-02-28T10:33:31.050838+00:00,2017-02-28,2017Q1,S1A,11,ascending,X1_build_slab__v1,positive_control,LINEAR_POWER_GAMMA0,1.6217803955078125,67,0.17792776226997375,67
FROZEN,S1A_IW_GRDH_1SDV_20170228T103316_20170228T103345_015483_0196DA_rtc,2017-02-28T10:33:31.050838+00:00,2017-02-28,2017Q1,S1A,11,ascending,X2_build_site__v1,positive_control,LINEAR_POWER_GAMMA0,1.199855923652649,155,0.1518067866563797,155
FROZEN,S1A_IW_GRDH_1SDV_20170307T102503_20170307T102532_015585_0199F1_rtc,2017-03-07T10:25:18.440274+00:00,2017-03-07,2017Q1,S1A,113,ascending,T1_ntt_fdc__v1,treatment,LINEAR_POWER_GAMMA0,1.2339736223220825,307,0.7199046015739441,307
FROZEN,S1A_IW_GRDH_1SDV_20170307T102503_20170307T102532_015585_0199F1_rtc,2017-03-07T10:25:18.440274+00:00,2017-03-07,2017Q1,S1A,113,ascending,C1_hkex_dc__v1,control,LINEAR_POWER_GAMMA0,0.25030219554901123,55,0.07419003546237946,55
FROZEN,S1A_IW_GRDH_1SDV_20170307T102503_20170307T102532_015585_0199F1_rtc,2017-03-07T10:25:18.440274+00:00,2017-03-07,2017Q1,S1A,113,ascending,C2b_amc__v2,positive_control,LINEAR_POWER_GAMMA0,0.2672470211982727,260,0.0536845400929451,260
FROZEN,S1A_IW_GRDH_1SDV_20170307T102503_20170307T102532_015585_0199F1_rtc,2017-03-07T10:25:18.440274+00:00,2017-03-07,2017Q1,S1A,113,ascending,P1_vacant__v1,placebo,LINEAR_POWER_GAMMA0,0.1928565353155136,93,0.05772488936781883,93
FROZEN,S1A_IW_GRDH_1SDV_20170307T102503_20170307T102532_015585_0199F1_rtc,2017-03-07T10:25:18.440274+00:00,2017-03-07,2017Q1,S1A,113,ascending,X1_build_slab__v1,positive_control,LINEAR_POWER_GAMMA0,1.0244475603103638,67,0.1606014519929886,67
FROZEN,S1A_IW_GRDH_1SDV_20170307T102503_20170307T102532_015585_0199F1_rtc,2017-03-07T10:25:18.440274+00:00,2017-03-07,2017Q1,S1A,113,ascending,X2_build_site__v1,positive_control,LINEAR_POWER_GAMMA0,0.8300368785858154,155,0.17176572978496552,155
FROZEN,S1A_IW_GRDH_1SDV_20170312T103303_20170312T103332_015658_019C22_rtc,2017-03-12T10:33:17.534193+00:00,2017-03-12,2017Q1,S1A,11,ascending,T1_ntt_fdc__v1,treatment,LINEAR_POWER_GAMMA0,3.7680563926696777,307,2.3290412425994873,307
FROZEN,S1A_IW_GRDH_1SDV_20170312T103303_20170312T103332_015658_019C22_rtc,2017-03-12T10:33:17.534193+00:00,2017-03-12,2017Q1,S1A,11,ascending,C1_hkex_dc__v1,control,LINEAR_POWER_GAMMA0,0.43007078766822815,55,0.09848456084728241,55
FROZEN,S1A_IW_GRDH_1SDV_20170312T103303_20170312T103332_015658_019C22_rtc,2017-03-12T10:33:17.534193+00:00,2017-03-12,2017Q1,S1A,11,ascending,C2b_amc__v2,positive_control,LINEAR_POWER_GAMMA0,0.5248430371284485,260,0.05941954255104065,260
FROZEN,S1A_IW_GRDH_1SDV_20170312T103303_20170312T103332_015658_019C22_rtc,2017-03-12T10:33:17.534193+00:00,2017-03-12,2017Q1,S1A,11,ascending,P1_vacant__v1,placebo,LINEAR_POWER_GAMMA0,0.7813591957092285,93,0.08486687391996384,93
FROZEN,S1A_IW_GRDH_1SDV_20170312T103303_20170312T103332_015658_019C22_rtc,2017-03-12T10:33:17.534193+00:00,2017-03-12,2017Q1,S1A,11,ascending,X1_build_slab__v1,positive_control,LINEAR_POWER_GAMMA0,1.3732482194900513,67,0.13123126327991486,67
FROZEN,S1A_IW_GRDH_1SDV_20170312T103303_20170312T103332_015658_019C22_rtc,2017-03-12T10:33:17.534193+00:00,2017-03-12,2017Q1,S1A,11,ascending,X2_build_site__v1,positive_control,LINEAR_POWER_GAMMA0,1.107084035873413,155,0.13950450718402863,155
FROZEN,S1A_IW_GRDH_1SDV_20170319T102450_20170319T102519_015760_019F24_rtc,2017-03-19T10:25:04.921927+00:00,2017-03-19,2017Q1,S1A,113,ascending,T1_ntt_fdc__v1,treatment,LINEAR_POWER_GAMMA0,2.119478702545166,307,0.9945063591003418,307
FROZEN,S1A_IW_GRDH_1SDV_20170319T102450_20170319T102519_015760_019F24_rtc,2017-03-19T10:25:04.921927+00:00,2017-03-19,2017Q1,S1A,113,ascending,C1_hkex_dc__v1,control,LINEAR_POWER_GAMMA0,0.29358991980552673,55,0.05418313667178154,55
FROZEN,S1A_IW_GRDH_1SDV_20170319T102450_20170319T102519_015760_019F24_rtc,2017-03-19T10:25:04.921927+00:00,2017-03-19,2017Q1,S1A,113,ascending,C2b_amc__v2,positive_control,LINEAR_POWER_GAMMA0,0.39699360728263855,260,0.09630854427814484,260
FROZEN,S1A_IW_GRDH_1SDV_20170319T102450_20170319T102519_015760_019F24_rtc,2017-03-19T10:25:04.921927+00:00,2017-03-19,2017Q1,S1A,113,ascending,P1_vacant__v1,placebo,LINEAR_POWER_GAMMA0,0.3204222321510315,93,0.0687645897269249,93
FROZEN,S1A_IW_GRDH_1SDV_20170319T102450_20170319T102519_015760_019F24_rtc,2017-03-19T10:25:04.921927+00:00,2017-03-19,2017Q1,S1A,113,ascending,X1_build_slab__v1,positive_control,LINEAR_POWER_GAMMA0,1.4142677783966064,67,0.18290142714977264,67
FROZEN,S1A_IW_GRDH_1SDV_20170319T102450_20170319T102519_015760_019F24_rtc,2017-03-19T10:25:04.921927+00:00,2017-03-19,2017Q1,S1A,113,ascending,X2_build_site__v1,positive_control,LINEAR_POWER_GAMMA0,1.0585901737213135,155,0.22945654392242432,155
FROZEN,S1A_IW_GRDH_1SDV_20170324T103303_20170324T103332_015833_01A154_rtc,2017-03-24T10:33:17.714565+00:00,2017-03-24,2017Q1,S1A,11,ascending,T1_ntt_fdc__v1,treatment,LINEAR_POWER_GAMMA0,3.54398775100708,307,2.3555643558502197,307
FROZEN,S1A_IW_GRDH_1SDV_20170324T103303_20170324T103332_015833_01A154_rtc,2017-03-24T10:33:17.714565+00:00,2017-03-24,2017Q1,S1A,11,ascending,C1_hkex_dc__v1,control,LINEAR_POWER_GAMMA0,0.3610796630382538,55,0.08989647030830383,55
FROZEN,S1A_IW_GRDH_1SDV_20170324T103303_20170324T103332_015833_01A154_rtc,2017-03-24T10:33:17.714565+00:00,2017-03-24,2017Q1,S1A,11,ascending,C2b_amc__v2,positive_control,LINEAR_POWER_GAMMA0,0.31812921166419983,260,0.0582536943256855,260
FROZEN,S1A_IW_GRDH_1SDV_20170324T103303_20170324T103332_015833_01A154_rtc,2017-03-24T10:33:17.714565+00:00,2017-03-24,2017Q1,S1A,11,ascending,P1_vacant__v1,placebo,LINEAR_POWER_GAMMA0,0.29624560475349426,93,0.09097328037023544,93
FROZEN,S1A_IW_GRDH_1SDV_20170324T103303_20170324T103332_015833_01A154_rtc,2017-03-24T10:33:17.714565+00:00,2017-03-24,2017Q1,S1A,11,ascending,X1_build_slab__v1,positive_control,LINEAR_POWER_GAMMA0,1.4391347169876099,67,0.10095203667879105,67
FROZEN,S1A_IW_GRDH_1SDV_20170324T103303_20170324T103332_015833_01A154_rtc,2017-03-24T10:33:17.714565+00:00,2017-03-24,2017Q1,S1A,11,ascending,X2_build_site__v1,positive_control,LINEAR_POWER_GAMMA0,1.1287379264831543,155,0.13693110644817352,155
FROZEN,S1A_IW_GRDH_1SDV_20170331T102450_20170331T102519_015935_01A45A_rtc,2017-03-31T10:25:05.222588+00:00,2017-03-31,2017Q1,S1A,113,ascending,T1_ntt_fdc__v1,treatment,LINEAR_POWER_GAMMA0,1.9077717065811157,307,0.9393901228904724,307
FROZEN,S1A_IW_GRDH_1SDV_20170331T102450_20170331T102519_015935_01A45A_rtc,2017-03-31T10:25:05.222588+00:00,2017-03-31,2017Q1,S1A,113,ascending,C1_hkex_dc__v1,control,LINEAR_POWER_GAMMA0,0.2608810365200043,55,0.091438889503479,55
FROZEN,S1A_IW_GRDH_1SDV_20170331T102450_20170331T102519_015935_01A45A_rtc,2017-03-31T10:25:05.222588+00:00,2017-03-31,2017Q1,S1A,113,ascending,C2b_amc__v2,positive_control,LINEAR_POWER_GAMMA0,0.36942994594573975,260,0.07728331536054611,260
FROZEN,S1A_IW_GRDH_1SDV_20170331T102450_20170331T102519_015935_01A45A_rtc,2017-03-31T10:25:05.222588+00:00,2017-03-31,2017Q1,S1A,113,ascending,P1_vacant__v1,placebo,LINEAR_POWER_GAMMA0,0.2980770766735077,93,0.06607133895158768,93
FROZEN,S1A_IW_GRDH_1SDV_20170331T102450_20170331T102519_015935_01A45A_rtc,2017-03-31T10:25:05.222588+00:00,2017-03-31,2017Q1,S1A,113,ascending,X1_build_slab__v1,positive_control,LINEAR_POWER_GAMMA0,0.8909488320350647,67,0.11988578736782074,67
FROZEN,S1A_IW_GRDH_1SDV_20170331T102450_20170331T102519_015935_01A45A_rtc,2017-03-31T10:25:05.222588+00:00,2017-03-31,2017Q1,S1A,113,ascending,X2_build_site__v1,positive_control,LINEAR_POWER_GAMMA0,0.7998853921890259,155,0.1666824072599411,155
FROZEN,S1A_IW_GRDH_1SDV_20170405T103303_20170405T103332_016008_01A685_rtc,2017-04-05T10:33:18.183124+00:00,2017-04-05,2017Q2,S1A,11,ascending,T1_ntt_fdc__v1,treatment,LINEAR_POWER_GAMMA0,3.401931047439575,307,2.419351816177368,307
FROZEN,S1A_IW_GRDH_1SDV_20170405T103303_20170405T103332_016008_01A685_rtc,2017-04-05T10:33:18.183124+00:00,2017-04-05,2017Q2,S1A,11,ascending,C1_hkex_dc__v1,control,LINEAR_POWER_GAMMA0,0.36987149715423584,55,0.10209426283836365,55
FROZEN,S1A_IW_GRDH_1SDV_20170405T103303_20170405T103332_016008_01A685_rtc,2017-04-05T10:33:18.183124+00:00,2017-04-05,2017Q2,S1A,11,ascending,C2b_amc__v2,positive_control,LINEAR_POWER_GAMMA0,0.30388757586479187,260,0.060395680367946625,260
FROZEN,S1A_IW_GRDH_1SDV_20170405T103303_20170405T103332_016008_01A685_rtc,2017-04-05T10:33:18.183124+00:00,2017-04-05,2017Q2,S1A,11,ascending,P1_vacant__v1,placebo,LINEAR_POWER_GAMMA0,0.2938760221004486,93,0.08209417760372162,93
FROZEN,S1A_IW_GRDH_1SDV_20170405T103303_20170405T103332_016008_01A685_rtc,2017-04-05T10:33:18.183124+00:00,2017-04-05,2017Q2,S1A,11,ascending,X1_build_slab__v1,positive_control,LINEAR_POWER_GAMMA0,1.269797444343567,67,0.16657131910324097,67
FROZEN,S1A_IW_GRDH_1SDV_20170405T103303_20170405T103332_016008_01A685_rtc,2017-04-05T10:33:18.183124+00:00,2017-04-05,2017Q2,S1A,11,ascending,X2_build_site__v1,positive_control,LINEAR_POWER_GAMMA0,0.8718161582946777,155,0.16731052100658417,155
FROZEN,S1A_IW_GRDH_1SDV_20170412T102451_20170412T102520_016110_01A9A5_rtc,2017-04-12T10:25:05.723237+00:00,2017-04-12,2017Q2,S1A,113,ascending,T1_ntt_fdc__v1,treatment,LINEAR_POWER_GAMMA0,1.8427767753601074,307,0.8951101899147034,307
FROZEN,S1A_IW_GRDH_1SDV_20170412T102451_20170412T102520_016110_01A9A5_rtc,2017-04-12T10:25:05.723237+00:00,2017-04-12,2017Q2,S1A,113,ascending,C1_hkex_dc__v1,control,LINEAR_POWER_GAMMA0,0.30012673139572144,55,0.07540960609912872,55
FROZEN,S1A_IW_GRDH_1SDV_20170412T102451_20170412T102520_016110_01A9A5_rtc,2017-04-12T10:25:05.723237+00:00,2017-04-12,2017Q2,S1A,113,ascending,C2b_amc__v2,positive_control,LINEAR_POWER_GAMMA0,0.330466628074646,260,0.07842022180557251,260
FROZEN,S1A_IW_GRDH_1SDV_20170412T102451_20170412T102520_016110_01A9A5_rtc,2017-04-12T10:25:05.723237+00:00,2017-04-12,2017Q2,S1A,113,ascending,P1_vacant__v1,placebo,LINEAR_POWER_GAMMA0,0.3136725425720215,93,0.07442491501569748,93
FROZEN,S1A_IW_GRDH_1SDV_20170412T102451_20170412T102520_016110_01A9A5_rtc,2017-04-12T10:25:05.723237+00:00,2017-04-12,2017Q2,S1A,113,ascending,X1_build_slab__v1,positive_control,LINEAR_POWER_GAMMA0,0.739881157875061,67,0.19150039553642273,67
FROZEN,S1A_IW_GRDH_1SDV_20170412T102451_20170412T102520_016110_01A9A5_rtc,2017-04-12T10:25:05.723237+00:00,2017-04-12,2017Q2,S1A,113,ascending,X2_build_site__v1,positive_control,LINEAR_POWER_GAMMA0,0.692566990852356,155,0.19038847088813782,155
FROZEN,S1A_IW_GRDH_1SDV_20170417T103304_20170417T103333_016183_01ABE3_rtc,2017-04-17T10:33:18.781152+00:00,2017-04-17,2017Q2,S1A,11,ascending,T1_ntt_fdc__v1,treatment,LINEAR_POWER_GAMMA0,3.6105010509490967,307,2.395474910736084,307
FROZEN,S1A_IW_GRDH_1SDV_20170417T103304_20170417T103333_016183_01ABE3_rtc,2017-04-17T10:33:18.781152+00:00,2017-04-17,2017Q2,S1A,11,ascending,C1_hkex_dc__v1,control,LINEAR_POWER_GAMMA0,0.40479257702827454,55,0.09041821956634521,55
FROZEN,S1A_IW_GRDH_1SDV_20170417T103304_20170417T103333_016183_01ABE3_rtc,2017-04-17T10:33:18.781152+00:00,2017-04-17,2017Q2,S1A,11,ascending,C2b_amc__v2,positive_control,LINEAR_POWER_GAMMA0,0.29140353202819824,260,0.06617559492588043,260
FROZEN,S1A_IW_GRDH_1SDV_20170417T103304_20170417T103333_016183_01ABE3_rtc,2017-04-17T10:33:18.781152+00:00,2017-04-17,2017Q2,S1A,11,ascending,P1_vacant__v1,placebo,LINEAR_POWER_GAMMA0,0.22050052881240845,93,0.07637730240821838,93
FROZEN,S1A_IW_GRDH_1SDV_20170417T103304_20170417T103333_016183_01ABE3_rtc,2017-04-17T10:33:18.781152+00:00,2017-04-17,2017Q2,S1A,11,ascending,X1_build_slab__v1,positive_control,LINEAR_POWER_GAMMA0,1.1023507118225098,67,0.13319380581378937,67
FROZEN,S1A_IW_GRDH_1SDV_20170417T103304_20170417T103333_016183_01ABE3_rtc,2017-04-17T10:33:18.781152+00:00,2017-04-17,2017Q2,S1A,11,ascending,X2_build_site__v1,positive_control,LINEAR_POWER_GAMMA0,0.8697719573974609,155,0.14944489300251007,155
FROZEN,S1A_IW_GRDH_1SDV_20170424T102451_20170424T102520_016285_01AF06_rtc,2017-04-24T10:25:06.259339+00:00,2017-04-24,2017Q2,S1A,113,ascending,T1_ntt_fdc__v1,treatment,LINEAR_POWER_GAMMA0,1.4463773965835571,307,0.7143179178237915,307
FROZEN,S1A_IW_GRDH_1SDV_20170424T102451_20170424T102520_016285_01AF06_rtc,2017-04-24T10:25:06.259339+00:00,2017-04-24,2017Q2,S1A,113,ascending,C1_hkex_dc__v1,control,LINEAR_POWER_GAMMA0,0.2651047706604004,55,0.07732303440570831,55
FROZEN,S1A_IW_GRDH_1SDV_20170424T102451_20170424T102520_016285_01AF06_rtc,2017-04-24T10:25:06.259339+00:00,2017-04-24,2017Q2,S1A,113,ascending,C2b_amc__v2,positive_control,LINEAR_POWER_GAMMA0,0.3211018741130829,260,0.06625983864068985,260
FROZEN,S1A_IW_GRDH_1SDV_20170424T102451_20170424T102520_016285_01AF06_rtc,2017-04-24T10:25:06.259339+00:00,2017-04-24,2017Q2,S1A,113,ascending,P1_vacant__v1,placebo,LINEAR_POWER_GAMMA0,0.26756200194358826,93,0.06880452483892441,93
FROZEN,S1A_IW_GRDH_1SDV_20170424T102451_20170424T102520_016285_01AF06_rtc,2017-04-24T10:25:06.259339+00:00,2017-04-24,2017Q2,S1A,113,ascending,X1_build_slab__v1,positive_control,LINEAR_POWER_GAMMA0,0.8165243268013,67,0.17509442567825317,67
FROZEN,S1A_IW_GRDH_1SDV_20170424T102451_20170424T102520_016285_01AF06_rtc,2017-04-24T10:25:06.259339+00:00,2017-04-24,2017Q2,S1A,113,ascending,X2_build_site__v1,positive_control,LINEAR_POWER_GAMMA0,0.7305998206138611,155,0.19083349406719208,155
FROZEN,S1A_IW_GRDH_1SDV_20170429T103304_20170429T103333_016358_01B134_rtc,2017-04-29T10:33:19.204247+00:00,2017-04-29,2017Q2,S1A,11,ascending,T1_ntt_fdc__v1,treatment,LINEAR_POWER_GAMMA0,3.4192585945129395,307,2.298771858215332,307
FROZEN,S1A_IW_GRDH_1SDV_20170429T103304_20170429T103333_016358_01B134_rtc,2017-04-29T10:33:19.204247+00:00,2017-04-29,2017Q2,S1A,11,ascending,C1_hkex_dc__v1,control,LINEAR_POWER_GAMMA0,0.376921683549881,55,0.09013254195451736,55
FROZEN,S1A_IW_GRDH_1SDV_20170429T103304_20170429T103333_016358_01B134_rtc,2017-04-29T10:33:19.204247+00:00,2017-04-29,2017Q2,S1A,11,ascending,C2b_amc__v2,positive_control,LINEAR_POWER_GAMMA0,0.5725527405738831,260,0.05526382848620415,260
FROZEN,S1A_IW_GRDH_1SDV_20170429T103304_20170429T103333_016358_01B134_rtc,2017-04-29T10:33:19.204247+00:00,2017-04-29,2017Q2,S1A,11,ascending,P1_vacant__v1,placebo,LINEAR_POWER_GAMMA0,0.2232271283864975,93,0.07650783658027649,93
FROZEN,S1A_IW_GRDH_1SDV_20170429T103304_20170429T103333_016358_01B134_rtc,2017-04-29T10:33:19.204247+00:00,2017-04-29,2017Q2,S1A,11,ascending,X1_build_slab__v1,positive_control,LINEAR_POWER_GAMMA0,0.6022452712059021,67,0.11341674625873566,67
FROZEN,S1A_IW_GRDH_1SDV_20170429T103304_20170429T103333_016358_01B134_rtc,2017-04-29T10:33:19.204247+00:00,2017-04-29,2017Q2,S1A,11,ascending,X2_build_site__v1,positive_control,LINEAR_POWER_GAMMA0,0.8695827126502991,155,0.17315129935741425,155
FROZEN,S1A_IW_GRDH_1SDV_20170506T102452_20170506T102521_016460_01B44A_rtc,2017-05-06T10:25:07.051609+00:00,2017-05-06,2017Q2,S1A,113,ascending,T1_ntt_fdc__v1,treatment,LINEAR_POWER_GAMMA0,1.5217205286026,307,0.7096401453018188,307
FROZEN,S1A_IW_GRDH_1SDV_20170506T102452_20170506T102521_016460_01B44A_rtc,2017-05-06T10:25:07.051609+00:00,2017-05-06,2017Q2,S1A,113,ascending,C1_hkex_dc__v1,control,LINEAR_POWER_GAMMA0,0.23592549562454224,55,0.054203812032938004,55
FROZEN,S1A_IW_GRDH_1SDV_20170506T102452_20170506T102521_016460_01B44A_rtc,2017-05-06T10:25:07.051609+00:00,2017-05-06,2017Q2,S1A,113,ascending,C2b_amc__v2,positive_control,LINEAR_POWER_GAMMA0,0.24918870627880096,260,0.044824473559856415,260
FROZEN,S1A_IW_GRDH_1SDV_20170506T102452_20170506T102521_016460_01B44A_rtc,2017-05-06T10:25:07.051609+00:00,2017-05-06,2017Q2,S1A,113,ascending,P1_vacant__v1,placebo,LINEAR_POWER_GAMMA0,0.29939964413642883,93,0.06672126799821854,93
FROZEN,S1A_IW_GRDH_1SDV_20170506T102452_20170506T102521_016460_01B44A_rtc,2017-05-06T10:25:07.051609+00:00,2017-05-06,2017Q2,S1A,113,ascending,X1_build_slab__v1,positive_control,LINEAR_POWER_GAMMA0,0.8209717869758606,67,0.17330633103847504,67
FROZEN,S1A_IW_GRDH_1SDV_20170506T102452_20170506T102521_016460_01B44A_rtc,2017-05-06T10:25:07.051609+00:00,2017-05-06,2017Q2,S1A,113,ascending,X2_build_site__v1,positive_control,LINEAR_POWER_GAMMA0,0.927491307258606,155,0.16597166657447815,155
FROZEN,S1A_IW_GRDH_1SDV_20170511T103305_20170511T103334_016533_01B67A_rtc,2017-05-11T10:33:19.953393+00:00,2017-05-11,2017Q2,S1A,11,ascending,T1_ntt_fdc__v1,treatment,LINEAR_POWER_GAMMA0,3.533893346786499,307,2.418882369995117,307
FROZEN,S1A_IW_GRDH_1SDV_20170511T103305_20170511T103334_016533_01B67A_rtc,2017-05-11T10:33:19.953393+00:00,2017-05-11,2017Q2,S1A,11,ascending,C1_hkex_dc__v1,control,LINEAR_POWER_GAMMA0,0.3321484625339508,55,0.08904819190502167,55
FROZEN,S1A_IW_GRDH_1SDV_20170511T103305_20170511T103334_016533_01B67A_rtc,2017-05-11T10:33:19.953393+00:00,2017-05-11,2017Q2,S1A,11,ascending,C2b_amc__v2,positive_control,LINEAR_POWER_GAMMA0,0.33740293979644775,260,0.042098984122276306,260
FROZEN,S1A_IW_GRDH_1SDV_20170511T103305_20170511T103334_016533_01B67A_rtc,2017-05-11T10:33:19.953393+00:00,2017-05-11,2017Q2,S1A,11,ascending,P1_vacant__v1,placebo,LINEAR_POWER_GAMMA0,0.22353608906269073,93,0.08069486916065216,93
FROZEN,S1A_IW_GRDH_1SDV_20170511T103305_20170511T103334_016533_01B67A_rtc,2017-05-11T10:33:19.953393+00:00,2017-05-11,2017Q2,S1A,11,ascending,X1_build_slab__v1,positive_control,LINEAR_POWER_GAMMA0,0.9583699107170105,67,0.1301794946193695,67
FROZEN,S1A_IW_GRDH_1SDV_20170511T103305_20170511T103334_016533_01B67A_rtc,2017-05-11T10:33:19.953393+00:00,2017-05-11,2017Q2,S1A,11,ascending,X2_build_site__v1,positive_control,LINEAR_POWER_GAMMA0,0.867499589920044,155,0.1658088117837906,155
FROZEN,S1A_IW_GRDH_1SDV_20170518T102453_20170518T102522_016635_01B9A2_rtc,2017-05-18T10:25:07.627591+00:00,2017-05-18,2017Q2,S1A,113,ascending,T1_ntt_fdc__v1,treatment,LINEAR_POWER_GAMMA0,1.4452966451644897,307,0.6748484373092651,307
FROZEN,S1A_IW_GRDH_1SDV_20170518T102453_20170518T102522_016635_01B9A2_rtc,2017-05-18T10:25:07.627591+00:00,2017-05-18,2017Q2,S1A,113,ascending,C1_hkex_dc__v1,control,LINEAR_POWER_GAMMA0,0.2678748369216919,55,0.07067053765058517,55
FROZEN,S1A_IW_GRDH_1SDV_20170518T102453_20170518T102522_016635_01B9A2_rtc,2017-05-18T10:25:07.627591+00:00,2017-05-18,2017Q2,S1A,113,ascending,C2b_amc__v2,positive_control,LINEAR_POWER_GAMMA0,0.21406850218772888,260,0.0448848120868206,260
FROZEN,S1A_IW_GRDH_1SDV_20170518T102453_20170518T102522_016635_01B9A2_rtc,2017-05-18T10:25:07.627591+00:00,2017-05-18,2017Q2,S1A,113,ascending,P1_vacant__v1,placebo,LINEAR_POWER_GAMMA0,0.26974087953567505,93,0.054706983268260956,93
FROZEN,S1A_IW_GRDH_1SDV_20170518T102453_20170518T102522_016635_01B9A2_rtc,2017-05-18T10:25:07.627591+00:00,2017-05-18,2017Q2,S1A,113,ascending,X1_build_slab__v1,positive_control,LINEAR_POWER_GAMMA0,0.6738230586051941,67,0.17597781121730804,67
FROZEN,S1A_IW_GRDH_1SDV_20170518T102453_20170518T102522_016635_01B9A2_rtc,2017-05-18T10:25:07.627591+00:00,2017-05-18,2017Q2,S1A,113,ascending,X2_build_site__v1,positive_control,LINEAR_POWER_GAMMA0,0.732993483543396,155,0.18495088815689087,155
FROZEN,S1A_IW_GRDH_1SDV_20170523T103305_20170523T103334_016708_01BBE4_rtc,2017-05-23T10:33:20.434779+00:00,2017-05-23,2017Q2,S1A,11,ascending,T1_ntt_fdc__v1,treatment,LINEAR_POWER_GAMMA0,3.8622474670410156,307,2.3199143409729004,307
FROZEN,S1A_IW_GRDH_1SDV_20170523T103305_20170523T103334_016708_01BBE4_rtc,2017-05-23T10:33:20.434779+00:00,2017-05-23,2017Q2,S1A,11,ascending,C1_hkex_dc__v1,control,LINEAR_POWER_GAMMA0,0.4091850221157074,55,0.0953894630074501,55
FROZEN,S1A_IW_GRDH_1SDV_20170523T103305_20170523T103334_016708_01BBE4_rtc,2017-05-23T10:33:20.434779+00:00,2017-05-23,2017Q2,S1A,11,ascending,C2b_amc__v2,positive_control,LINEAR_POWER_GAMMA0,0.6400893926620483,260,0.048868149518966675,260
FROZEN,S1A_IW_GRDH_1SDV_20170523T103305_20170523T103334_016708_01BBE4_rtc,2017-05-23T10:33:20.434779+00:00,2017-05-23,2017Q2,S1A,11,ascending,P1_vacant__v1,placebo,LINEAR_POWER_GAMMA0,0.25213250517845154,93,0.07144010066986084,93
FROZEN,S1A_IW_GRDH_1SDV_20170523T103305_20170523T103334_016708_01BBE4_rtc,2017-05-23T10:33:20.434779+00:00,2017-05-23,2017Q2,S1A,11,ascending,X1_build_slab__v1,positive_control,LINEAR_POWER_GAMMA0,0.7705113291740417,67,0.1845041662454605,67
FROZEN,S1A_IW_GRDH_1SDV_20170523T103305_20170523T103334_016708_01BBE4_rtc,2017-05-23T10:33:20.434779+00:00,2017-05-23,2017Q2,S1A,11,ascending,X2_build_site__v1,positive_control,LINEAR_POWER_GAMMA0,1.405851125717163,155,0.23473234474658966,155
FROZEN,S1A_IW_GRDH_1SDV_20170530T102453_20170530T102522_016810_01BF06_rtc,2017-05-30T10:25:08.167799+00:00,2017-05-30,2017Q2,S1A,113,ascending,T1_ntt_fdc__v1,treatment,LINEAR_POWER_GAMMA0,1.3622726202011108,307,0.6564658284187317,307
FROZEN,S1A_IW_GRDH_1SDV_20170530T102453_20170530T102522_016810_01BF06_rtc,2017-05-30T10:25:08.167799+00:00,2017-05-30,2017Q2,S1A,113,ascending,C1_hkex_dc__v1,control,LINEAR_POWER_GAMMA0,0.22453224658966064,55,0.052477698773145676,55
FROZEN,S1A_IW_GRDH_1SDV_20170530T102453_20170530T102522_016810_01BF06_rtc,2017-05-30T10:25:08.167799+00:00,2017-05-30,2017Q2,S1A,113,ascending,C2b_amc__v2,positive_control,LINEAR_POWER_GAMMA0,0.19483067095279694,260,0.03634846210479736,260
FROZEN,S1A_IW_GRDH_1SDV_20170530T102453_20170530T102522_016810_01BF06_rtc,2017-05-30T10:25:08.167799+00:00,2017-05-30,2017Q2,S1A,113,ascending,P1_vacant__v1,placebo,LINEAR_POWER_GAMMA0,0.3028457462787628,93,0.06270625442266464,93
FROZEN,S1A_IW_GRDH_1SDV_20170530T102453_20170530T102522_016810_01BF06_rtc,2017-05-30T10:25:08.167799+00:00,2017-05-30,2017Q2,S1A,113,ascending,X1_build_slab__v1,positive_control,LINEAR_POWER_GAMMA0,0.767937183380127,67,0.14912737905979156,67
FROZEN,S1A_IW_GRDH_1SDV_20170530T102453_20170530T102522_016810_01BF06_rtc,2017-05-30T10:25:08.167799+00:00,2017-05-30,2017Q2,S1A,113,ascending,X2_build_site__v1,positive_control,LINEAR_POWER_GAMMA0,0.7137402892112732,155,0.16473448276519775,155
FROZEN,S1A_IW_GRDH_1SDV_20170611T102454_20170611T102523_016985_01C474_rtc,2017-06-11T10:25:09.011588+00:00,2017-06-11,2017Q2,S1A,113,ascending,T1_ntt_fdc__v1,treatment,LINEAR_POWER_GAMMA0,1.2224136590957642,307,0.6415108442306519,307
FROZEN,S1A_IW_GRDH_1SDV_20170611T102454_20170611T102523_016985_01C474_rtc,2017-06-11T10:25:09.011588+00:00,2017-06-11,2017Q2,S1A,113,ascending,C1_hkex_dc__v1,control,LINEAR_POWER_GAMMA0,0.2067158967256546,55,0.059049975126981735,55
FROZEN,S1A_IW_GRDH_1SDV_20170611T102454_20170611T102523_016985_01C474_rtc,2017-06-11T10:25:09.011588+00:00,2017-06-11,2017Q2,S1A,113,ascending,C2b_amc__v2,positive_control,LINEAR_POWER_GAMMA0,0.18233351409435272,260,0.03974203020334244,260
FROZEN,S1A_IW_GRDH_1SDV_20170611T102454_20170611T102523_016985_01C474_rtc,2017-06-11T10:25:09.011588+00:00,2017-06-11,2017Q2,S1A,113,ascending,P1_vacant__v1,placebo,LINEAR_POWER_GAMMA0,0.3210866153240204,93,0.0569339320063591,93
FROZEN,S1A_IW_GRDH_1SDV_20170611T102454_20170611T102523_016985_01C474_rtc,2017-06-11T10:25:09.011588+00:00,2017-06-11,2017Q2,S1A,113,ascending,X1_build_slab__v1,positive_control,LINEAR_POWER_GAMMA0,0.4727347195148468,67,0.16755706071853638,67
FROZEN,S1A_IW_GRDH_1SDV_20170611T102454_20170611T102523_016985_01C474_rtc,2017-06-11T10:25:09.011588+00:00,2017-06-11,2017Q2,S1A,113,ascending,X2_build_site__v1,positive_control,LINEAR_POWER_GAMMA0,0.5154518485069275,155,0.1745922863483429,155
FROZEN,S1A_IW_GRDH_1SDV_20170623T102455_20170623T102524_017160_01C9CC_rtc,2017-06-23T10:25:09.693087+00:00,2017-06-23,2017Q2,S1A,113,ascending,T1_ntt_fdc__v1,treatment,LINEAR_POWER_GAMMA0,1.2342513799667358,307,0.6411406993865967,307
FROZEN,S1A_IW_GRDH_1SDV_20170623T102455_20170623T102524_017160_01C9CC_rtc,2017-06-23T10:25:09.693087+00:00,2017-06-23,2017Q2,S1A,113,ascending,C1_hkex_dc__v1,control,LINEAR_POWER_GAMMA0,0.2506847679615021,55,0.0845547765493393,55
FROZEN,S1A_IW_GRDH_1SDV_20170623T102455_20170623T102524_017160_01C9CC_rtc,2017-06-23T10:25:09.693087+00:00,2017-06-23,2017Q2,S1A,113,ascending,C2b_amc__v2,positive_control,LINEAR_POWER_GAMMA0,0.26048266887664795,260,0.04423897713422775,260
FROZEN,S1A_IW_GRDH_1SDV_20170623T102455_20170623T102524_017160_01C9CC_rtc,2017-06-23T10:25:09.693087+00:00,2017-06-23,2017Q2,S1A,113,ascending,P1_vacant__v1,placebo,LINEAR_POWER_GAMMA0,0.2911970913410187,93,0.06796712428331375,93
FROZEN,S1A_IW_GRDH_1SDV_20170623T102455_20170623T102524_017160_01C9CC_rtc,2017-06-23T10:25:09.693087+00:00,2017-06-23,2017Q2,S1A,113,ascending,X1_build_slab__v1,positive_control,LINEAR_POWER_GAMMA0,1.0574455261230469,67,0.16336952149868011,67
FROZEN,S1A_IW_GRDH_1SDV_20170623T102455_20170623T102524_017160_01C9CC_rtc,2017-06-23T10:25:09.693087+00:00,2017-06-23,2017Q2,S1A,113,ascending,X2_build_site__v1,positive_control,LINEAR_POWER_GAMMA0,1.0491036176681519,155,0.14676570892333984,155
FROZEN,S1A_IW_GRDH_1SDV_20170628T103308_20170628T103337_017233_01CC03_rtc,2017-06-28T10:33:22.715852+00:00,2017-06-28,2017Q2,S1A,11,ascending,T1_ntt_fdc__v1,treatment,LINEAR_POWER_GAMMA0,3.709771156311035,307,2.393440008163452,307
FROZEN,S1A_IW_GRDH_1SDV_20170628T103308_20170628T103337_017233_01CC03_rtc,2017-06-28T10:33:22.715852+00:00,2017-06-28,2017Q2,S1A,11,ascending,C1_hkex_dc__v1,control,LINEAR_POWER_GAMMA0,0.2822186350822449,55,0.08812473714351654,55
FROZEN,S1A_IW_GRDH_1SDV_20170628T103308_20170628T103337_017233_01CC03_rtc,2017-06-28T10:33:22.715852+00:00,2017-06-28,2017Q2,S1A,11,ascending,C2b_amc__v2,positive_control,LINEAR_POWER_GAMMA0,0.3190048933029175,260,0.0420866496860981,260
FROZEN,S1A_IW_GRDH_1SDV_20170628T103308_20170628T103337_017233_01CC03_rtc,2017-06-28T10:33:22.715852+00:00,2017-06-28,2017Q2,S1A,11,ascending,P1_vacant__v1,placebo,LINEAR_POWER_GAMMA0,0.3442422151565552,93,0.07778675854206085,93
FROZEN,S1A_IW_GRDH_1SDV_20170628T103308_20170628T103337_017233_01CC03_rtc,2017-06-28T10:33:22.715852+00:00,2017-06-28,2017Q2,S1A,11,ascending,X1_build_slab__v1,positive_control,LINEAR_POWER_GAMMA0,0.6195408701896667,67,0.20658141374588013,67
FROZEN,S1A_IW_GRDH_1SDV_20170628T103308_20170628T103337_017233_01CC03_rtc,2017-06-28T10:33:22.715852+00:00,2017-06-28,2017Q2,S1A,11,ascending,X2_build_site__v1,positive_control,LINEAR_POWER_GAMMA0,0.6956034302711487,155,0.19697816669940948,155
FROZEN,S1A_IW_GRDH_1SDV_20170705T102455_20170705T102524_017335_01CF18_rtc,2017-07-05T10:25:10.167726+00:00,2017-07-05,2017Q3,S1A,113,ascending,T1_ntt_fdc__v1,treatment,LINEAR_POWER_GAMMA0,4.010087013244629,307,1.5982656478881836,307
FROZEN,S1A_IW_GRDH_1SDV_20170705T102455_20170705T102524_017335_01CF18_rtc,2017-07-05T10:25:10.167726+00:00,2017-07-05,2017Q3,S1A,113,ascending,C1_hkex_dc__v1,control,LINEAR_POWER_GAMMA0,0.2850382626056671,55,0.12714265286922455,55
FROZEN,S1A_IW_GRDH_1SDV_20170705T102455_20170705T102524_017335_01CF18_rtc,2017-07-05T10:25:10.167726+00:00,2017-07-05,2017Q3,S1A,113,ascending,C2b_amc__v2,positive_control,LINEAR_POWER_GAMMA0,0.31672772765159607,260,0.06334688514471054,260
FROZEN,S1A_IW_GRDH_1SDV_20170705T102455_20170705T102524_017335_01CF18_rtc,2017-07-05T10:25:10.167726+00:00,2017-07-05,2017Q3,S1A,113,ascending,P1_vacant__v1,placebo,LINEAR_POWER_GAMMA0,0.42937764525413513,93,0.09788785874843597,93
FROZEN,S1A_IW_GRDH_1SDV_20170705T102455_20170705T102524_017335_01CF18_rtc,2017-07-05T10:25:10.167726+00:00,2017-07-05,2017Q3,S1A,113,ascending,X1_build_slab__v1,positive_control,LINEAR_POWER_GAMMA0,1.1830686330795288,67,0.1942666918039322,67
FROZEN,S1A_IW_GRDH_1SDV_20170705T102455_20170705T102524_017335_01CF18_rtc,2017-07-05T10:25:10.167726+00:00,2017-07-05,2017Q3,S1A,113,ascending,X2_build_site__v1,positive_control,LINEAR_POWER_GAMMA0,1.051201343536377,155,0.22263729572296143,155
FROZEN,S1A_IW_GRDH_1SDV_20170710T103308_20170710T103337_017408_01D14B_rtc,2017-07-10T10:33:23.291099+00:00,2017-07-10,2017Q3,S1A,11,ascending,T1_ntt_fdc__v1,treatment,LINEAR_POWER_GAMMA0,3.7868616580963135,307,2.336658477783203,307
FROZEN,S1A_IW_GRDH_1SDV_20170710T103308_20170710T103337_017408_01D14B_rtc,2017-07-10T10:33:23.291099+00:00,2017-07-10,2017Q3,S1A,11,ascending,C1_hkex_dc__v1,control,LINEAR_POWER_GAMMA0,0.37128540873527527,55,0.10634687542915344,55
FROZEN,S1A_IW_GRDH_1SDV_20170710T103308_20170710T103337_017408_01D14B_rtc,2017-07-10T10:33:23.291099+00:00,2017-07-10,2017Q3,S1A,11,ascending,C2b_amc__v2,positive_control,LINEAR_POWER_GAMMA0,0.42646706104278564,260,0.04564305767416954,260
FROZEN,S1A_IW_GRDH_1SDV_20170710T103308_20170710T103337_017408_01D14B_rtc,2017-07-10T10:33:23.291099+00:00,2017-07-10,2017Q3,S1A,11,ascending,P1_vacant__v1,placebo,LINEAR_POWER_GAMMA0,0.21780291199684143,93,0.07683338969945908,93
FROZEN,S1A_IW_GRDH_1SDV_20170710T103308_20170710T103337_017408_01D14B_rtc,2017-07-10T10:33:23.291099+00:00,2017-07-10,2017Q3,S1A,11,ascending,X1_build_slab__v1,positive_control,LINEAR_POWER_GAMMA0,0.6140944361686707,67,0.15874983370304108,67
FROZEN,S1A_IW_GRDH_1SDV_20170710T103308_20170710T103337_017408_01D14B_rtc,2017-07-10T10:33:23.291099+00:00,2017-07-10,2017Q3,S1A,11,ascending,X2_build_site__v1,positive_control,LINEAR_POWER_GAMMA0,1.6064069271087646,155,0.1561967134475708,155
FROZEN,S1A_IW_GRDH_1SDV_20170717T102456_20170717T102525_017510_01D468_rtc,2017-07-17T10:25:10.956706+00:00,2017-07-17,2017Q3,S1A,113,ascending,T1_ntt_fdc__v1,treatment,LINEAR_POWER_GAMMA0,3.961561679840088,307,1.5120954513549805,307
FROZEN,S1A_IW_GRDH_1SDV_20170717T102456_20170717T102525_017510_01D468_rtc,2017-07-17T10:25:10.956706+00:00,2017-07-17,2017Q3,S1A,113,ascending,C1_hkex_dc__v1,control,LINEAR_POWER_GAMMA0,0.2746888995170593,55,0.09305240213871002,55
FROZEN,S1A_IW_GRDH_1SDV_20170717T102456_20170717T102525_017510_01D468_rtc,2017-07-17T10:25:10.956706+00:00,2017-07-17,2017Q3,S1A,113,ascending,C2b_amc__v2,positive_control,LINEAR_POWER_GAMMA0,0.4047725796699524,260,0.07335435599088669,260
FROZEN,S1A_IW_GRDH_1SDV_20170717T102456_20170717T102525_017510_01D468_rtc,2017-07-17T10:25:10.956706+00:00,2017-07-17,2017Q3,S1A,113,ascending,P1_vacant__v1,placebo,LINEAR_POWER_GAMMA0,0.5030227303504944,93,0.0850711241364479,93
FROZEN,S1A_IW_GRDH_1SDV_20170717T102456_20170717T102525_017510_01D468_rtc,2017-07-17T10:25:10.956706+00:00,2017-07-17,2017Q3,S1A,113,ascending,X1_build_slab__v1,positive_control,LINEAR_POWER_GAMMA0,1.0101919174194336,67,0.18391153216362,67
FROZEN,S1A_IW_GRDH_1SDV_20170717T102456_20170717T102525_017510_01D468_rtc,2017-07-17T10:25:10.956706+00:00,2017-07-17,2017Q3,S1A,113,ascending,X2_build_site__v1,positive_control,LINEAR_POWER_GAMMA0,1.2141523361206055,155,0.21035471558570862,155
FROZEN,S1A_IW_GRDH_1SDV_20170722T103309_20170722T103338_017583_01D69D_rtc,2017-07-22T10:33:24.001338+00:00,2017-07-22,2017Q3,S1A,11,ascending,T1_ntt_fdc__v1,treatment,LINEAR_POWER_GAMMA0,3.813293695449829,307,2.4281508922576904,307
FROZEN,S1A_IW_GRDH_1SDV_20170722T103309_20170722T103338_017583_01D69D_rtc,2017-07-22T10:33:24.001338+00:00,2017-07-22,2017Q3,S1A,11,ascending,C1_hkex_dc__v1,control,LINEAR_POWER_GAMMA0,0.3051804304122925,55,0.09310159832239151,55
FROZEN,S1A_IW_GRDH_1SDV_20170722T103309_20170722T103338_017583_01D69D_rtc,2017-07-22T10:33:24.001338+00:00,2017-07-22,2017Q3,S1A,11,ascending,C2b_amc__v2,positive_control,LINEAR_POWER_GAMMA0,0.3438091576099396,260,0.04522951319813728,260
FROZEN,S1A_IW_GRDH_1SDV_20170722T103309_20170722T103338_017583_01D69D_rtc,2017-07-22T10:33:24.001338+00:00,2017-07-22,2017Q3,S1A,11,ascending,P1_vacant__v1,placebo,LINEAR_POWER_GAMMA0,0.30559661984443665,93,0.07548496127128601,93
FROZEN,S1A_IW_GRDH_1SDV_20170722T103309_20170722T103338_017583_01D69D_rtc,2017-07-22T10:33:24.001338+00:00,2017-07-22,2017Q3,S1A,11,ascending,X1_build_slab__v1,positive_control,LINEAR_POWER_GAMMA0,0.6773643493652344,67,0.1653977483510971,67
FROZEN,S1A_IW_GRDH_1SDV_20170722T103309_20170722T103338_017583_01D69D_rtc,2017-07-22T10:33:24.001338+00:00,2017-07-22,2017Q3,S1A,11,ascending,X2_build_site__v1,positive_control,LINEAR_POWER_GAMMA0,0.8285325765609741,155,0.15953247249126434,155
FROZEN,S1A_IW_GRDH_1SDV_20170729T102457_20170729T102526_017685_01D9C4_rtc,2017-07-29T10:25:11.808232+00:00,2017-07-29,2017Q3,S1A,113,ascending,T1_ntt_fdc__v1,treatment,LINEAR_POWER_GAMMA0,1.3210835456848145,307,0.6244489550590515,307
FROZEN,S1A_IW_GRDH_1SDV_20170729T102457_20170729T102526_017685_01D9C4_rtc,2017-07-29T10:25:11.808232+00:00,2017-07-29,2017Q3,S1A,113,ascending,C1_hkex_dc__v1,control,LINEAR_POWER_GAMMA0,0.22750374674797058,55,0.06843316555023193,55
FROZEN,S1A_IW_GRDH_1SDV_20170729T102457_20170729T102526_017685_01D9C4_rtc,2017-07-29T10:25:11.808232+00:00,2017-07-29,2017Q3,S1A,113,ascending,C2b_amc__v2,positive_control,LINEAR_POWER_GAMMA0,0.22298097610473633,260,0.04285573214292526,260
FROZEN,S1A_IW_GRDH_1SDV_20170729T102457_20170729T102526_017685_01D9C4_rtc,2017-07-29T10:25:11.808232+00:00,2017-07-29,2017Q3,S1A,113,ascending,P1_vacant__v1,placebo,LINEAR_POWER_GAMMA0,0.26875486969947815,93,0.055737659335136414,93
FROZEN,S1A_IW_GRDH_1SDV_20170729T102457_20170729T102526_017685_01D9C4_rtc,2017-07-29T10:25:11.808232+00:00,2017-07-29,2017Q3,S1A,113,ascending,X1_build_slab__v1,positive_control,LINEAR_POWER_GAMMA0,0.677754819393158,67,0.12469052523374557,67
FROZEN,S1A_IW_GRDH_1SDV_20170729T102457_20170729T102526_017685_01D9C4_rtc,2017-07-29T10:25:11.808232+00:00,2017-07-29,2017Q3,S1A,113,ascending,X2_build_site__v1,positive_control,LINEAR_POWER_GAMMA0,0.8556874990463257,155,0.20953083038330078,155
FROZEN,S1A_IW_GRDH_1SDV_20170803T103310_20170803T103339_017758_01DBF5_rtc,2017-08-03T10:33:24.744900+00:00,2017-08-03,2017Q3,S1A,11,ascending,T1_ntt_fdc__v1,treatment,LINEAR_POWER_GAMMA0,3.7506799697875977,307,2.36552095413208,307
FROZEN,S1A_IW_GRDH_1SDV_20170803T103310_20170803T103339_017758_01DBF5_rtc,2017-08-03T10:33:24.744900+00:00,2017-08-03,2017Q3,S1A,11,ascending,C1_hkex_dc__v1,control,LINEAR_POWER_GAMMA0,0.34246090054512024,55,0.09487169235944748,55
FROZEN,S1A_IW_GRDH_1SDV_20170803T103310_20170803T103339_017758_01DBF5_rtc,2017-08-03T10:33:24.744900+00:00,2017-08-03,2017Q3,S1A,11,ascending,C2b_amc__v2,positive_control,LINEAR_POWER_GAMMA0,0.38760942220687866,260,0.05082530155777931,260
FROZEN,S1A_IW_GRDH_1SDV_20170803T103310_20170803T103339_017758_01DBF5_rtc,2017-08-03T10:33:24.744900+00:00,2017-08-03,2017Q3,S1A,11,ascending,P1_vacant__v1,placebo,LINEAR_POWER_GAMMA0,0.420063316822052,93,0.09663794189691544,93
FROZEN,S1A_IW_GRDH_1SDV_20170803T103310_20170803T103339_017758_01DBF5_rtc,2017-08-03T10:33:24.744900+00:00,2017-08-03,2017Q3,S1A,11,ascending,X1_build_slab__v1,positive_control,LINEAR_POWER_GAMMA0,0.5147070288658142,67,0.16207724809646606,67
FROZEN,S1A_IW_GRDH_1SDV_20170803T103310_20170803T103339_017758_01DBF5_rtc,2017-08-03T10:33:24.744900+00:00,2017-08-03,2017Q3,S1A,11,ascending,X2_build_site__v1,positive_control,LINEAR_POWER_GAMMA0,1.1043202877044678,155,0.2718311548233032,155
FROZEN,S1A_IW_GRDH_1SDV_20170810T102457_20170810T102526_017860_01DF17_rtc,2017-08-10T10:25:12.334817+00:00,2017-08-10,2017Q3,S1A,113,ascending,T1_ntt_fdc__v1,treatment,LINEAR_POWER_GAMMA0,1.5587226152420044,307,0.7078263759613037,307
FROZEN,S1A_IW_GRDH_1SDV_20170810T102457_20170810T102526_017860_01DF17_rtc,2017-08-10T10:25:12.334817+00:00,2017-08-10,2017Q3,S1A,113,ascending,C1_hkex_dc__v1,control,LINEAR_POWER_GAMMA0,0.2534654140472412,55,0.07916120439767838,55
FROZEN,S1A_IW_GRDH_1SDV_20170810T102457_20170810T102526_017860_01DF17_rtc,2017-08-10T10:25:12.334817+00:00,2017-08-10,2017Q3,S1A,113,ascending,C2b_amc__v2,positive_control,LINEAR_POWER_GAMMA0,0.2744469940662384,260,0.05481301620602608,260
FROZEN,S1A_IW_GRDH_1SDV_20170810T102457_20170810T102526_017860_01DF17_rtc,2017-08-10T10:25:12.334817+00:00,2017-08-10,2017Q3,S1A,113,ascending,P1_vacant__v1,placebo,LINEAR_POWER_GAMMA0,0.5629985928535461,93,0.06617003679275513,93
FROZEN,S1A_IW_GRDH_1SDV_20170810T102457_20170810T102526_017860_01DF17_rtc,2017-08-10T10:25:12.334817+00:00,2017-08-10,2017Q3,S1A,113,ascending,X1_build_slab__v1,positive_control,LINEAR_POWER_GAMMA0,1.0432122945785522,67,0.19260172545909882,67
FROZEN,S1A_IW_GRDH_1SDV_20170810T102457_20170810T102526_017860_01DF17_rtc,2017-08-10T10:25:12.334817+00:00,2017-08-10,2017Q3,S1A,113,ascending,X2_build_site__v1,positive_control,LINEAR_POWER_GAMMA0,1.2076902389526367,155,0.32616955041885376,155
FROZEN,S1A_IW_GRDH_1SDV_20170815T103310_20170815T103339_017933_01E14A_rtc,2017-08-15T10:33:25.354441+00:00,2017-08-15,2017Q3,S1A,11,ascending,T1_ntt_fdc__v1,treatment,LINEAR_POWER_GAMMA0,3.783369302749634,307,2.418492317199707,307
FROZEN,S1A_IW_GRDH_1SDV_20170815T103310_20170815T103339_017933_01E14A_rtc,2017-08-15T10:33:25.354441+00:00,2017-08-15,2017Q3,S1A,11,ascending,C1_hkex_dc__v1,control,LINEAR_POWER_GAMMA0,0.3293616771697998,55,0.0870034322142601,55
FROZEN,S1A_IW_GRDH_1SDV_20170815T103310_20170815T103339_017933_01E14A_rtc,2017-08-15T10:33:25.354441+00:00,2017-08-15,2017Q3,S1A,11,ascending,C2b_amc__v2,positive_control,LINEAR_POWER_GAMMA0,0.26779839396476746,260,0.04444991424679756,260
FROZEN,S1A_IW_GRDH_1SDV_20170815T103310_20170815T103339_017933_01E14A_rtc,2017-08-15T10:33:25.354441+00:00,2017-08-15,2017Q3,S1A,11,ascending,P1_vacant__v1,placebo,LINEAR_POWER_GAMMA0,0.30422458052635193,93,0.07959546148777008,93
FROZEN,S1A_IW_GRDH_1SDV_20170815T103310_20170815T103339_017933_01E14A_rtc,2017-08-15T10:33:25.354441+00:00,2017-08-15,2017Q3,S1A,11,ascending,X1_build_slab__v1,positive_control,LINEAR_POWER_GAMMA0,0.6424039006233215,67,0.17860443890094757,67
FROZEN,S1A_IW_GRDH_1SDV_20170815T103310_20170815T103339_017933_01E14A_rtc,2017-08-15T10:33:25.354441+00:00,2017-08-15,2017Q3,S1A,11,ascending,X2_build_site__v1,positive_control,LINEAR_POWER_GAMMA0,0.7227122187614441,155,0.21137551963329315,155
FROZEN,S1A_IW_GRDH_1SDV_20170822T102458_20170822T102527_018035_01E469_rtc,2017-08-22T10:25:12.958099+00:00,2017-08-22,2017Q3,S1A,113,ascending,T1_ntt_fdc__v1,treatment,LINEAR_POWER_GAMMA0,1.4298779964447021,307,0.7035847306251526,307
FROZEN,S1A_IW_GRDH_1SDV_20170822T102458_20170822T102527_018035_01E469_rtc,2017-08-22T10:25:12.958099+00:00,2017-08-22,2017Q3,S1A,113,ascending,C1_hkex_dc__v1,control,LINEAR_POWER_GAMMA0,0.2704627513885498,55,0.06857229769229889,55
FROZEN,S1A_IW_GRDH_1SDV_20170822T102458_20170822T102527_018035_01E469_rtc,2017-08-22T10:25:12.958099+00:00,2017-08-22,2017Q3,S1A,113,ascending,C2b_amc__v2,positive_control,LINEAR_POWER_GAMMA0,0.22393828630447388,260,0.046592168509960175,260
FROZEN,S1A_IW_GRDH_1SDV_20170822T102458_20170822T102527_018035_01E469_rtc,2017-08-22T10:25:12.958099+00:00,2017-08-22,2017Q3,S1A,113,ascending,P1_vacant__v1,placebo,LINEAR_POWER_GAMMA0,0.3438304364681244,93,0.05606142058968544,93
FROZEN,S1A_IW_GRDH_1SDV_20170822T102458_20170822T102527_018035_01E469_rtc,2017-08-22T10:25:12.958099+00:00,2017-08-22,2017Q3,S1A,113,ascending,X1_build_slab__v1,positive_control,LINEAR_POWER_GAMMA0,0.7195455431938171,67,0.1188446506857872,67
FROZEN,S1A_IW_GRDH_1SDV_20170822T102458_20170822T102527_018035_01E469_rtc,2017-08-22T10:25:12.958099+00:00,2017-08-22,2017Q3,S1A,113,ascending,X2_build_site__v1,positive_control,LINEAR_POWER_GAMMA0,0.9993289113044739,155,0.3006771206855774,155
FROZEN,S1A_IW_GRDH_1SDV_20170827T103311_20170827T103340_018108_01E695_rtc,2017-08-27T10:33:25.959496+00:00,2017-08-27,2017Q3,S1A,11,ascending,T1_ntt_fdc__v1,treatment,LINEAR_POWER_GAMMA0,4.322585105895996,307,2.1615407466888428,307
FROZEN,S1A_IW_GRDH_1SDV_20170827T103311_20170827T103340_018108_01E695_rtc,2017-08-27T10:33:25.959496+00:00,2017-08-27,2017Q3,S1A,11,ascending,C1_hkex_dc__v1,control,LINEAR_POWER_GAMMA0,0.41245171427726746,55,0.09987211972475052,55
FROZEN,S1A_IW_GRDH_1SDV_20170827T103311_20170827T103340_018108_01E695_rtc,2017-08-27T10:33:25.959496+00:00,2017-08-27,2017Q3,S1A,11,ascending,C2b_amc__v2,positive_control,LINEAR_POWER_GAMMA0,0.5258270502090454,260,0.06183980777859688,260
FROZEN,S1A_IW_GRDH_1SDV_20170827T103311_20170827T103340_018108_01E695_rtc,2017-08-27T10:33:25.959496+00:00,2017-08-27,2017Q3,S1A,11,ascending,P1_vacant__v1,placebo,LINEAR_POWER_GAMMA0,0.3459036946296692,93,0.1099645122885704,93
FROZEN,S1A_IW_GRDH_1SDV_20170827T103311_20170827T103340_018108_01E695_rtc,2017-08-27T10:33:25.959496+00:00,2017-08-27,2017Q3,S1A,11,ascending,X1_build_slab__v1,positive_control,LINEAR_POWER_GAMMA0,0.5724213719367981,67,0.09856393188238144,67
FROZEN,S1A_IW_GRDH_1SDV_20170827T103311_20170827T103340_018108_01E695_rtc,2017-08-27T10:33:25.959496+00:00,2017-08-27,2017Q3,S1A,11,ascending,X2_build_site__v1,positive_control,LINEAR_POWER_GAMMA0,1.541490077972412,155,0.1882479041814804,155
FROZEN,S1A_IW_GRDH_1SDV_20170908T103311_20170908T103340_018283_01EBEC_rtc,2017-09-08T10:33:26.316773+00:00,2017-09-08,2017Q3,S1A,11,ascending,T1_ntt_fdc__v1,treatment,LINEAR_POWER_GAMMA0,3.7304019927978516,307,2.332066535949707,307
FROZEN,S1A_IW_GRDH_1SDV_20170908T103311_20170908T103340_018283_01EBEC_rtc,2017-09-08T10:33:26.316773+00:00,2017-09-08,2017Q3,S1A,11,ascending,C1_hkex_dc__v1,control,LINEAR_POWER_GAMMA0,0.3498156666755676,55,0.09934775531291962,55
FROZEN,S1A_IW_GRDH_1SDV_20170908T103311_20170908T103340_018283_01EBEC_rtc,2017-09-08T10:33:26.316773+00:00,2017-09-08,2017Q3,S1A,11,ascending,C2b_amc__v2,positive_control,LINEAR_POWER_GAMMA0,0.2793598473072052,260,0.052199043333530426,260
FROZEN,S1A_IW_GRDH_1SDV_20170908T103311_20170908T103340_018283_01EBEC_rtc,2017-09-08T10:33:26.316773+00:00,2017-09-08,2017Q3,S1A,11,ascending,P1_vacant__v1,placebo,LINEAR_POWER_GAMMA0,0.2871551811695099,93,0.10577526688575745,93
FROZEN,S1A_IW_GRDH_1SDV_20170908T103311_20170908T103340_018283_01EBEC_rtc,2017-09-08T10:33:26.316773+00:00,2017-09-08,2017Q3,S1A,11,ascending,X1_build_slab__v1,positive_control,LINEAR_POWER_GAMMA0,0.44875165820121765,67,0.09650149196386337,67
FROZEN,S1A_IW_GRDH_1SDV_20170908T103311_20170908T103340_018283_01EBEC_rtc,2017-09-08T10:33:26.316773+00:00,2017-09-08,2017Q3,S1A,11,ascending,X2_build_site__v1,positive_control,LINEAR_POWER_GAMMA0,1.0865883827209473,155,0.2080695927143097,155
FROZEN,S1A_IW_GRDH_1SDV_20170915T102459_20170915T102528_018385_01EF21_rtc,2017-09-15T10:25:13.912445+00:00,2017-09-15,2017Q3,S1A,113,ascending,T1_ntt_fdc__v1,treatment,LINEAR_POWER_GAMMA0,1.4447414875030518,307,0.7039818167686462,307
FROZEN,S1A_IW_GRDH_1SDV_20170915T102459_20170915T102528_018385_01EF21_rtc,2017-09-15T10:25:13.912445+00:00,2017-09-15,2017Q3,S1A,113,ascending,C1_hkex_dc__v1,control,LINEAR_POWER_GAMMA0,0.2363162636756897,55,0.0721181333065033,55
FROZEN,S1A_IW_GRDH_1SDV_20170915T102459_20170915T102528_018385_01EF21_rtc,2017-09-15T10:25:13.912445+00:00,2017-09-15,2017Q3,S1A,113,ascending,C2b_amc__v2,positive_control,LINEAR_POWER_GAMMA0,0.20928148925304413,260,0.04566482454538345,260
FROZEN,S1A_IW_GRDH_1SDV_20170915T102459_20170915T102528_018385_01EF21_rtc,2017-09-15T10:25:13.912445+00:00,2017-09-15,2017Q3,S1A,113,ascending,P1_vacant__v1,placebo,LINEAR_POWER_GAMMA0,0.22213847935199738,93,0.05993901193141937,93
FROZEN,S1A_IW_GRDH_1SDV_20170915T102459_20170915T102528_018385_01EF21_rtc,2017-09-15T10:25:13.912445+00:00,2017-09-15,2017Q3,S1A,113,ascending,X1_build_slab__v1,positive_control,LINEAR_POWER_GAMMA0,0.42712312936782837,67,0.13581860065460205,67
FROZEN,S1A_IW_GRDH_1SDV_20170915T102459_20170915T102528_018385_01EF21_rtc,2017-09-15T10:25:13.912445+00:00,2017-09-15,2017Q3,S1A,113,ascending,X2_build_site__v1,positive_control,LINEAR_POWER_GAMMA0,0.9953243136405945,155,0.283534437417984,155
FROZEN,S1A_IW_GRDH_1SDV_20170920T103312_20170920T103341_018458_01F14E_rtc,2017-09-20T10:33:26.811176+00:00,2017-09-20,2017Q3,S1A,11,ascending,T1_ntt_fdc__v1,treatment,LINEAR_POWER_GAMMA0,3.623953104019165,307,2.273092031478882,307
FROZEN,S1A_IW_GRDH_1SDV_20170920T103312_20170920T103341_018458_01F14E_rtc,2017-09-20T10:33:26.811176+00:00,2017-09-20,2017Q3,S1A,11,ascending,C1_hkex_dc__v1,control,LINEAR_POWER_GAMMA0,0.35908862948417664,55,0.09193680435419083,55
FROZEN,S1A_IW_GRDH_1SDV_20170920T103312_20170920T103341_018458_01F14E_rtc,2017-09-20T10:33:26.811176+00:00,2017-09-20,2017Q3,S1A,11,ascending,C2b_amc__v2,positive_control,LINEAR_POWER_GAMMA0,0.24807381629943848,260,0.042037587612867355,260
FROZEN,S1A_IW_GRDH_1SDV_20170920T103312_20170920T103341_018458_01F14E_rtc,2017-09-20T10:33:26.811176+00:00,2017-09-20,2017Q3,S1A,11,ascending,P1_vacant__v1,placebo,LINEAR_POWER_GAMMA0,0.21632139384746552,93,0.07981434464454651,93
FROZEN,S1A_IW_GRDH_1SDV_20170920T103312_20170920T103341_018458_01F14E_rtc,2017-09-20T10:33:26.811176+00:00,2017-09-20,2017Q3,S1A,11,ascending,X1_build_slab__v1,positive_control,LINEAR_POWER_GAMMA0,0.4666367471218109,67,0.11852284520864487,67
FROZEN,S1A_IW_GRDH_1SDV_20170920T103312_20170920T103341_018458_01F14E_rtc,2017-09-20T10:33:26.811176+00:00,2017-09-20,2017Q3,S1A,11,ascending,X2_build_site__v1,positive_control,LINEAR_POWER_GAMMA0,0.9811713695526123,155,0.24956566095352173,155
FROZEN,S1A_IW_GRDH_1SDV_20170927T102459_20170927T102528_018560_01F47C_rtc,2017-09-27T10:25:14.196367+00:00,2017-09-27,2017Q3,S1A,113,ascending,T1_ntt_fdc__v1,treatment,LINEAR_POWER_GAMMA0,1.336857557296753,307,0.6436603665351868,307
FROZEN,S1A_IW_GRDH_1SDV_20170927T102459_20170927T102528_018560_01F47C_rtc,2017-09-27T10:25:14.196367+00:00,2017-09-27,2017Q3,S1A,113,ascending,C1_hkex_dc__v1,control,LINEAR_POWER_GAMMA0,0.292146235704422,55,0.07594293355941772,55
FROZEN,S1A_IW_GRDH_1SDV_20170927T102459_20170927T102528_018560_01F47C_rtc,2017-09-27T10:25:14.196367+00:00,2017-09-27,2017Q3,S1A,113,ascending,C2b_amc__v2,positive_control,LINEAR_POWER_GAMMA0,0.1804598569869995,260,0.0438421368598938,260
FROZEN,S1A_IW_GRDH_1SDV_20170927T102459_20170927T102528_018560_01F47C_rtc,2017-09-27T10:25:14.196367+00:00,2017-09-27,2017Q3,S1A,113,ascending,P1_vacant__v1,placebo,LINEAR_POWER_GAMMA0,0.3111158609390259,93,0.0726422667503357,93
FROZEN,S1A_IW_GRDH_1SDV_20170927T102459_20170927T102528_018560_01F47C_rtc,2017-09-27T10:25:14.196367+00:00,2017-09-27,2017Q3,S1A,113,ascending,X1_build_slab__v1,positive_control,LINEAR_POWER_GAMMA0,0.4957371652126312,67,0.14969536662101746,67
FROZEN,S1A_IW_GRDH_1SDV_20170927T102459_20170927T102528_018560_01F47C_rtc,2017-09-27T10:25:14.196367+00:00,2017-09-27,2017Q3,S1A,113,ascending,X2_build_site__v1,positive_control,LINEAR_POWER_GAMMA0,0.8885775804519653,155,0.2936054468154907,155
FROZEN,S1A_IW_GRDH_1SDV_20171002T103312_20171002T103341_018633_01F6B2_rtc,2017-10-02T10:33:27.072409+00:00,2017-10-02,2017Q4,S1A,11,ascending,T1_ntt_fdc__v1,treatment,LINEAR_POWER_GAMMA0,3.837916135787964,307,2.292085647583008,307
FROZEN,S1A_IW_GRDH_1SDV_20171002T103312_20171002T103341_018633_01F6B2_rtc,2017-10-02T10:33:27.072409+00:00,2017-10-02,2017Q4,S1A,11,ascending,C1_hkex_dc__v1,control,LINEAR_POWER_GAMMA0,0.45181506872177124,55,0.11189474910497665,55
FROZEN,S1A_IW_GRDH_1SDV_20171002T103312_20171002T103341_018633_01F6B2_rtc,2017-10-02T10:33:27.072409+00:00,2017-10-02,2017Q4,S1A,11,ascending,C2b_amc__v2,positive_control,LINEAR_POWER_GAMMA0,0.33341410756111145,260,0.04884966462850571,260
FROZEN,S1A_IW_GRDH_1SDV_20171002T103312_20171002T103341_018633_01F6B2_rtc,2017-10-02T10:33:27.072409+00:00,2017-10-02,2017Q4,S1A,11,ascending,P1_vacant__v1,placebo,LINEAR_POWER_GAMMA0,0.25551241636276245,93,0.08582267165184021,93
FROZEN,S1A_IW_GRDH_1SDV_20171002T103312_20171002T103341_018633_01F6B2_rtc,2017-10-02T10:33:27.072409+00:00,2017-10-02,2017Q4,S1A,11,ascending,X1_build_slab__v1,positive_control,LINEAR_POWER_GAMMA0,0.48084771633148193,67,0.1045871376991272,67
FROZEN,S1A_IW_GRDH_1SDV_20171002T103312_20171002T103341_018633_01F6B2_rtc,2017-10-02T10:33:27.072409+00:00,2017-10-02,2017Q4,S1A,11,ascending,X2_build_site__v1,positive_control,LINEAR_POWER_GAMMA0,1.025194764137268,155,0.2927786409854889,155
FROZEN,S1A_IW_GRDH_1SDV_20171009T102459_20171009T102528_018735_01F9CC_rtc,2017-10-09T10:25:14.449096+00:00,2017-10-09,2017Q4,S1A,113,ascending,T1_ntt_fdc__v1,treatment,LINEAR_POWER_GAMMA0,1.2974873781204224,307,0.602333664894104,307
FROZEN,S1A_IW_GRDH_1SDV_20171009T102459_20171009T102528_018735_01F9CC_rtc,2017-10-09T10:25:14.449096+00:00,2017-10-09,2017Q4,S1A,113,ascending,C1_hkex_dc__v1,control,LINEAR_POWER_GAMMA0,0.2760193347930908,55,0.08728258311748505,55
FROZEN,S1A_IW_GRDH_1SDV_20171009T102459_20171009T102528_018735_01F9CC_rtc,2017-10-09T10:25:14.449096+00:00,2017-10-09,2017Q4,S1A,113,ascending,C2b_amc__v2,positive_control,LINEAR_POWER_GAMMA0,0.16752035915851593,260,0.04571643844246864,260
FROZEN,S1A_IW_GRDH_1SDV_20171009T102459_20171009T102528_018735_01F9CC_rtc,2017-10-09T10:25:14.449096+00:00,2017-10-09,2017Q4,S1A,113,ascending,P1_vacant__v1,placebo,LINEAR_POWER_GAMMA0,0.2949819564819336,93,0.060334980487823486,93
FROZEN,S1A_IW_GRDH_1SDV_20171009T102459_20171009T102528_018735_01F9CC_rtc,2017-10-09T10:25:14.449096+00:00,2017-10-09,2017Q4,S1A,113,ascending,X1_build_slab__v1,positive_control,LINEAR_POWER_GAMMA0,0.5230852961540222,67,0.13263997435569763,67
FROZEN,S1A_IW_GRDH_1SDV_20171009T102459_20171009T102528_018735_01F9CC_rtc,2017-10-09T10:25:14.449096+00:00,2017-10-09,2017Q4,S1A,113,ascending,X2_build_site__v1,positive_control,LINEAR_POWER_GAMMA0,0.9313380122184753,155,0.2385786771774292,155
FROZEN,S1A_IW_GRDH_1SDV_20171014T103312_20171014T103341_018808_01FC02_rtc,2017-10-14T10:33:27.278407+00:00,2017-10-14,2017Q4,S1A,11,ascending,T1_ntt_fdc__v1,treatment,LINEAR_POWER_GAMMA0,3.611837863922119,307,2.37959623336792,307
FROZEN,S1A_IW_GRDH_1SDV_20171014T103312_20171014T103341_018808_01FC02_rtc,2017-10-14T10:33:27.278407+00:00,2017-10-14,2017Q4,S1A,11,ascending,C1_hkex_dc__v1,control,LINEAR_POWER_GAMMA0,0.488241970539093,55,0.09995976090431213,55
FROZEN,S1A_IW_GRDH_1SDV_20171014T103312_20171014T103341_018808_01FC02_rtc,2017-10-14T10:33:27.278407+00:00,2017-10-14,2017Q4,S1A,11,ascending,C2b_amc__v2,positive_control,LINEAR_POWER_GAMMA0,0.4329107105731964,260,0.05361003428697586,260
FROZEN,S1A_IW_GRDH_1SDV_20171014T103312_20171014T103341_018808_01FC02_rtc,2017-10-14T10:33:27.278407+00:00,2017-10-14,2017Q4,S1A,11,ascending,P1_vacant__v1,placebo,LINEAR_POWER_GAMMA0,0.28552576899528503,93,0.08391673862934113,93
FROZEN,S1A_IW_GRDH_1SDV_20171014T103312_20171014T103341_018808_01FC02_rtc,2017-10-14T10:33:27.278407+00:00,2017-10-14,2017Q4,S1A,11,ascending,X1_build_slab__v1,positive_control,LINEAR_POWER_GAMMA0,0.4767427146434784,67,0.1547379493713379,67
FROZEN,S1A_IW_GRDH_1SDV_20171014T103312_20171014T103341_018808_01FC02_rtc,2017-10-14T10:33:27.278407+00:00,2017-10-14,2017Q4,S1A,11,ascending,X2_build_site__v1,positive_control,LINEAR_POWER_GAMMA0,1.0852818489074707,155,0.2639651894569397,155
FROZEN,S1A_IW_GRDH_1SDV_20171021T102500_20171021T102529_018910_01FF31_rtc,2017-10-21T10:25:14.568796+00:00,2017-10-21,2017Q4,S1A,113,ascending,T1_ntt_fdc__v1,treatment,LINEAR_POWER_GAMMA0,1.1782475709915161,307,0.6315657496452332,307
FROZEN,S1A_IW_GRDH_1SDV_20171021T102500_20171021T102529_018910_01FF31_rtc,2017-10-21T10:25:14.568796+00:00,2017-10-21,2017Q4,S1A,113,ascending,C1_hkex_dc__v1,control,LINEAR_POWER_GAMMA0,0.2538042664527893,55,0.08679033070802689,55
FROZEN,S1A_IW_GRDH_1SDV_20171021T102500_20171021T102529_018910_01FF31_rtc,2017-10-21T10:25:14.568796+00:00,2017-10-21,2017Q4,S1A,113,ascending,C2b_amc__v2,positive_control,LINEAR_POWER_GAMMA0,0.24198691546916962,260,0.04296433925628662,260
FROZEN,S1A_IW_GRDH_1SDV_20171021T102500_20171021T102529_018910_01FF31_rtc,2017-10-21T10:25:14.568796+00:00,2017-10-21,2017Q4,S1A,113,ascending,P1_vacant__v1,placebo,LINEAR_POWER_GAMMA0,0.28074371814727783,93,0.06841836124658585,93
FROZEN,S1A_IW_GRDH_1SDV_20171021T102500_20171021T102529_018910_01FF31_rtc,2017-10-21T10:25:14.568796+00:00,2017-10-21,2017Q4,S1A,113,ascending,X1_build_slab__v1,positive_control,LINEAR_POWER_GAMMA0,0.6432879567146301,67,0.13703671097755432,67
FROZEN,S1A_IW_GRDH_1SDV_20171021T102500_20171021T102529_018910_01FF31_rtc,2017-10-21T10:25:14.568796+00:00,2017-10-21,2017Q4,S1A,113,ascending,X2_build_site__v1,positive_control,LINEAR_POWER_GAMMA0,1.0602887868881226,155,0.25856584310531616,155
FROZEN,S1A_IW_GRDH_1SDV_20171026T103312_20171026T103341_018983_020151_rtc,2017-10-26T10:33:27.336845+00:00,2017-10-26,2017Q4,S1A,11,ascending,T1_ntt_fdc__v1,treatment,LINEAR_POWER_GAMMA0,3.560518980026245,307,2.3302738666534424,307
FROZEN,S1A_IW_GRDH_1SDV_20171026T103312_20171026T103341_018983_020151_rtc,2017-10-26T10:33:27.336845+00:00,2017-10-26,2017Q4,S1A,11,ascending,C1_hkex_dc__v1,control,LINEAR_POWER_GAMMA0,0.3616238534450531,55,0.10934341698884964,55
FROZEN,S1A_IW_GRDH_1SDV_20171026T103312_20171026T103341_018983_020151_rtc,2017-10-26T10:33:27.336845+00:00,2017-10-26,2017Q4,S1A,11,ascending,C2b_amc__v2,positive_control,LINEAR_POWER_GAMMA0,0.48203614354133606,260,0.07130356878042221,260
FROZEN,S1A_IW_GRDH_1SDV_20171026T103312_20171026T103341_018983_020151_rtc,2017-10-26T10:33:27.336845+00:00,2017-10-26,2017Q4,S1A,11,ascending,P1_vacant__v1,placebo,LINEAR_POWER_GAMMA0,0.31231141090393066,93,0.09870027750730515,93
FROZEN,S1A_IW_GRDH_1SDV_20171026T103312_20171026T103341_018983_020151_rtc,2017-10-26T10:33:27.336845+00:00,2017-10-26,2017Q4,S1A,11,ascending,X1_build_slab__v1,positive_control,LINEAR_POWER_GAMMA0,0.5353845953941345,67,0.09748156368732452,67
FROZEN,S1A_IW_GRDH_1SDV_20171026T103312_20171026T103341_018983_020151_rtc,2017-10-26T10:33:27.336845+00:00,2017-10-26,2017Q4,S1A,11,ascending,X2_build_site__v1,positive_control,LINEAR_POWER_GAMMA0,1.0289872884750366,155,0.2651642858982086,155
FROZEN,S1A_IW_GRDH_1SDV_20171102T102500_20171102T102529_019085_020480_rtc,2017-11-02T10:25:14.596014+00:00,2017-11-02,2017Q4,S1A,113,ascending,T1_ntt_fdc__v1,treatment,LINEAR_POWER_GAMMA0,1.2076987028121948,307,0.657343864440918,307
FROZEN,S1A_IW_GRDH_1SDV_20171102T102500_20171102T102529_019085_020480_rtc,2017-11-02T10:25:14.596014+00:00,2017-11-02,2017Q4,S1A,113,ascending,C1_hkex_dc__v1,control,LINEAR_POWER_GAMMA0,0.2863883376121521,55,0.10292533785104752,55
FROZEN,S1A_IW_GRDH_1SDV_20171102T102500_20171102T102529_019085_020480_rtc,2017-11-02T10:25:14.596014+00:00,2017-11-02,2017Q4,S1A,113,ascending,C2b_amc__v2,positive_control,LINEAR_POWER_GAMMA0,0.2428373545408249,260,0.05396697670221329,260
FROZEN,S1A_IW_GRDH_1SDV_20171102T102500_20171102T102529_019085_020480_rtc,2017-11-02T10:25:14.596014+00:00,2017-11-02,2017Q4,S1A,113,ascending,P1_vacant__v1,placebo,LINEAR_POWER_GAMMA0,0.41639208793640137,93,0.08731447905302048,93
FROZEN,S1A_IW_GRDH_1SDV_20171102T102500_20171102T102529_019085_020480_rtc,2017-11-02T10:25:14.596014+00:00,2017-11-02,2017Q4,S1A,113,ascending,X1_build_slab__v1,positive_control,LINEAR_POWER_GAMMA0,1.2009557485580444,67,0.10361648350954056,67
FROZEN,S1A_IW_GRDH_1SDV_20171102T102500_20171102T102529_019085_020480_rtc,2017-11-02T10:25:14.596014+00:00,2017-11-02,2017Q4,S1A,113,ascending,X2_build_site__v1,positive_control,LINEAR_POWER_GAMMA0,1.2520149946212769,155,0.25929054617881775,155
FROZEN,S1A_IW_GRDH_1SDV_20171107T103312_20171107T103341_019158_0206BE_rtc,2017-11-07T10:33:27.072488+00:00,2017-11-07,2017Q4,S1A,11,ascending,T1_ntt_fdc__v1,treatment,LINEAR_POWER_GAMMA0,3.4464712142944336,307,2.0782105922698975,307
FROZEN,S1A_IW_GRDH_1SDV_20171107T103312_20171107T103341_019158_0206BE_rtc,2017-11-07T10:33:27.072488+00:00,2017-11-07,2017Q4,S1A,11,ascending,C1_hkex_dc__v1,control,LINEAR_POWER_GAMMA0,0.34493592381477356,55,0.10454515367746353,55
FROZEN,S1A_IW_GRDH_1SDV_20171107T103312_20171107T103341_019158_0206BE_rtc,2017-11-07T10:33:27.072488+00:00,2017-11-07,2017Q4,S1A,11,ascending,C2b_amc__v2,positive_control,LINEAR_POWER_GAMMA0,0.4455912709236145,260,0.08842641115188599,260
FROZEN,S1A_IW_GRDH_1SDV_20171107T103312_20171107T103341_019158_0206BE_rtc,2017-11-07T10:33:27.072488+00:00,2017-11-07,2017Q4,S1A,11,ascending,P1_vacant__v1,placebo,LINEAR_POWER_GAMMA0,0.3107607364654541,93,0.08841070532798767,93
FROZEN,S1A_IW_GRDH_1SDV_20171107T103312_20171107T103341_019158_0206BE_rtc,2017-11-07T10:33:27.072488+00:00,2017-11-07,2017Q4,S1A,11,ascending,X1_build_slab__v1,positive_control,LINEAR_POWER_GAMMA0,0.6562238335609436,67,0.1063273474574089,67
FROZEN,S1A_IW_GRDH_1SDV_20171107T103312_20171107T103341_019158_0206BE_rtc,2017-11-07T10:33:27.072488+00:00,2017-11-07,2017Q4,S1A,11,ascending,X2_build_site__v1,positive_control,LINEAR_POWER_GAMMA0,0.9158403873443604,155,0.21658456325531006,155
FROZEN,S1A_IW_GRDH_1SDV_20171114T102459_20171114T102528_019260_0209F5_rtc,2017-11-14T10:25:14.222550+00:00,2017-11-14,2017Q4,S1A,113,ascending,T1_ntt_fdc__v1,treatment,LINEAR_POWER_GAMMA0,1.2821953296661377,307,0.6420690417289734,307
FROZEN,S1A_IW_GRDH_1SDV_20171114T102459_20171114T102528_019260_0209F5_rtc,2017-11-14T10:25:14.222550+00:00,2017-11-14,2017Q4,S1A,113,ascending,C1_hkex_dc__v1,control,LINEAR_POWER_GAMMA0,0.2563905119895935,55,0.09367048740386963,55
FROZEN,S1A_IW_GRDH_1SDV_20171114T102459_20171114T102528_019260_0209F5_rtc,2017-11-14T10:25:14.222550+00:00,2017-11-14,2017Q4,S1A,113,ascending,C2b_amc__v2,positive_control,LINEAR_POWER_GAMMA0,0.381454735994339,260,0.07287447899580002,260
FROZEN,S1A_IW_GRDH_1SDV_20171114T102459_20171114T102528_019260_0209F5_rtc,2017-11-14T10:25:14.222550+00:00,2017-11-14,2017Q4,S1A,113,ascending,P1_vacant__v1,placebo,LINEAR_POWER_GAMMA0,0.35605013370513916,93,0.08996201306581497,93
FROZEN,S1A_IW_GRDH_1SDV_20171114T102459_20171114T102528_019260_0209F5_rtc,2017-11-14T10:25:14.222550+00:00,2017-11-14,2017Q4,S1A,113,ascending,X1_build_slab__v1,positive_control,LINEAR_POWER_GAMMA0,1.1791298389434814,67,0.12789835035800934,67
FROZEN,S1A_IW_GRDH_1SDV_20171114T102459_20171114T102528_019260_0209F5_rtc,2017-11-14T10:25:14.222550+00:00,2017-11-14,2017Q4,S1A,113,ascending,X2_build_site__v1,positive_control,LINEAR_POWER_GAMMA0,1.3804279565811157,155,0.32900625467300415,155
FROZEN,S1A_IW_GRDH_1SDV_20171119T103312_20171119T103341_019333_020C3A_rtc,2017-11-19T10:33:26.916954+00:00,2017-11-19,2017Q4,S1A,11,ascending,T1_ntt_fdc__v1,treatment,LINEAR_POWER_GAMMA0,3.5348775386810303,307,2.1500165462493896,307
FROZEN,S1A_IW_GRDH_1SDV_20171119T103312_20171119T103341_019333_020C3A_rtc,2017-11-19T10:33:26.916954+00:00,2017-11-19,2017Q4,S1A,11,ascending,C1_hkex_dc__v1,control,LINEAR_POWER_GAMMA0,0.359535276889801,55,0.10005609691143036,55
FROZEN,S1A_IW_GRDH_1SDV_20171119T103312_20171119T103341_019333_020C3A_rtc,2017-11-19T10:33:26.916954+00:00,2017-11-19,2017Q4,S1A,11,ascending,C2b_amc__v2,positive_control,LINEAR_POWER_GAMMA0,0.43038612604141235,260,0.06381156295537949,260
FROZEN,S1A_IW_GRDH_1SDV_20171119T103312_20171119T103341_019333_020C3A_rtc,2017-11-19T10:33:26.916954+00:00,2017-11-19,2017Q4,S1A,11,ascending,P1_vacant__v1,placebo,LINEAR_POWER_GAMMA0,0.3043217360973358,93,0.09761382639408112,93
FROZEN,S1A_IW_GRDH_1SDV_20171119T103312_20171119T103341_019333_020C3A_rtc,2017-11-19T10:33:26.916954+00:00,2017-11-19,2017Q4,S1A,11,ascending,X1_build_slab__v1,positive_control,LINEAR_POWER_GAMMA0,0.8558483719825745,67,0.1160564199090004,67
FROZEN,S1A_IW_GRDH_1SDV_20171119T103312_20171119T103341_019333_020C3A_rtc,2017-11-19T10:33:26.916954+00:00,2017-11-19,2017Q4,S1A,11,ascending,X2_build_site__v1,positive_control,LINEAR_POWER_GAMMA0,1.2282541990280151,155,0.33122336864471436,155
FROZEN,S1A_IW_GRDH_1SDV_20171126T102459_20171126T102528_019435_020F7F_rtc,2017-11-26T10:25:14.052334+00:00,2017-11-26,2017Q4,S1A,113,ascending,T1_ntt_fdc__v1,treatment,LINEAR_POWER_GAMMA0,1.466870903968811,307,0.6315396428108215,307
FROZEN,S1A_IW_GRDH_1SDV_20171126T102459_20171126T102528_019435_020F7F_rtc,2017-11-26T10:25:14.052334+00:00,2017-11-26,2017Q4,S1A,113,ascending,C1_hkex_dc__v1,control,LINEAR_POWER_GAMMA0,0.2523089349269867,55,0.06259802728891373,55
FROZEN,S1A_IW_GRDH_1SDV_20171126T102459_20171126T102528_019435_020F7F_rtc,2017-11-26T10:25:14.052334+00:00,2017-11-26,2017Q4,S1A,113,ascending,C2b_amc__v2,positive_control,LINEAR_POWER_GAMMA0,0.2869051992893219,260,0.061912719160318375,260
FROZEN,S1A_IW_GRDH_1SDV_20171126T102459_20171126T102528_019435_020F7F_rtc,2017-11-26T10:25:14.052334+00:00,2017-11-26,2017Q4,S1A,113,ascending,P1_vacant__v1,placebo,LINEAR_POWER_GAMMA0,0.22705231606960297,93,0.06815960258245468,93
FROZEN,S1A_IW_GRDH_1SDV_20171126T102459_20171126T102528_019435_020F7F_rtc,2017-11-26T10:25:14.052334+00:00,2017-11-26,2017Q4,S1A,113,ascending,X1_build_slab__v1,positive_control,LINEAR_POWER_GAMMA0,1.0869145393371582,67,0.13777858018875122,67
FROZEN,S1A_IW_GRDH_1SDV_20171126T102459_20171126T102528_019435_020F7F_rtc,2017-11-26T10:25:14.052334+00:00,2017-11-26,2017Q4,S1A,113,ascending,X2_build_site__v1,positive_control,LINEAR_POWER_GAMMA0,1.4337267875671387,155,0.312277615070343,155
FROZEN,S1A_IW_GRDH_1SDV_20171201T103312_20171201T103341_019508_0211B3_rtc,2017-12-01T10:33:26.577926+00:00,2017-12-01,2017Q4,S1A,11,ascending,T1_ntt_fdc__v1,treatment,LINEAR_POWER_GAMMA0,3.6185410022735596,307,2.078923225402832,307
FROZEN,S1A_IW_GRDH_1SDV_20171201T103312_20171201T103341_019508_0211B3_rtc,2017-12-01T10:33:26.577926+00:00,2017-12-01,2017Q4,S1A,11,ascending,C1_hkex_dc__v1,control,LINEAR_POWER_GAMMA0,0.3199170231819153,55,0.09802858531475067,55
FROZEN,S1A_IW_GRDH_1SDV_20171201T103312_20171201T103341_019508_0211B3_rtc,2017-12-01T10:33:26.577926+00:00,2017-12-01,2017Q4,S1A,11,ascending,C2b_amc__v2,positive_control,LINEAR_POWER_GAMMA0,0.5770012140274048,260,0.06643784046173096,260
FROZEN,S1A_IW_GRDH_1SDV_20171201T103312_20171201T103341_019508_0211B3_rtc,2017-12-01T10:33:26.577926+00:00,2017-12-01,2017Q4,S1A,11,ascending,P1_vacant__v1,placebo,LINEAR_POWER_GAMMA0,0.31090766191482544,93,0.10242044925689697,93
FROZEN,S1A_IW_GRDH_1SDV_20171201T103312_20171201T103341_019508_0211B3_rtc,2017-12-01T10:33:26.577926+00:00,2017-12-01,2017Q4,S1A,11,ascending,X1_build_slab__v1,positive_control,LINEAR_POWER_GAMMA0,0.8574386239051819,67,0.12734995782375336,67
FROZEN,S1A_IW_GRDH_1SDV_20171201T103312_20171201T103341_019508_0211B3_rtc,2017-12-01T10:33:26.577926+00:00,2017-12-01,2017Q4,S1A,11,ascending,X2_build_site__v1,positive_control,LINEAR_POWER_GAMMA0,1.7466460466384888,155,0.4638511836528778,155
FROZEN,S1A_IW_GRDH_1SDV_20171208T102458_20171208T102527_019610_0214F2_rtc,2017-12-08T10:25:13.418404+00:00,2017-12-08,2017Q4,S1A,113,ascending,T1_ntt_fdc__v1,treatment,LINEAR_POWER_GAMMA0,1.1768019199371338,307,0.6555736660957336,307
FROZEN,S1A_IW_GRDH_1SDV_20171208T102458_20171208T102527_019610_0214F2_rtc,2017-12-08T10:25:13.418404+00:00,2017-12-08,2017Q4,S1A,113,ascending,C1_hkex_dc__v1,control,LINEAR_POWER_GAMMA0,0.25496572256088257,55,0.10533053427934647,55
FROZEN,S1A_IW_GRDH_1SDV_20171208T102458_20171208T102527_019610_0214F2_rtc,2017-12-08T10:25:13.418404+00:00,2017-12-08,2017Q4,S1A,113,ascending,C2b_amc__v2,positive_control,LINEAR_POWER_GAMMA0,0.24264608323574066,260,0.056279100477695465,260
FROZEN,S1A_IW_GRDH_1SDV_20171208T102458_20171208T102527_019610_0214F2_rtc,2017-12-08T10:25:13.418404+00:00,2017-12-08,2017Q4,S1A,113,ascending,P1_vacant__v1,placebo,LINEAR_POWER_GAMMA0,0.22159841656684875,93,0.07211896777153015,93
FROZEN,S1A_IW_GRDH_1SDV_20171208T102458_20171208T102527_019610_0214F2_rtc,2017-12-08T10:25:13.418404+00:00,2017-12-08,2017Q4,S1A,113,ascending,X1_build_slab__v1,positive_control,LINEAR_POWER_GAMMA0,1.4432995319366455,67,0.15620899200439453,67
FROZEN,S1A_IW_GRDH_1SDV_20171208T102458_20171208T102527_019610_0214F2_rtc,2017-12-08T10:25:13.418404+00:00,2017-12-08,2017Q4,S1A,113,ascending,X2_build_site__v1,positive_control,LINEAR_POWER_GAMMA0,1.5449472665786743,155,0.32231345772743225,155
FROZEN,S1A_IW_GRDH_1SDV_20171213T103311_20171213T103340_019683_02172E_rtc,2017-12-13T10:33:26.139643+00:00,2017-12-13,2017Q4,S1A,11,ascending,T1_ntt_fdc__v1,treatment,LINEAR_POWER_GAMMA0,3.406240463256836,307,2.004960060119629,307
FROZEN,S1A_IW_GRDH_1SDV_20171213T103311_20171213T103340_019683_02172E_rtc,2017-12-13T10:33:26.139643+00:00,2017-12-13,2017Q4,S1A,11,ascending,C1_hkex_dc__v1,control,LINEAR_POWER_GAMMA0,0.36905330419540405,55,0.09199407696723938,55
FROZEN,S1A_IW_GRDH_1SDV_20171213T103311_20171213T103340_019683_02172E_rtc,2017-12-13T10:33:26.139643+00:00,2017-12-13,2017Q4,S1A,11,ascending,C2b_amc__v2,positive_control,LINEAR_POWER_GAMMA0,0.49121513962745667,260,0.06559675931930542,260
FROZEN,S1A_IW_GRDH_1SDV_20171213T103311_20171213T103340_019683_02172E_rtc,2017-12-13T10:33:26.139643+00:00,2017-12-13,2017Q4,S1A,11,ascending,P1_vacant__v1,placebo,LINEAR_POWER_GAMMA0,0.31149551272392273,93,0.09134883433580399,93
FROZEN,S1A_IW_GRDH_1SDV_20171213T103311_20171213T103340_019683_02172E_rtc,2017-12-13T10:33:26.139643+00:00,2017-12-13,2017Q4,S1A,11,ascending,X1_build_slab__v1,positive_control,LINEAR_POWER_GAMMA0,0.6458380818367004,67,0.13400571048259735,67
FROZEN,S1A_IW_GRDH_1SDV_20171213T103311_20171213T103340_019683_02172E_rtc,2017-12-13T10:33:26.139643+00:00,2017-12-13,2017Q4,S1A,11,ascending,X2_build_site__v1,positive_control,LINEAR_POWER_GAMMA0,1.12692391872406,155,0.28022313117980957,155
FROZEN,S1A_IW_GRDH_1SDV_20171220T102458_20171220T102527_019785_021A66_rtc,2017-12-20T10:25:13.089793+00:00,2017-12-20,2017Q4,S1A,113,ascending,T1_ntt_fdc__v1,treatment,LINEAR_POWER_GAMMA0,1.1485755443572998,307,0.5982279777526855,307
FROZEN,S1A_IW_GRDH_1SDV_20171220T102458_20171220T102527_019785_021A66_rtc,2017-12-20T10:25:13.089793+00:00,2017-12-20,2017Q4,S1A,113,ascending,C1_hkex_dc__v1,control,LINEAR_POWER_GAMMA0,0.26169678568840027,55,0.08267800509929657,55
FROZEN,S1A_IW_GRDH_1SDV_20171220T102458_20171220T102527_019785_021A66_rtc,2017-12-20T10:25:13.089793+00:00,2017-12-20,2017Q4,S1A,113,ascending,C2b_amc__v2,positive_control,LINEAR_POWER_GAMMA0,0.2626536786556244,260,0.06527188420295715,260
FROZEN,S1A_IW_GRDH_1SDV_20171220T102458_20171220T102527_019785_021A66_rtc,2017-12-20T10:25:13.089793+00:00,2017-12-20,2017Q4,S1A,113,ascending,P1_vacant__v1,placebo,LINEAR_POWER_GAMMA0,0.33394744992256165,93,0.058544885367155075,93
FROZEN,S1A_IW_GRDH_1SDV_20171220T102458_20171220T102527_019785_021A66_rtc,2017-12-20T10:25:13.089793+00:00,2017-12-20,2017Q4,S1A,113,ascending,X1_build_slab__v1,positive_control,LINEAR_POWER_GAMMA0,1.0747995376586914,67,0.13293717801570892,67
FROZEN,S1A_IW_GRDH_1SDV_20171220T102458_20171220T102527_019785_021A66_rtc,2017-12-20T10:25:13.089793+00:00,2017-12-20,2017Q4,S1A,113,ascending,X2_build_site__v1,positive_control,LINEAR_POWER_GAMMA0,1.423194169998169,155,0.3262328505516052,155
FROZEN,S1A_IW_GRDH_1SDV_20171225T103311_20171225T103339_019858_021C91_rtc,2017-12-25T10:33:25.499968+00:00,2017-12-25,2017Q4,S1A,11,ascending,T1_ntt_fdc__v1,treatment,LINEAR_POWER_GAMMA0,3.6734063625335693,307,2.0177547931671143,307
FROZEN,S1A_IW_GRDH_1SDV_20171225T103311_20171225T103339_019858_021C91_rtc,2017-12-25T10:33:25.499968+00:00,2017-12-25,2017Q4,S1A,11,ascending,C1_hkex_dc__v1,control,LINEAR_POWER_GAMMA0,0.33207041025161743,55,0.09040091186761856,55
FROZEN,S1A_IW_GRDH_1SDV_20171225T103311_20171225T103339_019858_021C91_rtc,2017-12-25T10:33:25.499968+00:00,2017-12-25,2017Q4,S1A,11,ascending,C2b_amc__v2,positive_control,LINEAR_POWER_GAMMA0,0.572275698184967,260,0.07076284289360046,260
FROZEN,S1A_IW_GRDH_1SDV_20171225T103311_20171225T103339_019858_021C91_rtc,2017-12-25T10:33:25.499968+00:00,2017-12-25,2017Q4,S1A,11,ascending,P1_vacant__v1,placebo,LINEAR_POWER_GAMMA0,0.3015616536140442,93,0.10893041640520096,93
FROZEN,S1A_IW_GRDH_1SDV_20171225T103311_20171225T103339_019858_021C91_rtc,2017-12-25T10:33:25.499968+00:00,2017-12-25,2017Q4,S1A,11,ascending,X1_build_slab__v1,positive_control,LINEAR_POWER_GAMMA0,0.557687520980835,67,0.13892360031604767,67
FROZEN,S1A_IW_GRDH_1SDV_20171225T103311_20171225T103339_019858_021C91_rtc,2017-12-25T10:33:25.499968+00:00,2017-12-25,2017Q4,S1A,11,ascending,X2_build_site__v1,positive_control,LINEAR_POWER_GAMMA0,1.0684574842453003,155,0.198990598320961,155
FROZEN,S1A_IW_GRDH_1SDV_20180101T102457_20180101T102526_019960_021FD7_rtc,2018-01-01T10:25:12.488167+00:00,2018-01-01,2018Q1,S1A,113,ascending,T1_ntt_fdc__v1,treatment,LINEAR_POWER_GAMMA0,1.4196643829345703,307,0.6998705267906189,307
FROZEN,S1A_IW_GRDH_1SDV_20180101T102457_20180101T102526_019960_021FD7_rtc,2018-01-01T10:25:12.488167+00:00,2018-01-01,2018Q1,S1A,113,ascending,C1_hkex_dc__v1,control,LINEAR_POWER_GAMMA0,0.2458828091621399,55,0.06980584561824799,55
FROZEN,S1A_IW_GRDH_1SDV_20180101T102457_20180101T102526_019960_021FD7_rtc,2018-01-01T10:25:12.488167+00:00,2018-01-01,2018Q1,S1A,113,ascending,C2b_amc__v2,positive_control,LINEAR_POWER_GAMMA0,0.2680875360965729,260,0.07762009650468826,260
FROZEN,S1A_IW_GRDH_1SDV_20180101T102457_20180101T102526_019960_021FD7_rtc,2018-01-01T10:25:12.488167+00:00,2018-01-01,2018Q1,S1A,113,ascending,P1_vacant__v1,placebo,LINEAR_POWER_GAMMA0,0.21016375720500946,93,0.05939064174890518,93
FROZEN,S1A_IW_GRDH_1SDV_20180101T102457_20180101T102526_019960_021FD7_rtc,2018-01-01T10:25:12.488167+00:00,2018-01-01,2018Q1,S1A,113,ascending,X1_build_slab__v1,positive_control,LINEAR_POWER_GAMMA0,1.2583619356155396,67,0.1511935144662857,67
FROZEN,S1A_IW_GRDH_1SDV_20180101T102457_20180101T102526_019960_021FD7_rtc,2018-01-01T10:25:12.488167+00:00,2018-01-01,2018Q1,S1A,113,ascending,X2_build_site__v1,positive_control,LINEAR_POWER_GAMMA0,1.791225552558899,155,0.2955935001373291,155
FROZEN,S1A_IW_GRDH_1SDV_20180106T103310_20180106T103339_020033_02221D_rtc,2018-01-06T10:33:25.047118+00:00,2018-01-06,2018Q1,S1A,11,ascending,T1_ntt_fdc__v1,treatment,LINEAR_POWER_GAMMA0,3.7231881618499756,307,2.158104658126831,307
FROZEN,S1A_IW_GRDH_1SDV_20180106T103310_20180106T103339_020033_02221D_rtc,2018-01-06T10:33:25.047118+00:00,2018-01-06,2018Q1,S1A,11,ascending,C1_hkex_dc__v1,control,LINEAR_POWER_GAMMA0,0.41351887583732605,55,0.09666098654270172,55
FROZEN,S1A_IW_GRDH_1SDV_20180106T103310_20180106T103339_020033_02221D_rtc,2018-01-06T10:33:25.047118+00:00,2018-01-06,2018Q1,S1A,11,ascending,C2b_amc__v2,positive_control,LINEAR_POWER_GAMMA0,0.6582923531532288,260,0.06557512283325195,260
FROZEN,S1A_IW_GRDH_1SDV_20180106T103310_20180106T103339_020033_02221D_rtc,2018-01-06T10:33:25.047118+00:00,2018-01-06,2018Q1,S1A,11,ascending,P1_vacant__v1,placebo,LINEAR_POWER_GAMMA0,0.33437520265579224,93,0.09975724667310715,93
FROZEN,S1A_IW_GRDH_1SDV_20180106T103310_20180106T103339_020033_02221D_rtc,2018-01-06T10:33:25.047118+00:00,2018-01-06,2018Q1,S1A,11,ascending,X1_build_slab__v1,positive_control,LINEAR_POWER_GAMMA0,0.895893931388855,67,0.14201125502586365,67
FROZEN,S1A_IW_GRDH_1SDV_20180106T103310_20180106T103339_020033_02221D_rtc,2018-01-06T10:33:25.047118+00:00,2018-01-06,2018Q1,S1A,11,ascending,X2_build_site__v1,positive_control,LINEAR_POWER_GAMMA0,1.596805453300476,155,0.2798742353916168,155
FROZEN,S1A_IW_GRDH_1SDV_20180113T102457_20180113T102526_020135_02255F_rtc,2018-01-13T10:25:12.189772+00:00,2018-01-13,2018Q1,S1A,113,ascending,T1_ntt_fdc__v1,treatment,LINEAR_POWER_GAMMA0,1.3037091493606567,307,0.6163315176963806,307
FROZEN,S1A_IW_GRDH_1SDV_20180113T102457_20180113T102526_020135_02255F_rtc,2018-01-13T10:25:12.189772+00:00,2018-01-13,2018Q1,S1A,113,ascending,C1_hkex_dc__v1,control,LINEAR_POWER_GAMMA0,0.23648835718631744,55,0.07534568011760712,55
FROZEN,S1A_IW_GRDH_1SDV_20180113T102457_20180113T102526_020135_02255F_rtc,2018-01-13T10:25:12.189772+00:00,2018-01-13,2018Q1,S1A,113,ascending,C2b_amc__v2,positive_control,LINEAR_POWER_GAMMA0,0.23467090725898743,260,0.05314772576093674,260
FROZEN,S1A_IW_GRDH_1SDV_20180113T102457_20180113T102526_020135_02255F_rtc,2018-01-13T10:25:12.189772+00:00,2018-01-13,2018Q1,S1A,113,ascending,P1_vacant__v1,placebo,LINEAR_POWER_GAMMA0,0.18606585264205933,93,0.0771031603217125,93
FROZEN,S1A_IW_GRDH_1SDV_20180113T102457_20180113T102526_020135_02255F_rtc,2018-01-13T10:25:12.189772+00:00,2018-01-13,2018Q1,S1A,113,ascending,X1_build_slab__v1,positive_control,LINEAR_POWER_GAMMA0,1.1307666301727295,67,0.16797487437725067,67
FROZEN,S1A_IW_GRDH_1SDV_20180113T102457_20180113T102526_020135_02255F_rtc,2018-01-13T10:25:12.189772+00:00,2018-01-13,2018Q1,S1A,113,ascending,X2_build_site__v1,positive_control,LINEAR_POWER_GAMMA0,1.4851619005203247,155,0.23671358823776245,155
FROZEN,S1A_IW_GRDH_1SDV_20180125T102457_20180125T102526_020310_022AEC_rtc,2018-01-25T10:25:11.766640+00:00,2018-01-25,2018Q1,S1A,113,ascending,T1_ntt_fdc__v1,treatment,LINEAR_POWER_GAMMA0,1.0385456085205078,307,0.616057276725769,307
FROZEN,S1A_IW_GRDH_1SDV_20180125T102457_20180125T102526_020310_022AEC_rtc,2018-01-25T10:25:11.766640+00:00,2018-01-25,2018Q1,S1A,113,ascending,C1_hkex_dc__v1,control,LINEAR_POWER_GAMMA0,0.285569965839386,55,0.06521298736333847,55
FROZEN,S1A_IW_GRDH_1SDV_20180125T102457_20180125T102526_020310_022AEC_rtc,2018-01-25T10:25:11.766640+00:00,2018-01-25,2018Q1,S1A,113,ascending,C2b_amc__v2,positive_control,LINEAR_POWER_GAMMA0,0.2255817949771881,260,0.05299672111868858,260
FROZEN,S1A_IW_GRDH_1SDV_20180125T102457_20180125T102526_020310_022AEC_rtc,2018-01-25T10:25:11.766640+00:00,2018-01-25,2018Q1,S1A,113,ascending,P1_vacant__v1,placebo,LINEAR_POWER_GAMMA0,0.2078750729560852,93,0.07444282621145248,93
FROZEN,S1A_IW_GRDH_1SDV_20180125T102457_20180125T102526_020310_022AEC_rtc,2018-01-25T10:25:11.766640+00:00,2018-01-25,2018Q1,S1A,113,ascending,X1_build_slab__v1,positive_control,LINEAR_POWER_GAMMA0,1.0112894773483276,67,0.13680079579353333,67
FROZEN,S1A_IW_GRDH_1SDV_20180125T102457_20180125T102526_020310_022AEC_rtc,2018-01-25T10:25:11.766640+00:00,2018-01-25,2018Q1,S1A,113,ascending,X2_build_site__v1,positive_control,LINEAR_POWER_GAMMA0,1.3073784112930298,155,0.21054707467556,155
FROZEN,S1A_IW_GRDH_1SDV_20180130T103309_20180130T103338_020383_022D39_rtc,2018-01-30T10:33:24.313235+00:00,2018-01-30,2018Q1,S1A,11,ascending,T1_ntt_fdc__v1,treatment,LINEAR_POWER_GAMMA0,3.292686939239502,307,1.8143525123596191,307
FROZEN,S1A_IW_GRDH_1SDV_20180130T103309_20180130T103338_020383_022D39_rtc,2018-01-30T10:33:24.313235+00:00,2018-01-30,2018Q1,S1A,11,ascending,C1_hkex_dc__v1,control,LINEAR_POWER_GAMMA0,0.33984410762786865,55,0.10848180949687958,55
FROZEN,S1A_IW_GRDH_1SDV_20180130T103309_20180130T103338_020383_022D39_rtc,2018-01-30T10:33:24.313235+00:00,2018-01-30,2018Q1,S1A,11,ascending,C2b_amc__v2,positive_control,LINEAR_POWER_GAMMA0,0.2571693956851959,260,0.04699035361409187,260
FROZEN,S1A_IW_GRDH_1SDV_20180130T103309_20180130T103338_020383_022D39_rtc,2018-01-30T10:33:24.313235+00:00,2018-01-30,2018Q1,S1A,11,ascending,P1_vacant__v1,placebo,LINEAR_POWER_GAMMA0,0.28800007700920105,93,0.08857652544975281,93
FROZEN,S1A_IW_GRDH_1SDV_20180130T103309_20180130T103338_020383_022D39_rtc,2018-01-30T10:33:24.313235+00:00,2018-01-30,2018Q1,S1A,11,ascending,X1_build_slab__v1,positive_control,LINEAR_POWER_GAMMA0,1.0080199241638184,67,0.13839584589004517,67
FROZEN,S1A_IW_GRDH_1SDV_20180130T103309_20180130T103338_020383_022D39_rtc,2018-01-30T10:33:24.313235+00:00,2018-01-30,2018Q1,S1A,11,ascending,X2_build_site__v1,positive_control,LINEAR_POWER_GAMMA0,1.3154581785202026,155,0.24058827757835388,155
FROZEN,S1A_IW_GRDH_1SDV_20180206T102457_20180206T102526_020485_023082_rtc,2018-02-06T10:25:11.516009+00:00,2018-02-06,2018Q1,S1A,113,ascending,T1_ntt_fdc__v1,treatment,LINEAR_POWER_GAMMA0,1.340073585510254,307,0.6057243347167969,307
FROZEN,S1A_IW_GRDH_1SDV_20180206T102457_20180206T102526_020485_023082_rtc,2018-02-06T10:25:11.516009+00:00,2018-02-06,2018Q1,S1A,113,ascending,C1_hkex_dc__v1,control,LINEAR_POWER_GAMMA0,0.31754231452941895,55,0.10920771956443787,55
FROZEN,S1A_IW_GRDH_1SDV_20180206T102457_20180206T102526_020485_023082_rtc,2018-02-06T10:25:11.516009+00:00,2018-02-06,2018Q1,S1A,113,ascending,C2b_amc__v2,positive_control,LINEAR_POWER_GAMMA0,0.19576412439346313,260,0.04734189063310623,260
FROZEN,S1A_IW_GRDH_1SDV_20180206T102457_20180206T102526_020485_023082_rtc,2018-02-06T10:25:11.516009+00:00,2018-02-06,2018Q1,S1A,113,ascending,P1_vacant__v1,placebo,LINEAR_POWER_GAMMA0,0.37941133975982666,93,0.07063047587871552,93
FROZEN,S1A_IW_GRDH_1SDV_20180206T102457_20180206T102526_020485_023082_rtc,2018-02-06T10:25:11.516009+00:00,2018-02-06,2018Q1,S1A,113,ascending,X1_build_slab__v1,positive_control,LINEAR_POWER_GAMMA0,0.9369829297065735,67,0.1504054218530655,67
FROZEN,S1A_IW_GRDH_1SDV_20180206T102457_20180206T102526_020485_023082_rtc,2018-02-06T10:25:11.516009+00:00,2018-02-06,2018Q1,S1A,113,ascending,X2_build_site__v1,positive_control,LINEAR_POWER_GAMMA0,1.872992753982544,155,0.22341880202293396,155
FROZEN,S1A_IW_GRDH_1SDV_20180211T103309_20180211T103338_020558_0232D2_rtc,2018-02-11T10:33:24.197518+00:00,2018-02-11,2018Q1,S1A,11,ascending,T1_ntt_fdc__v1,treatment,LINEAR_POWER_GAMMA0,3.174457311630249,307,2.1427419185638428,307
FROZEN,S1A_IW_GRDH_1SDV_20180211T103309_20180211T103338_020558_0232D2_rtc,2018-02-11T10:33:24.197518+00:00,2018-02-11,2018Q1,S1A,11,ascending,C1_hkex_dc__v1,control,LINEAR_POWER_GAMMA0,0.34620043635368347,55,0.09946584701538086,55
FROZEN,S1A_IW_GRDH_1SDV_20180211T103309_20180211T103338_020558_0232D2_rtc,2018-02-11T10:33:24.197518+00:00,2018-02-11,2018Q1,S1A,11,ascending,C2b_amc__v2,positive_control,LINEAR_POWER_GAMMA0,0.24222801625728607,260,0.05048028379678726,260
FROZEN,S1A_IW_GRDH_1SDV_20180211T103309_20180211T103338_020558_0232D2_rtc,2018-02-11T10:33:24.197518+00:00,2018-02-11,2018Q1,S1A,11,ascending,P1_vacant__v1,placebo,LINEAR_POWER_GAMMA0,0.21941931545734406,93,0.07796885818243027,93
FROZEN,S1A_IW_GRDH_1SDV_20180211T103309_20180211T103338_020558_0232D2_rtc,2018-02-11T10:33:24.197518+00:00,2018-02-11,2018Q1,S1A,11,ascending,X1_build_slab__v1,positive_control,LINEAR_POWER_GAMMA0,0.7008565068244934,67,0.1970430612564087,67
FROZEN,S1A_IW_GRDH_1SDV_20180211T103309_20180211T103338_020558_0232D2_rtc,2018-02-11T10:33:24.197518+00:00,2018-02-11,2018Q1,S1A,11,ascending,X2_build_site__v1,positive_control,LINEAR_POWER_GAMMA0,1.1033273935317993,155,0.2270534634590149,155
FROZEN,S1A_IW_GRDH_1SDV_20180218T102456_20180218T102525_020660_023618_rtc,2018-02-18T10:25:11.286786+00:00,2018-02-18,2018Q1,S1A,113,ascending,T1_ntt_fdc__v1,treatment,LINEAR_POWER_GAMMA0,1.2583273649215698,307,0.639926552772522,307
FROZEN,S1A_IW_GRDH_1SDV_20180218T102456_20180218T102525_020660_023618_rtc,2018-02-18T10:25:11.286786+00:00,2018-02-18,2018Q1,S1A,113,ascending,C1_hkex_dc__v1,control,LINEAR_POWER_GAMMA0,0.25821155309677124,55,0.07307927310466766,55
FROZEN,S1A_IW_GRDH_1SDV_20180218T102456_20180218T102525_020660_023618_rtc,2018-02-18T10:25:11.286786+00:00,2018-02-18,2018Q1,S1A,113,ascending,C2b_amc__v2,positive_control,LINEAR_POWER_GAMMA0,0.20175151526927948,260,0.03910215571522713,260
FROZEN,S1A_IW_GRDH_1SDV_20180218T102456_20180218T102525_020660_023618_rtc,2018-02-18T10:25:11.286786+00:00,2018-02-18,2018Q1,S1A,113,ascending,P1_vacant__v1,placebo,LINEAR_POWER_GAMMA0,0.4738759696483612,93,0.07300868630409241,93
FROZEN,S1A_IW_GRDH_1SDV_20180218T102456_20180218T102525_020660_023618_rtc,2018-02-18T10:25:11.286786+00:00,2018-02-18,2018Q1,S1A,113,ascending,X1_build_slab__v1,positive_control,LINEAR_POWER_GAMMA0,1.3428113460540771,67,0.14541980624198914,67
FROZEN,S1A_IW_GRDH_1SDV_20180218T102456_20180218T102525_020660_023618_rtc,2018-02-18T10:25:11.286786+00:00,2018-02-18,2018Q1,S1A,113,ascending,X2_build_site__v1,positive_control,LINEAR_POWER_GAMMA0,2.946200370788574,155,0.2800109088420868,155
FROZEN,S1A_IW_GRDH_1SDV_20180223T103309_20180223T103338_020733_023867_rtc,2018-02-23T10:33:23.968096+00:00,2018-02-23,2018Q1,S1A,11,ascending,T1_ntt_fdc__v1,treatment,LINEAR_POWER_GAMMA0,3.2428953647613525,307,2.05371356010437,307
FROZEN,S1A_IW_GRDH_1SDV_20180223T103309_20180223T103338_020733_023867_rtc,2018-02-23T10:33:23.968096+00:00,2018-02-23,2018Q1,S1A,11,ascending,C1_hkex_dc__v1,control,LINEAR_POWER_GAMMA0,0.3769659996032715,55,0.09405669569969177,55
FROZEN,S1A_IW_GRDH_1SDV_20180223T103309_20180223T103338_020733_023867_rtc,2018-02-23T10:33:23.968096+00:00,2018-02-23,2018Q1,S1A,11,ascending,C2b_amc__v2,positive_control,LINEAR_POWER_GAMMA0,0.48260697722435,260,0.0392179861664772,260
FROZEN,S1A_IW_GRDH_1SDV_20180223T103309_20180223T103338_020733_023867_rtc,2018-02-23T10:33:23.968096+00:00,2018-02-23,2018Q1,S1A,11,ascending,P1_vacant__v1,placebo,LINEAR_POWER_GAMMA0,0.2840721607208252,93,0.08163490146398544,93
FROZEN,S1A_IW_GRDH_1SDV_20180223T103309_20180223T103338_020733_023867_rtc,2018-02-23T10:33:23.968096+00:00,2018-02-23,2018Q1,S1A,11,ascending,X1_build_slab__v1,positive_control,LINEAR_POWER_GAMMA0,1.0677582025527954,67,0.15735293924808502,67
FROZEN,S1A_IW_GRDH_1SDV_20180223T103309_20180223T103338_020733_023867_rtc,2018-02-23T10:33:23.968096+00:00,2018-02-23,2018Q1,S1A,11,ascending,X2_build_site__v1,positive_control,LINEAR_POWER_GAMMA0,1.2303898334503174,155,0.195906862616539,155
FROZEN,S1A_IW_GRDH_1SDV_20180302T102456_20180302T102525_020835_023BA4_rtc,2018-03-02T10:25:11.287087+00:00,2018-03-02,2018Q1,S1A,113,ascending,T1_ntt_fdc__v1,treatment,LINEAR_POWER_GAMMA0,1.2053213119506836,307,0.686800479888916,307
FROZEN,S1A_IW_GRDH_1SDV_20180302T102456_20180302T102525_020835_023BA4_rtc,2018-03-02T10:25:11.287087+00:00,2018-03-02,2018Q1,S1A,113,ascending,C1_hkex_dc__v1,control,LINEAR_POWER_GAMMA0,0.302409291267395,55,0.07797671854496002,55
FROZEN,S1A_IW_GRDH_1SDV_20180302T102456_20180302T102525_020835_023BA4_rtc,2018-03-02T10:25:11.287087+00:00,2018-03-02,2018Q1,S1A,113,ascending,C2b_amc__v2,positive_control,LINEAR_POWER_GAMMA0,0.19767358899116516,260,0.035990647971630096,260
FROZEN,S1A_IW_GRDH_1SDV_20180302T102456_20180302T102525_020835_023BA4_rtc,2018-03-02T10:25:11.287087+00:00,2018-03-02,2018Q1,S1A,113,ascending,P1_vacant__v1,placebo,LINEAR_POWER_GAMMA0,0.18442665040493011,93,0.0763934850692749,93
FROZEN,S1A_IW_GRDH_1SDV_20180302T102456_20180302T102525_020835_023BA4_rtc,2018-03-02T10:25:11.287087+00:00,2018-03-02,2018Q1,S1A,113,ascending,X1_build_slab__v1,positive_control,LINEAR_POWER_GAMMA0,1.2151850461959839,67,0.1511860191822052,67
FROZEN,S1A_IW_GRDH_1SDV_20180302T102456_20180302T102525_020835_023BA4_rtc,2018-03-02T10:25:11.287087+00:00,2018-03-02,2018Q1,S1A,113,ascending,X2_build_site__v1,positive_control,LINEAR_POWER_GAMMA0,2.3415000438690186,155,0.22593878209590912,155
FROZEN,S1A_IW_GRDH_1SDV_20180307T103309_20180307T103338_020908_023DF1_rtc,2018-03-07T10:33:23.914185+00:00,2018-03-07,2018Q1,S1A,11,ascending,T1_ntt_fdc__v1,treatment,LINEAR_POWER_GAMMA0,3.189260959625244,307,2.089871406555176,307
FROZEN,S1A_IW_GRDH_1SDV_20180307T103309_20180307T103338_020908_023DF1_rtc,2018-03-07T10:33:23.914185+00:00,2018-03-07,2018Q1,S1A,11,ascending,C1_hkex_dc__v1,control,LINEAR_POWER_GAMMA0,0.33210423588752747,55,0.09828052669763565,55
FROZEN,S1A_IW_GRDH_1SDV_20180307T103309_20180307T103338_020908_023DF1_rtc,2018-03-07T10:33:23.914185+00:00,2018-03-07,2018Q1,S1A,11,ascending,C2b_amc__v2,positive_control,LINEAR_POWER_GAMMA0,0.20252001285552979,260,0.033721353858709335,260
FROZEN,S1A_IW_GRDH_1SDV_20180307T103309_20180307T103338_020908_023DF1_rtc,2018-03-07T10:33:23.914185+00:00,2018-03-07,2018Q1,S1A,11,ascending,P1_vacant__v1,placebo,LINEAR_POWER_GAMMA0,0.26417872309684753,93,0.09725968539714813,93
FROZEN,S1A_IW_GRDH_1SDV_20180307T103309_20180307T103338_020908_023DF1_rtc,2018-03-07T10:33:23.914185+00:00,2018-03-07,2018Q1,S1A,11,ascending,X1_build_slab__v1,positive_control,LINEAR_POWER_GAMMA0,0.774269163608551,67,0.17994128167629242,67
FROZEN,S1A_IW_GRDH_1SDV_20180307T103309_20180307T103338_020908_023DF1_rtc,2018-03-07T10:33:23.914185+00:00,2018-03-07,2018Q1,S1A,11,ascending,X2_build_site__v1,positive_control,LINEAR_POWER_GAMMA0,1.049455165863037,155,0.19508621096611023,155
FROZEN,S1A_IW_GRDH_1SDV_20180314T102456_20180314T102525_021010_024132_rtc,2018-03-14T10:25:11.387589+00:00,2018-03-14,2018Q1,S1A,113,ascending,T1_ntt_fdc__v1,treatment,LINEAR_POWER_GAMMA0,1.5631208419799805,307,0.8243217468261719,307
FROZEN,S1A_IW_GRDH_1SDV_20180314T102456_20180314T102525_021010_024132_rtc,2018-03-14T10:25:11.387589+00:00,2018-03-14,2018Q1,S1A,113,ascending,C1_hkex_dc__v1,control,LINEAR_POWER_GAMMA0,0.32539093494415283,55,0.0883760079741478,55
FROZEN,S1A_IW_GRDH_1SDV_20180314T102456_20180314T102525_021010_024132_rtc,2018-03-14T10:25:11.387589+00:00,2018-03-14,2018Q1,S1A,113,ascending,C2b_amc__v2,positive_control,LINEAR_POWER_GAMMA0,0.2745576500892639,260,0.038414500653743744,260
FROZEN,S1A_IW_GRDH_1SDV_20180314T102456_20180314T102525_021010_024132_rtc,2018-03-14T10:25:11.387589+00:00,2018-03-14,2018Q1,S1A,113,ascending,P1_vacant__v1,placebo,LINEAR_POWER_GAMMA0,0.2944040894508362,93,0.09493803232908249,93
FROZEN,S1A_IW_GRDH_1SDV_20180314T102456_20180314T102525_021010_024132_rtc,2018-03-14T10:25:11.387589+00:00,2018-03-14,2018Q1,S1A,113,ascending,X1_build_slab__v1,positive_control,LINEAR_POWER_GAMMA0,1.0895906686782837,67,0.17690764367580414,67
FROZEN,S1A_IW_GRDH_1SDV_20180314T102456_20180314T102525_021010_024132_rtc,2018-03-14T10:25:11.387589+00:00,2018-03-14,2018Q1,S1A,113,ascending,X2_build_site__v1,positive_control,LINEAR_POWER_GAMMA0,2.141206979751587,155,0.21885821223258972,155
FROZEN,S1A_IW_GRDH_1SDV_20180319T103309_20180319T103338_021083_024376_rtc,2018-03-19T10:33:24.101014+00:00,2018-03-19,2018Q1,S1A,11,ascending,T1_ntt_fdc__v1,treatment,LINEAR_POWER_GAMMA0,3.3940186500549316,307,1.9334279298782349,307
FROZEN,S1A_IW_GRDH_1SDV_20180319T103309_20180319T103338_021083_024376_rtc,2018-03-19T10:33:24.101014+00:00,2018-03-19,2018Q1,S1A,11,ascending,C1_hkex_dc__v1,control,LINEAR_POWER_GAMMA0,0.3166878819465637,55,0.0945536270737648,55
FROZEN,S1A_IW_GRDH_1SDV_20180319T103309_20180319T103338_021083_024376_rtc,2018-03-19T10:33:24.101014+00:00,2018-03-19,2018Q1,S1A,11,ascending,C2b_amc__v2,positive_control,LINEAR_POWER_GAMMA0,0.21750764548778534,260,0.029849814251065254,260
FROZEN,S1A_IW_GRDH_1SDV_20180319T103309_20180319T103338_021083_024376_rtc,2018-03-19T10:33:24.101014+00:00,2018-03-19,2018Q1,S1A,11,ascending,P1_vacant__v1,placebo,LINEAR_POWER_GAMMA0,0.2899586260318756,93,0.0961136594414711,93
FROZEN,S1A_IW_GRDH_1SDV_20180319T103309_20180319T103338_021083_024376_rtc,2018-03-19T10:33:24.101014+00:00,2018-03-19,2018Q1,S1A,11,ascending,X1_build_slab__v1,positive_control,LINEAR_POWER_GAMMA0,0.6752930879592896,67,0.16015084087848663,67
FROZEN,S1A_IW_GRDH_1SDV_20180319T103309_20180319T103338_021083_024376_rtc,2018-03-19T10:33:24.101014+00:00,2018-03-19,2018Q1,S1A,11,ascending,X2_build_site__v1,positive_control,LINEAR_POWER_GAMMA0,1.02024507522583,155,0.17798027396202087,155
FROZEN,S1A_IW_GRDH_1SDV_20180326T102457_20180326T102526_021185_0246C1_rtc,2018-03-26T10:25:11.586762+00:00,2018-03-26,2018Q1,S1A,113,ascending,T1_ntt_fdc__v1,treatment,LINEAR_POWER_GAMMA0,1.2300028800964355,307,0.6568335890769958,307
FROZEN,S1A_IW_GRDH_1SDV_20180326T102457_20180326T102526_021185_0246C1_rtc,2018-03-26T10:25:11.586762+00:00,2018-03-26,2018Q1,S1A,113,ascending,C1_hkex_dc__v1,control,LINEAR_POWER_GAMMA0,0.29553985595703125,55,0.08055924624204636,55
FROZEN,S1A_IW_GRDH_1SDV_20180326T102457_20180326T102526_021185_0246C1_rtc,2018-03-26T10:25:11.586762+00:00,2018-03-26,2018Q1,S1A,113,ascending,C2b_amc__v2,positive_control,LINEAR_POWER_GAMMA0,0.29996824264526367,260,0.04130084812641144,260
FROZEN,S1A_IW_GRDH_1SDV_20180326T102457_20180326T102526_021185_0246C1_rtc,2018-03-26T10:25:11.586762+00:00,2018-03-26,2018Q1,S1A,113,ascending,P1_vacant__v1,placebo,LINEAR_POWER_GAMMA0,0.29884567856788635,93,0.08617354929447174,93
FROZEN,S1A_IW_GRDH_1SDV_20180326T102457_20180326T102526_021185_0246C1_rtc,2018-03-26T10:25:11.586762+00:00,2018-03-26,2018Q1,S1A,113,ascending,X1_build_slab__v1,positive_control,LINEAR_POWER_GAMMA0,1.0865761041641235,67,0.13397732377052307,67
FROZEN,S1A_IW_GRDH_1SDV_20180326T102457_20180326T102526_021185_0246C1_rtc,2018-03-26T10:25:11.586762+00:00,2018-03-26,2018Q1,S1A,113,ascending,X2_build_site__v1,positive_control,LINEAR_POWER_GAMMA0,2.050969362258911,155,0.3728363811969757,155
FROZEN,S1A_IW_GRDH_1SDV_20180331T103309_20180331T103338_021258_024906_rtc,2018-03-31T10:33:24.447047+00:00,2018-03-31,2018Q1,S1A,11,ascending,T1_ntt_fdc__v1,treatment,LINEAR_POWER_GAMMA0,3.284334659576416,307,2.0117251873016357,307
FROZEN,S1A_IW_GRDH_1SDV_20180331T103309_20180331T103338_021258_024906_rtc,2018-03-31T10:33:24.447047+00:00,2018-03-31,2018Q1,S1A,11,ascending,C1_hkex_dc__v1,control,LINEAR_POWER_GAMMA0,0.3549690842628479,55,0.08864328265190125,55
FROZEN,S1A_IW_GRDH_1SDV_20180331T103309_20180331T103338_021258_024906_rtc,2018-03-31T10:33:24.447047+00:00,2018-03-31,2018Q1,S1A,11,ascending,C2b_amc__v2,positive_control,LINEAR_POWER_GAMMA0,0.34454962611198425,260,0.053596340119838715,260
FROZEN,S1A_IW_GRDH_1SDV_20180331T103309_20180331T103338_021258_024906_rtc,2018-03-31T10:33:24.447047+00:00,2018-03-31,2018Q1,S1A,11,ascending,P1_vacant__v1,placebo,LINEAR_POWER_GAMMA0,0.25591903924942017,93,0.0937815010547638,93
FROZEN,S1A_IW_GRDH_1SDV_20180331T103309_20180331T103338_021258_024906_rtc,2018-03-31T10:33:24.447047+00:00,2018-03-31,2018Q1,S1A,11,ascending,X1_build_slab__v1,positive_control,LINEAR_POWER_GAMMA0,0.5727711319923401,67,0.1313885599374771,67
FROZEN,S1A_IW_GRDH_1SDV_20180331T103309_20180331T103338_021258_024906_rtc,2018-03-31T10:33:24.447047+00:00,2018-03-31,2018Q1,S1A,11,ascending,X2_build_site__v1,positive_control,LINEAR_POWER_GAMMA0,0.8034448623657227,155,0.15655682981014252,155
FROZEN,S1A_IW_GRDH_1SDV_20180407T102457_20180407T102526_021360_024C3C_rtc,2018-04-07T10:25:11.895139+00:00,2018-04-07,2018Q2,S1A,113,ascending,T1_ntt_fdc__v1,treatment,LINEAR_POWER_GAMMA0,1.1893924474716187,307,0.6260201334953308,307
FROZEN,S1A_IW_GRDH_1SDV_20180407T102457_20180407T102526_021360_024C3C_rtc,2018-04-07T10:25:11.895139+00:00,2018-04-07,2018Q2,S1A,113,ascending,C1_hkex_dc__v1,control,LINEAR_POWER_GAMMA0,0.24568389356136322,55,0.0704445093870163,55
FROZEN,S1A_IW_GRDH_1SDV_20180407T102457_20180407T102526_021360_024C3C_rtc,2018-04-07T10:25:11.895139+00:00,2018-04-07,2018Q2,S1A,113,ascending,C2b_amc__v2,positive_control,LINEAR_POWER_GAMMA0,0.5567303895950317,260,0.05844172090291977,260
FROZEN,S1A_IW_GRDH_1SDV_20180407T102457_20180407T102526_021360_024C3C_rtc,2018-04-07T10:25:11.895139+00:00,2018-04-07,2018Q2,S1A,113,ascending,P1_vacant__v1,placebo,LINEAR_POWER_GAMMA0,0.19484302401542664,93,0.06810203939676285,93
FROZEN,S1A_IW_GRDH_1SDV_20180407T102457_20180407T102526_021360_024C3C_rtc,2018-04-07T10:25:11.895139+00:00,2018-04-07,2018Q2,S1A,113,ascending,X1_build_slab__v1,positive_control,LINEAR_POWER_GAMMA0,1.1078444719314575,67,0.12108643352985382,67
FROZEN,S1A_IW_GRDH_1SDV_20180407T102457_20180407T102526_021360_024C3C_rtc,2018-04-07T10:25:11.895139+00:00,2018-04-07,2018Q2,S1A,113,ascending,X2_build_site__v1,positive_control,LINEAR_POWER_GAMMA0,2.0927813053131104,155,0.23356352746486664,155
FROZEN,S1A_IW_GRDH_1SDV_20180412T103310_20180412T103339_021433_024E77_rtc,2018-04-12T10:33:24.872314+00:00,2018-04-12,2018Q2,S1A,11,ascending,T1_ntt_fdc__v1,treatment,LINEAR_POWER_GAMMA0,3.639812707901001,307,2.0612452030181885,307
FROZEN,S1A_IW_GRDH_1SDV_20180412T103310_20180412T103339_021433_024E77_rtc,2018-04-12T10:33:24.872314+00:00,2018-04-12,2018Q2,S1A,11,ascending,C1_hkex_dc__v1,control,LINEAR_POWER_GAMMA0,0.3584166467189789,55,0.0891975462436676,55
FROZEN,S1A_IW_GRDH_1SDV_20180412T103310_20180412T103339_021433_024E77_rtc,2018-04-12T10:33:24.872314+00:00,2018-04-12,2018Q2,S1A,11,ascending,C2b_amc__v2,positive_control,LINEAR_POWER_GAMMA0,1.9196786880493164,260,0.0727783814072609,260
FROZEN,S1A_IW_GRDH_1SDV_20180412T103310_20180412T103339_021433_024E77_rtc,2018-04-12T10:33:24.872314+00:00,2018-04-12,2018Q2,S1A,11,ascending,P1_vacant__v1,placebo,LINEAR_POWER_GAMMA0,0.23673248291015625,93,0.0881972685456276,93
FROZEN,S1A_IW_GRDH_1SDV_20180412T103310_20180412T103339_021433_024E77_rtc,2018-04-12T10:33:24.872314+00:00,2018-04-12,2018Q2,S1A,11,ascending,X1_build_slab__v1,positive_control,LINEAR_POWER_GAMMA0,0.5162182450294495,67,0.14081497490406036,67
FROZEN,S1A_IW_GRDH_1SDV_20180412T103310_20180412T103339_021433_024E77_rtc,2018-04-12T10:33:24.872314+00:00,2018-04-12,2018Q2,S1A,11,ascending,X2_build_site__v1,positive_control,LINEAR_POWER_GAMMA0,0.638400673866272,155,0.19104181230068207,155
FROZEN,S1A_IW_GRDH_1SDV_20180419T102457_20180419T102526_021535_0251B1_rtc,2018-04-19T10:25:12.268180+00:00,2018-04-19,2018Q2,S1A,113,ascending,T1_ntt_fdc__v1,treatment,LINEAR_POWER_GAMMA0,1.2615150213241577,307,0.7045634984970093,307
FROZEN,S1A_IW_GRDH_1SDV_20180419T102457_20180419T102526_021535_0251B1_rtc,2018-04-19T10:25:12.268180+00:00,2018-04-19,2018Q2,S1A,113,ascending,C1_hkex_dc__v1,control,LINEAR_POWER_GAMMA0,0.3055122494697571,55,0.08982107043266296,55
FROZEN,S1A_IW_GRDH_1SDV_20180419T102457_20180419T102526_021535_0251B1_rtc,2018-04-19T10:25:12.268180+00:00,2018-04-19,2018Q2,S1A,113,ascending,C2b_amc__v2,positive_control,LINEAR_POWER_GAMMA0,0.5916435718536377,260,0.0937666967511177,260
FROZEN,S1A_IW_GRDH_1SDV_20180419T102457_20180419T102526_021535_0251B1_rtc,2018-04-19T10:25:12.268180+00:00,2018-04-19,2018Q2,S1A,113,ascending,P1_vacant__v1,placebo,LINEAR_POWER_GAMMA0,0.274445116519928,93,0.06191911920905113,93
FROZEN,S1A_IW_GRDH_1SDV_20180419T102457_20180419T102526_021535_0251B1_rtc,2018-04-19T10:25:12.268180+00:00,2018-04-19,2018Q2,S1A,113,ascending,X1_build_slab__v1,positive_control,LINEAR_POWER_GAMMA0,1.1703227758407593,67,0.20545746386051178,67
FROZEN,S1A_IW_GRDH_1SDV_20180419T102457_20180419T102526_021535_0251B1_rtc,2018-04-19T10:25:12.268180+00:00,2018-04-19,2018Q2,S1A,113,ascending,X2_build_site__v1,positive_control,LINEAR_POWER_GAMMA0,1.5551426410675049,155,0.23304401338100433,155
FROZEN,S1A_IW_GRDH_1SDV_20180424T103310_20180424T103339_021608_0253ED_rtc,2018-04-24T10:33:25.383709+00:00,2018-04-24,2018Q2,S1A,11,ascending,T1_ntt_fdc__v1,treatment,LINEAR_POWER_GAMMA0,3.4841344356536865,307,2.009629487991333,307
FROZEN,S1A_IW_GRDH_1SDV_20180424T103310_20180424T103339_021608_0253ED_rtc,2018-04-24T10:33:25.383709+00:00,2018-04-24,2018Q2,S1A,11,ascending,C1_hkex_dc__v1,control,LINEAR_POWER_GAMMA0,0.3516032099723816,55,0.09630605578422546,55
FROZEN,S1A_IW_GRDH_1SDV_20180424T103310_20180424T103339_021608_0253ED_rtc,2018-04-24T10:33:25.383709+00:00,2018-04-24,2018Q2,S1A,11,ascending,C2b_amc__v2,positive_control,LINEAR_POWER_GAMMA0,0.8144130706787109,260,0.10588839650154114,260
FROZEN,S1A_IW_GRDH_1SDV_20180424T103310_20180424T103339_021608_0253ED_rtc,2018-04-24T10:33:25.383709+00:00,2018-04-24,2018Q2,S1A,11,ascending,P1_vacant__v1,placebo,LINEAR_POWER_GAMMA0,0.26525941491127014,93,0.09318457543849945,93
FROZEN,S1A_IW_GRDH_1SDV_20180424T103310_20180424T103339_021608_0253ED_rtc,2018-04-24T10:33:25.383709+00:00,2018-04-24,2018Q2,S1A,11,ascending,X1_build_slab__v1,positive_control,LINEAR_POWER_GAMMA0,0.8816953301429749,67,0.13954180479049683,67
FROZEN,S1A_IW_GRDH_1SDV_20180424T103310_20180424T103339_021608_0253ED_rtc,2018-04-24T10:33:25.383709+00:00,2018-04-24,2018Q2,S1A,11,ascending,X2_build_site__v1,positive_control,LINEAR_POWER_GAMMA0,1.0128295421600342,155,0.16427326202392578,155
FROZEN,S1A_IW_GRDH_1SDV_20180506T103311_20180506T103340_021783_025979_rtc,2018-05-06T10:33:25.897239+00:00,2018-05-06,2018Q2,S1A,11,ascending,T1_ntt_fdc__v1,treatment,LINEAR_POWER_GAMMA0,3.6926300525665283,307,2.091554641723633,307
FROZEN,S1A_IW_GRDH_1SDV_20180506T103311_20180506T103340_021783_025979_rtc,2018-05-06T10:33:25.897239+00:00,2018-05-06,2018Q2,S1A,11,ascending,C1_hkex_dc__v1,control,LINEAR_POWER_GAMMA0,0.35464993119239807,55,0.10406631976366043,55
FROZEN,S1A_IW_GRDH_1SDV_20180506T103311_20180506T103340_021783_025979_rtc,2018-05-06T10:33:25.897239+00:00,2018-05-06,2018Q2,S1A,11,ascending,C2b_amc__v2,positive_control,LINEAR_POWER_GAMMA0,1.277104139328003,260,0.13309365510940552,260
FROZEN,S1A_IW_GRDH_1SDV_20180506T103311_20180506T103340_021783_025979_rtc,2018-05-06T10:33:25.897239+00:00,2018-05-06,2018Q2,S1A,11,ascending,P1_vacant__v1,placebo,LINEAR_POWER_GAMMA0,0.32473719120025635,93,0.09424693882465363,93
FROZEN,S1A_IW_GRDH_1SDV_20180506T103311_20180506T103340_021783_025979_rtc,2018-05-06T10:33:25.897239+00:00,2018-05-06,2018Q2,S1A,11,ascending,X1_build_slab__v1,positive_control,LINEAR_POWER_GAMMA0,0.7421886920928955,67,0.1421825885772705,67
FROZEN,S1A_IW_GRDH_1SDV_20180506T103311_20180506T103340_021783_025979_rtc,2018-05-06T10:33:25.897239+00:00,2018-05-06,2018Q2,S1A,11,ascending,X2_build_site__v1,positive_control,LINEAR_POWER_GAMMA0,1.1473193168640137,155,0.1808076947927475,155
FROZEN,S1A_IW_GRDH_1SDV_20180513T102459_20180513T102528_021885_025CCD_rtc,2018-05-13T10:25:13.591222+00:00,2018-05-13,2018Q2,S1A,113,ascending,T1_ntt_fdc__v1,treatment,LINEAR_POWER_GAMMA0,1.3536510467529297,307,0.6317195296287537,307
FROZEN,S1A_IW_GRDH_1SDV_20180513T102459_20180513T102528_021885_025CCD_rtc,2018-05-13T10:25:13.591222+00:00,2018-05-13,2018Q2,S1A,113,ascending,C1_hkex_dc__v1,control,LINEAR_POWER_GAMMA0,0.3166198134422302,55,0.0660180076956749,55
FROZEN,S1A_IW_GRDH_1SDV_20180513T102459_20180513T102528_021885_025CCD_rtc,2018-05-13T10:25:13.591222+00:00,2018-05-13,2018Q2,S1A,113,ascending,C2b_amc__v2,positive_control,LINEAR_POWER_GAMMA0,1.2479429244995117,260,0.13069583475589752,260
FROZEN,S1A_IW_GRDH_1SDV_20180513T102459_20180513T102528_021885_025CCD_rtc,2018-05-13T10:25:13.591222+00:00,2018-05-13,2018Q2,S1A,113,ascending,P1_vacant__v1,placebo,LINEAR_POWER_GAMMA0,0.28204256296157837,93,0.06687614321708679,93
FROZEN,S1A_IW_GRDH_1SDV_20180513T102459_20180513T102528_021885_025CCD_rtc,2018-05-13T10:25:13.591222+00:00,2018-05-13,2018Q2,S1A,113,ascending,X1_build_slab__v1,positive_control,LINEAR_POWER_GAMMA0,0.869604766368866,67,0.16533732414245605,67
FROZEN,S1A_IW_GRDH_1SDV_20180513T102459_20180513T102528_021885_025CCD_rtc,2018-05-13T10:25:13.591222+00:00,2018-05-13,2018Q2,S1A,113,ascending,X2_build_site__v1,positive_control,LINEAR_POWER_GAMMA0,1.4612178802490234,155,0.4808545410633087,155
FROZEN,S1A_IW_GRDH_1SDV_20180518T103312_20180518T103341_021958_025F0A_rtc,2018-05-18T10:33:26.554798+00:00,2018-05-18,2018Q2,S1A,11,ascending,T1_ntt_fdc__v1,treatment,LINEAR_POWER_GAMMA0,3.6553711891174316,307,2.050891399383545,307
FROZEN,S1A_IW_GRDH_1SDV_20180518T103312_20180518T103341_021958_025F0A_rtc,2018-05-18T10:33:26.554798+00:00,2018-05-18,2018Q2,S1A,11,ascending,C1_hkex_dc__v1,control,LINEAR_POWER_GAMMA0,0.362126886844635,55,0.1038707047700882,55
FROZEN,S1A_IW_GRDH_1SDV_20180518T103312_20180518T103341_021958_025F0A_rtc,2018-05-18T10:33:26.554798+00:00,2018-05-18,2018Q2,S1A,11,ascending,C2b_amc__v2,positive_control,LINEAR_POWER_GAMMA0,1.2023519277572632,260,0.12309239059686661,260
FROZEN,S1A_IW_GRDH_1SDV_20180518T103312_20180518T103341_021958_025F0A_rtc,2018-05-18T10:33:26.554798+00:00,2018-05-18,2018Q2,S1A,11,ascending,P1_vacant__v1,placebo,LINEAR_POWER_GAMMA0,0.30689704418182373,93,0.09448445588350296,93
FROZEN,S1A_IW_GRDH_1SDV_20180518T103312_20180518T103341_021958_025F0A_rtc,2018-05-18T10:33:26.554798+00:00,2018-05-18,2018Q2,S1A,11,ascending,X1_build_slab__v1,positive_control,LINEAR_POWER_GAMMA0,0.5891081690788269,67,0.17041844129562378,67
FROZEN,S1A_IW_GRDH_1SDV_20180518T103312_20180518T103341_021958_025F0A_rtc,2018-05-18T10:33:26.554798+00:00,2018-05-18,2018Q2,S1A,11,ascending,X2_build_site__v1,positive_control,LINEAR_POWER_GAMMA0,0.8734101057052612,155,0.19275012612342834,155
FROZEN,S1A_IW_GRDH_1SDV_20180525T102459_20180525T102528_022060_026257_rtc,2018-05-25T10:25:14.268692+00:00,2018-05-25,2018Q2,S1A,113,ascending,T1_ntt_fdc__v1,treatment,LINEAR_POWER_GAMMA0,1.3710600137710571,307,0.646008312702179,307
FROZEN,S1A_IW_GRDH_1SDV_20180525T102459_20180525T102528_022060_026257_rtc,2018-05-25T10:25:14.268692+00:00,2018-05-25,2018Q2,S1A,113,ascending,C1_hkex_dc__v1,control,LINEAR_POWER_GAMMA0,0.31598278880119324,55,0.0782218649983406,55
FROZEN,S1A_IW_GRDH_1SDV_20180525T102459_20180525T102528_022060_026257_rtc,2018-05-25T10:25:14.268692+00:00,2018-05-25,2018Q2,S1A,113,ascending,C2b_amc__v2,positive_control,LINEAR_POWER_GAMMA0,0.8009446263313293,260,0.10540104657411575,260
FROZEN,S1A_IW_GRDH_1SDV_20180525T102459_20180525T102528_022060_026257_rtc,2018-05-25T10:25:14.268692+00:00,2018-05-25,2018Q2,S1A,113,ascending,P1_vacant__v1,placebo,LINEAR_POWER_GAMMA0,0.2687464952468872,93,0.0780833289027214,93
FROZEN,S1A_IW_GRDH_1SDV_20180525T102459_20180525T102528_022060_026257_rtc,2018-05-25T10:25:14.268692+00:00,2018-05-25,2018Q2,S1A,113,ascending,X1_build_slab__v1,positive_control,LINEAR_POWER_GAMMA0,1.2634210586547852,67,0.2226598709821701,67
FROZEN,S1A_IW_GRDH_1SDV_20180525T102459_20180525T102528_022060_026257_rtc,2018-05-25T10:25:14.268692+00:00,2018-05-25,2018Q2,S1A,113,ascending,X2_build_site__v1,positive_control,LINEAR_POWER_GAMMA0,1.6373131275177002,155,0.3832534849643707,155
FROZEN,S1A_IW_GRDH_1SDV_20180530T103312_20180530T103341_022133_0264AB_rtc,2018-05-30T10:33:27.144439+00:00,2018-05-30,2018Q2,S1A,11,ascending,T1_ntt_fdc__v1,treatment,LINEAR_POWER_GAMMA0,3.8381264209747314,307,2.1069257259368896,307
FROZEN,S1A_IW_GRDH_1SDV_20180530T103312_20180530T103341_022133_0264AB_rtc,2018-05-30T10:33:27.144439+00:00,2018-05-30,2018Q2,S1A,11,ascending,C1_hkex_dc__v1,control,LINEAR_POWER_GAMMA0,0.33861082792282104,55,0.0965585708618164,55
FROZEN,S1A_IW_GRDH_1SDV_20180530T103312_20180530T103341_022133_0264AB_rtc,2018-05-30T10:33:27.144439+00:00,2018-05-30,2018Q2,S1A,11,ascending,C2b_amc__v2,positive_control,LINEAR_POWER_GAMMA0,0.867233157157898,260,0.1423109769821167,260
FROZEN,S1A_IW_GRDH_1SDV_20180530T103312_20180530T103341_022133_0264AB_rtc,2018-05-30T10:33:27.144439+00:00,2018-05-30,2018Q2,S1A,11,ascending,P1_vacant__v1,placebo,LINEAR_POWER_GAMMA0,0.2327570766210556,93,0.08986074477434158,93
FROZEN,S1A_IW_GRDH_1SDV_20180530T103312_20180530T103341_022133_0264AB_rtc,2018-05-30T10:33:27.144439+00:00,2018-05-30,2018Q2,S1A,11,ascending,X1_build_slab__v1,positive_control,LINEAR_POWER_GAMMA0,0.8066258430480957,67,0.206956148147583,67
FROZEN,S1A_IW_GRDH_1SDV_20180530T103312_20180530T103341_022133_0264AB_rtc,2018-05-30T10:33:27.144439+00:00,2018-05-30,2018Q2,S1A,11,ascending,X2_build_site__v1,positive_control,LINEAR_POWER_GAMMA0,1.0361552238464355,155,0.22837474942207336,155
FROZEN,S1A_IW_GRDH_1SDV_20180606T102500_20180606T102529_022235_0267D7_rtc,2018-06-06T10:25:14.888684+00:00,2018-06-06,2018Q2,S1A,113,ascending,T1_ntt_fdc__v1,treatment,LINEAR_POWER_GAMMA0,1.6954551935195923,307,0.823712944984436,307
FROZEN,S1A_IW_GRDH_1SDV_20180606T102500_20180606T102529_022235_0267D7_rtc,2018-06-06T10:25:14.888684+00:00,2018-06-06,2018Q2,S1A,113,ascending,C1_hkex_dc__v1,control,LINEAR_POWER_GAMMA0,0.34881988167762756,55,0.11441364139318466,55
FROZEN,S1A_IW_GRDH_1SDV_20180606T102500_20180606T102529_022235_0267D7_rtc,2018-06-06T10:25:14.888684+00:00,2018-06-06,2018Q2,S1A,113,ascending,C2b_amc__v2,positive_control,LINEAR_POWER_GAMMA0,1.3558913469314575,260,0.15770605206489563,260
FROZEN,S1A_IW_GRDH_1SDV_20180606T102500_20180606T102529_022235_0267D7_rtc,2018-06-06T10:25:14.888684+00:00,2018-06-06,2018Q2,S1A,113,ascending,P1_vacant__v1,placebo,LINEAR_POWER_GAMMA0,0.32777512073516846,93,0.07025665789842606,93
FROZEN,S1A_IW_GRDH_1SDV_20180606T102500_20180606T102529_022235_0267D7_rtc,2018-06-06T10:25:14.888684+00:00,2018-06-06,2018Q2,S1A,113,ascending,X1_build_slab__v1,positive_control,LINEAR_POWER_GAMMA0,1.2699203491210938,67,0.22228598594665527,67
FROZEN,S1A_IW_GRDH_1SDV_20180606T102500_20180606T102529_022235_0267D7_rtc,2018-06-06T10:25:14.888684+00:00,2018-06-06,2018Q2,S1A,113,ascending,X2_build_site__v1,positive_control,LINEAR_POWER_GAMMA0,2.1403682231903076,155,0.3754424452781677,155
FROZEN,S1A_IW_GRDH_1SDV_20180618T102501_20180618T102530_022410_026D3D_rtc,2018-06-18T10:25:15.746619+00:00,2018-06-18,2018Q2,S1A,113,ascending,T1_ntt_fdc__v1,treatment,LINEAR_POWER_GAMMA0,1.4314109086990356,307,0.6977511048316956,307
FROZEN,S1A_IW_GRDH_1SDV_20180618T102501_20180618T102530_022410_026D3D_rtc,2018-06-18T10:25:15.746619+00:00,2018-06-18,2018Q2,S1A,113,ascending,C1_hkex_dc__v1,control,LINEAR_POWER_GAMMA0,0.2910442650318146,55,0.0734875425696373,55
FROZEN,S1A_IW_GRDH_1SDV_20180618T102501_20180618T102530_022410_026D3D_rtc,2018-06-18T10:25:15.746619+00:00,2018-06-18,2018Q2,S1A,113,ascending,C2b_amc__v2,positive_control,LINEAR_POWER_GAMMA0,0.7631018757820129,260,0.13724273443222046,260
FROZEN,S1A_IW_GRDH_1SDV_20180618T102501_20180618T102530_022410_026D3D_rtc,2018-06-18T10:25:15.746619+00:00,2018-06-18,2018Q2,S1A,113,ascending,P1_vacant__v1,placebo,LINEAR_POWER_GAMMA0,0.25052717328071594,93,0.05321204662322998,93
FROZEN,S1A_IW_GRDH_1SDV_20180618T102501_20180618T102530_022410_026D3D_rtc,2018-06-18T10:25:15.746619+00:00,2018-06-18,2018Q2,S1A,113,ascending,X1_build_slab__v1,positive_control,LINEAR_POWER_GAMMA0,0.7553640604019165,67,0.24063445627689362,67
FROZEN,S1A_IW_GRDH_1SDV_20180618T102501_20180618T102530_022410_026D3D_rtc,2018-06-18T10:25:15.746619+00:00,2018-06-18,2018Q2,S1A,113,ascending,X2_build_site__v1,positive_control,LINEAR_POWER_GAMMA0,1.113873839378357,155,0.2775819003582001,155
FROZEN,S1A_IW_GRDH_1SDV_20180623T103314_20180623T103343_022483_026F5F_rtc,2018-06-23T10:33:28.781071+00:00,2018-06-23,2018Q2,S1A,11,ascending,T1_ntt_fdc__v1,treatment,LINEAR_POWER_GAMMA0,3.5025439262390137,307,2.213834285736084,307
FROZEN,S1A_IW_GRDH_1SDV_20180623T103314_20180623T103343_022483_026F5F_rtc,2018-06-23T10:33:28.781071+00:00,2018-06-23,2018Q2,S1A,11,ascending,C1_hkex_dc__v1,control,LINEAR_POWER_GAMMA0,0.35510915517807007,55,0.10633890330791473,55
FROZEN,S1A_IW_GRDH_1SDV_20180623T103314_20180623T103343_022483_026F5F_rtc,2018-06-23T10:33:28.781071+00:00,2018-06-23,2018Q2,S1A,11,ascending,C2b_amc__v2,positive_control,LINEAR_POWER_GAMMA0,1.6735880374908447,260,0.16985569894313812,260
FROZEN,S1A_IW_GRDH_1SDV_20180623T103314_20180623T103343_022483_026F5F_rtc,2018-06-23T10:33:28.781071+00:00,2018-06-23,2018Q2,S1A,11,ascending,P1_vacant__v1,placebo,LINEAR_POWER_GAMMA0,0.5336422920227051,93,0.11286008358001709,93
FROZEN,S1A_IW_GRDH_1SDV_20180623T103314_20180623T103343_022483_026F5F_rtc,2018-06-23T10:33:28.781071+00:00,2018-06-23,2018Q2,S1A,11,ascending,X1_build_slab__v1,positive_control,LINEAR_POWER_GAMMA0,0.7815746665000916,67,0.18085654079914093,67
FROZEN,S1A_IW_GRDH_1SDV_20180623T103314_20180623T103343_022483_026F5F_rtc,2018-06-23T10:33:28.781071+00:00,2018-06-23,2018Q2,S1A,11,ascending,X2_build_site__v1,positive_control,LINEAR_POWER_GAMMA0,1.1105612516403198,155,0.23658038675785065,155
FROZEN,S1A_IW_GRDH_1SDV_20180630T102501_20180630T102530_022585_027255_rtc,2018-06-30T10:25:16.357355+00:00,2018-06-30,2018Q2,S1A,113,ascending,T1_ntt_fdc__v1,treatment,LINEAR_POWER_GAMMA0,1.1199519634246826,307,0.587060272693634,307
FROZEN,S1A_IW_GRDH_1SDV_20180630T102501_20180630T102530_022585_027255_rtc,2018-06-30T10:25:16.357355+00:00,2018-06-30,2018Q2,S1A,113,ascending,C1_hkex_dc__v1,control,LINEAR_POWER_GAMMA0,0.3162521421909332,55,0.08451668173074722,55
FROZEN,S1A_IW_GRDH_1SDV_20180630T102501_20180630T102530_022585_027255_rtc,2018-06-30T10:25:16.357355+00:00,2018-06-30,2018Q2,S1A,113,ascending,C2b_amc__v2,positive_control,LINEAR_POWER_GAMMA0,0.912540078163147,260,0.15057052671909332,260
FROZEN,S1A_IW_GRDH_1SDV_20180630T102501_20180630T102530_022585_027255_rtc,2018-06-30T10:25:16.357355+00:00,2018-06-30,2018Q2,S1A,113,ascending,P1_vacant__v1,placebo,LINEAR_POWER_GAMMA0,0.2573682367801666,93,0.06592649221420288,93
FROZEN,S1A_IW_GRDH_1SDV_20180630T102501_20180630T102530_022585_027255_rtc,2018-06-30T10:25:16.357355+00:00,2018-06-30,2018Q2,S1A,113,ascending,X1_build_slab__v1,positive_control,LINEAR_POWER_GAMMA0,0.8625093698501587,67,0.21729795634746552,67
FROZEN,S1A_IW_GRDH_1SDV_20180630T102501_20180630T102530_022585_027255_rtc,2018-06-30T10:25:16.357355+00:00,2018-06-30,2018Q2,S1A,113,ascending,X2_build_site__v1,positive_control,LINEAR_POWER_GAMMA0,1.2046823501586914,155,0.25723201036453247,155
FROZEN,S1A_IW_GRDH_1SDV_20180705T103314_20180705T103343_022658_02747C_rtc,2018-07-05T10:33:29.188658+00:00,2018-07-05,2018Q3,S1A,11,ascending,T1_ntt_fdc__v1,treatment,LINEAR_POWER_GAMMA0,3.5128982067108154,307,1.8580952882766724,307
FROZEN,S1A_IW_GRDH_1SDV_20180705T103314_20180705T103343_022658_02747C_rtc,2018-07-05T10:33:29.188658+00:00,2018-07-05,2018Q3,S1A,11,ascending,C1_hkex_dc__v1,control,LINEAR_POWER_GAMMA0,0.332996666431427,55,0.1056649312376976,55
FROZEN,S1A_IW_GRDH_1SDV_20180705T103314_20180705T103343_022658_02747C_rtc,2018-07-05T10:33:29.188658+00:00,2018-07-05,2018Q3,S1A,11,ascending,C2b_amc__v2,positive_control,LINEAR_POWER_GAMMA0,1.0660151243209839,260,0.19762147963047028,260
FROZEN,S1A_IW_GRDH_1SDV_20180705T103314_20180705T103343_022658_02747C_rtc,2018-07-05T10:33:29.188658+00:00,2018-07-05,2018Q3,S1A,11,ascending,P1_vacant__v1,placebo,LINEAR_POWER_GAMMA0,0.5354873538017273,93,0.10428738594055176,93
FROZEN,S1A_IW_GRDH_1SDV_20180705T103314_20180705T103343_022658_02747C_rtc,2018-07-05T10:33:29.188658+00:00,2018-07-05,2018Q3,S1A,11,ascending,X1_build_slab__v1,positive_control,LINEAR_POWER_GAMMA0,0.8686733841896057,67,0.20515985786914825,67
FROZEN,S1A_IW_GRDH_1SDV_20180705T103314_20180705T103343_022658_02747C_rtc,2018-07-05T10:33:29.188658+00:00,2018-07-05,2018Q3,S1A,11,ascending,X2_build_site__v1,positive_control,LINEAR_POWER_GAMMA0,1.1710584163665771,155,0.2361987680196762,155
FROZEN,S1A_IW_GRDH_1SDV_20180712T102502_20180712T102531_022760_027786_rtc,2018-07-12T10:25:17.020488+00:00,2018-07-12,2018Q3,S1A,113,ascending,T1_ntt_fdc__v1,treatment,LINEAR_POWER_GAMMA0,1.4532172679901123,307,0.6516252160072327,307
FROZEN,S1A_IW_GRDH_1SDV_20180712T102502_20180712T102531_022760_027786_rtc,2018-07-12T10:25:17.020488+00:00,2018-07-12,2018Q3,S1A,113,ascending,C1_hkex_dc__v1,control,LINEAR_POWER_GAMMA0,0.3357378840446472,55,0.07058478146791458,55
FROZEN,S1A_IW_GRDH_1SDV_20180712T102502_20180712T102531_022760_027786_rtc,2018-07-12T10:25:17.020488+00:00,2018-07-12,2018Q3,S1A,113,ascending,C2b_amc__v2,positive_control,LINEAR_POWER_GAMMA0,0.7382528781890869,260,0.11085153371095657,260
FROZEN,S1A_IW_GRDH_1SDV_20180712T102502_20180712T102531_022760_027786_rtc,2018-07-12T10:25:17.020488+00:00,2018-07-12,2018Q3,S1A,113,ascending,P1_vacant__v1,placebo,LINEAR_POWER_GAMMA0,0.2687021791934967,93,0.0711914673447609,93
FROZEN,S1A_IW_GRDH_1SDV_20180712T102502_20180712T102531_022760_027786_rtc,2018-07-12T10:25:17.020488+00:00,2018-07-12,2018Q3,S1A,113,ascending,X1_build_slab__v1,positive_control,LINEAR_POWER_GAMMA0,0.9588914513587952,67,0.23051796853542328,67
FROZEN,S1A_IW_GRDH_1SDV_20180712T102502_20180712T102531_022760_027786_rtc,2018-07-12T10:25:17.020488+00:00,2018-07-12,2018Q3,S1A,113,ascending,X2_build_site__v1,positive_control,LINEAR_POWER_GAMMA0,1.0528157949447632,155,0.276528000831604,155
FROZEN,S1A_IW_GRDH_1SDV_20180717T103315_20180717T103344_022833_0279CA_rtc,2018-07-17T10:33:30.186922+00:00,2018-07-17,2018Q3,S1A,11,ascending,T1_ntt_fdc__v1,treatment,LINEAR_POWER_GAMMA0,3.2188360691070557,307,1.9881547689437866,307
FROZEN,S1A_IW_GRDH_1SDV_20180717T103315_20180717T103344_022833_0279CA_rtc,2018-07-17T10:33:30.186922+00:00,2018-07-17,2018Q3,S1A,11,ascending,C1_hkex_dc__v1,control,LINEAR_POWER_GAMMA0,0.2974467873573303,55,0.10818202793598175,55
FROZEN,S1A_IW_GRDH_1SDV_20180717T103315_20180717T103344_022833_0279CA_rtc,2018-07-17T10:33:30.186922+00:00,2018-07-17,2018Q3,S1A,11,ascending,C2b_amc__v2,positive_control,LINEAR_POWER_GAMMA0,0.8090735077857971,260,0.1496957540512085,260
FROZEN,S1A_IW_GRDH_1SDV_20180717T103315_20180717T103344_022833_0279CA_rtc,2018-07-17T10:33:30.186922+00:00,2018-07-17,2018Q3,S1A,11,ascending,P1_vacant__v1,placebo,LINEAR_POWER_GAMMA0,0.30477961897850037,93,0.08646740764379501,93
FROZEN,S1A_IW_GRDH_1SDV_20180717T103315_20180717T103344_022833_0279CA_rtc,2018-07-17T10:33:30.186922+00:00,2018-07-17,2018Q3,S1A,11,ascending,X1_build_slab__v1,positive_control,LINEAR_POWER_GAMMA0,0.6687679290771484,67,0.19342996180057526,67
FROZEN,S1A_IW_GRDH_1SDV_20180717T103315_20180717T103344_022833_0279CA_rtc,2018-07-17T10:33:30.186922+00:00,2018-07-17,2018Q3,S1A,11,ascending,X2_build_site__v1,positive_control,LINEAR_POWER_GAMMA0,0.8127056956291199,155,0.21104691922664642,155
FROZEN,S1A_IW_GRDH_1SDV_20180724T102503_20180724T102532_022935_027D09_rtc,2018-07-24T10:25:17.851587+00:00,2018-07-24,2018Q3,S1A,113,ascending,T1_ntt_fdc__v1,treatment,LINEAR_POWER_GAMMA0,1.3691462278366089,307,0.7511821389198303,307
FROZEN,S1A_IW_GRDH_1SDV_20180724T102503_20180724T102532_022935_027D09_rtc,2018-07-24T10:25:17.851587+00:00,2018-07-24,2018Q3,S1A,113,ascending,C1_hkex_dc__v1,control,LINEAR_POWER_GAMMA0,0.34919974207878113,55,0.10588642209768295,55
FROZEN,S1A_IW_GRDH_1SDV_20180724T102503_20180724T102532_022935_027D09_rtc,2018-07-24T10:25:17.851587+00:00,2018-07-24,2018Q3,S1A,113,ascending,C2b_amc__v2,positive_control,LINEAR_POWER_GAMMA0,1.0983102321624756,260,0.17339345812797546,260
FROZEN,S1A_IW_GRDH_1SDV_20180724T102503_20180724T102532_022935_027D09_rtc,2018-07-24T10:25:17.851587+00:00,2018-07-24,2018Q3,S1A,113,ascending,P1_vacant__v1,placebo,LINEAR_POWER_GAMMA0,0.25699400901794434,93,0.06039285659790039,93
FROZEN,S1A_IW_GRDH_1SDV_20180724T102503_20180724T102532_022935_027D09_rtc,2018-07-24T10:25:17.851587+00:00,2018-07-24,2018Q3,S1A,113,ascending,X1_build_slab__v1,positive_control,LINEAR_POWER_GAMMA0,1.2332299947738647,67,0.24547366797924042,67
FROZEN,S1A_IW_GRDH_1SDV_20180724T102503_20180724T102532_022935_027D09_rtc,2018-07-24T10:25:17.851587+00:00,2018-07-24,2018Q3,S1A,113,ascending,X2_build_site__v1,positive_control,LINEAR_POWER_GAMMA0,1.3477544784545898,155,0.2755182683467865,155
FROZEN,S1A_IW_GRDH_1SDV_20180729T103316_20180729T103345_023008_027F52_rtc,2018-07-29T10:33:30.827291+00:00,2018-07-29,2018Q3,S1A,11,ascending,T1_ntt_fdc__v1,treatment,LINEAR_POWER_GAMMA0,3.207401752471924,307,1.8396013975143433,307
FROZEN,S1A_IW_GRDH_1SDV_20180729T103316_20180729T103345_023008_027F52_rtc,2018-07-29T10:33:30.827291+00:00,2018-07-29,2018Q3,S1A,11,ascending,C1_hkex_dc__v1,control,LINEAR_POWER_GAMMA0,0.30571743845939636,55,0.089866042137146,55
FROZEN,S1A_IW_GRDH_1SDV_20180729T103316_20180729T103345_023008_027F52_rtc,2018-07-29T10:33:30.827291+00:00,2018-07-29,2018Q3,S1A,11,ascending,C2b_amc__v2,positive_control,LINEAR_POWER_GAMMA0,1.2828501462936401,260,0.1691354662179947,260
FROZEN,S1A_IW_GRDH_1SDV_20180729T103316_20180729T103345_023008_027F52_rtc,2018-07-29T10:33:30.827291+00:00,2018-07-29,2018Q3,S1A,11,ascending,P1_vacant__v1,placebo,LINEAR_POWER_GAMMA0,0.34188732504844666,93,0.0770849958062172,93
FROZEN,S1A_IW_GRDH_1SDV_20180729T103316_20180729T103345_023008_027F52_rtc,2018-07-29T10:33:30.827291+00:00,2018-07-29,2018Q3,S1A,11,ascending,X1_build_slab__v1,positive_control,LINEAR_POWER_GAMMA0,1.087057113647461,67,0.17339879274368286,67
FROZEN,S1A_IW_GRDH_1SDV_20180729T103316_20180729T103345_023008_027F52_rtc,2018-07-29T10:33:30.827291+00:00,2018-07-29,2018Q3,S1A,11,ascending,X2_build_site__v1,positive_control,LINEAR_POWER_GAMMA0,1.1729799509048462,155,0.20644721388816833,155
FROZEN,S1A_IW_GRDH_1SDV_20180805T102503_20180805T102532_023110_02827F_rtc,2018-08-05T10:25:18.466174+00:00,2018-08-05,2018Q3,S1A,113,ascending,T1_ntt_fdc__v1,treatment,LINEAR_POWER_GAMMA0,1.2621822357177734,307,0.6873835921287537,307
FROZEN,S1A_IW_GRDH_1SDV_20180805T102503_20180805T102532_023110_02827F_rtc,2018-08-05T10:25:18.466174+00:00,2018-08-05,2018Q3,S1A,113,ascending,C1_hkex_dc__v1,control,LINEAR_POWER_GAMMA0,0.3018353581428528,55,0.07410003244876862,55
FROZEN,S1A_IW_GRDH_1SDV_20180805T102503_20180805T102532_023110_02827F_rtc,2018-08-05T10:25:18.466174+00:00,2018-08-05,2018Q3,S1A,113,ascending,C2b_amc__v2,positive_control,LINEAR_POWER_GAMMA0,1.0120295286178589,260,0.17724134027957916,260
FROZEN,S1A_IW_GRDH_1SDV_20180805T102503_20180805T102532_023110_02827F_rtc,2018-08-05T10:25:18.466174+00:00,2018-08-05,2018Q3,S1A,113,ascending,P1_vacant__v1,placebo,LINEAR_POWER_GAMMA0,0.39510366320610046,93,0.06793337315320969,93
FROZEN,S1A_IW_GRDH_1SDV_20180805T102503_20180805T102532_023110_02827F_rtc,2018-08-05T10:25:18.466174+00:00,2018-08-05,2018Q3,S1A,113,ascending,X1_build_slab__v1,positive_control,LINEAR_POWER_GAMMA0,1.1082820892333984,67,0.22037778794765472,67
FROZEN,S1A_IW_GRDH_1SDV_20180805T102503_20180805T102532_023110_02827F_rtc,2018-08-05T10:25:18.466174+00:00,2018-08-05,2018Q3,S1A,113,ascending,X2_build_site__v1,positive_control,LINEAR_POWER_GAMMA0,1.077660083770752,155,0.32278525829315186,155
FROZEN,S1A_IW_GRDH_1SDV_20180810T103317_20180810T103346_023183_0284CB_rtc,2018-08-10T10:33:31.513907+00:00,2018-08-10,2018Q3,S1A,11,ascending,T1_ntt_fdc__v1,treatment,LINEAR_POWER_GAMMA0,3.4750113487243652,307,1.7676085233688354,307
FROZEN,S1A_IW_GRDH_1SDV_20180810T103317_20180810T103346_023183_0284CB_rtc,2018-08-10T10:33:31.513907+00:00,2018-08-10,2018Q3,S1A,11,ascending,C1_hkex_dc__v1,control,LINEAR_POWER_GAMMA0,0.38483473658561707,55,0.1156020537018776,55
FROZEN,S1A_IW_GRDH_1SDV_20180810T103317_20180810T103346_023183_0284CB_rtc,2018-08-10T10:33:31.513907+00:00,2018-08-10,2018Q3,S1A,11,ascending,C2b_amc__v2,positive_control,LINEAR_POWER_GAMMA0,2.6468505859375,260,0.20611874759197235,260
FROZEN,S1A_IW_GRDH_1SDV_20180810T103317_20180810T103346_023183_0284CB_rtc,2018-08-10T10:33:31.513907+00:00,2018-08-10,2018Q3,S1A,11,ascending,P1_vacant__v1,placebo,LINEAR_POWER_GAMMA0,0.48250332474708557,93,0.11862823367118835,93
FROZEN,S1A_IW_GRDH_1SDV_20180810T103317_20180810T103346_023183_0284CB_rtc,2018-08-10T10:33:31.513907+00:00,2018-08-10,2018Q3,S1A,11,ascending,X1_build_slab__v1,positive_control,LINEAR_POWER_GAMMA0,0.6433039903640747,67,0.1336488574743271,67
FROZEN,S1A_IW_GRDH_1SDV_20180810T103317_20180810T103346_023183_0284CB_rtc,2018-08-10T10:33:31.513907+00:00,2018-08-10,2018Q3,S1A,11,ascending,X2_build_site__v1,positive_control,LINEAR_POWER_GAMMA0,0.9315534234046936,155,0.17280703783035278,155
FROZEN,S1A_IW_GRDH_1SDV_20180817T102504_20180817T102533_023285_02882C_rtc,2018-08-17T10:25:19.224032+00:00,2018-08-17,2018Q3,S1A,113,ascending,T1_ntt_fdc__v1,treatment,LINEAR_POWER_GAMMA0,1.5383065938949585,307,0.7533184885978699,307
FROZEN,S1A_IW_GRDH_1SDV_20180817T102504_20180817T102533_023285_02882C_rtc,2018-08-17T10:25:19.224032+00:00,2018-08-17,2018Q3,S1A,113,ascending,C1_hkex_dc__v1,control,LINEAR_POWER_GAMMA0,0.32296013832092285,55,0.1083269864320755,55
FROZEN,S1A_IW_GRDH_1SDV_20180817T102504_20180817T102533_023285_02882C_rtc,2018-08-17T10:25:19.224032+00:00,2018-08-17,2018Q3,S1A,113,ascending,C2b_amc__v2,positive_control,LINEAR_POWER_GAMMA0,3.5388967990875244,260,0.20025241374969482,260
FROZEN,S1A_IW_GRDH_1SDV_20180817T102504_20180817T102533_023285_02882C_rtc,2018-08-17T10:25:19.224032+00:00,2018-08-17,2018Q3,S1A,113,ascending,P1_vacant__v1,placebo,LINEAR_POWER_GAMMA0,0.41591697931289673,93,0.06999756395816803,93
FROZEN,S1A_IW_GRDH_1SDV_20180817T102504_20180817T102533_023285_02882C_rtc,2018-08-17T10:25:19.224032+00:00,2018-08-17,2018Q3,S1A,113,ascending,X1_build_slab__v1,positive_control,LINEAR_POWER_GAMMA0,1.24881112575531,67,0.2024814784526825,67
FROZEN,S1A_IW_GRDH_1SDV_20180817T102504_20180817T102533_023285_02882C_rtc,2018-08-17T10:25:19.224032+00:00,2018-08-17,2018Q3,S1A,113,ascending,X2_build_site__v1,positive_control,LINEAR_POWER_GAMMA0,1.7027355432510376,155,0.28875118494033813,155
FROZEN,S1A_IW_GRDH_1SDV_20180822T103317_20180822T103346_023358_028A74_rtc,2018-08-22T10:33:32.150186+00:00,2018-08-22,2018Q3,S1A,11,ascending,T1_ntt_fdc__v1,treatment,LINEAR_POWER_GAMMA0,2.97929048538208,307,1.852065920829773,307
FROZEN,S1A_IW_GRDH_1SDV_20180822T103317_20180822T103346_023358_028A74_rtc,2018-08-22T10:33:32.150186+00:00,2018-08-22,2018Q3,S1A,11,ascending,C1_hkex_dc__v1,control,LINEAR_POWER_GAMMA0,0.3351917266845703,55,0.10010889917612076,55
FROZEN,S1A_IW_GRDH_1SDV_20180822T103317_20180822T103346_023358_028A74_rtc,2018-08-22T10:33:32.150186+00:00,2018-08-22,2018Q3,S1A,11,ascending,C2b_amc__v2,positive_control,LINEAR_POWER_GAMMA0,2.065187931060791,260,0.21226154267787933,260
FROZEN,S1A_IW_GRDH_1SDV_20180822T103317_20180822T103346_023358_028A74_rtc,2018-08-22T10:33:32.150186+00:00,2018-08-22,2018Q3,S1A,11,ascending,P1_vacant__v1,placebo,LINEAR_POWER_GAMMA0,0.42208608984947205,93,0.08206192404031754,93
FROZEN,S1A_IW_GRDH_1SDV_20180822T103317_20180822T103346_023358_028A74_rtc,2018-08-22T10:33:32.150186+00:00,2018-08-22,2018Q3,S1A,11,ascending,X1_build_slab__v1,positive_control,LINEAR_POWER_GAMMA0,0.6277883052825928,67,0.18692541122436523,67
FROZEN,S1A_IW_GRDH_1SDV_20180822T103317_20180822T103346_023358_028A74_rtc,2018-08-22T10:33:32.150186+00:00,2018-08-22,2018Q3,S1A,11,ascending,X2_build_site__v1,positive_control,LINEAR_POWER_GAMMA0,1.3205817937850952,155,0.1975858211517334,155
FROZEN,S1A_IW_GRDH_1SDV_20180829T102505_20180829T102534_023460_028DBA_rtc,2018-08-29T10:25:19.975832+00:00,2018-08-29,2018Q3,S1A,113,ascending,T1_ntt_fdc__v1,treatment,LINEAR_POWER_GAMMA0,3.0804760456085205,307,1.277747392654419,307
FROZEN,S1A_IW_GRDH_1SDV_20180829T102505_20180829T102534_023460_028DBA_rtc,2018-08-29T10:25:19.975832+00:00,2018-08-29,2018Q3,S1A,113,ascending,C1_hkex_dc__v1,control,LINEAR_POWER_GAMMA0,0.4478137195110321,55,0.11759726703166962,55
FROZEN,S1A_IW_GRDH_1SDV_20180829T102505_20180829T102534_023460_028DBA_rtc,2018-08-29T10:25:19.975832+00:00,2018-08-29,2018Q3,S1A,113,ascending,C2b_amc__v2,positive_control,LINEAR_POWER_GAMMA0,2.646258592605591,260,0.20891019701957703,260
FROZEN,S1A_IW_GRDH_1SDV_20180829T102505_20180829T102534_023460_028DBA_rtc,2018-08-29T10:25:19.975832+00:00,2018-08-29,2018Q3,S1A,113,ascending,P1_vacant__v1,placebo,LINEAR_POWER_GAMMA0,0.3530530631542206,93,0.12607772648334503,93
FROZEN,S1A_IW_GRDH_1SDV_20180829T102505_20180829T102534_023460_028DBA_rtc,2018-08-29T10:25:19.975832+00:00,2018-08-29,2018Q3,S1A,113,ascending,X1_build_slab__v1,positive_control,LINEAR_POWER_GAMMA0,1.3935045003890991,67,0.2341001033782959,67
FROZEN,S1A_IW_GRDH_1SDV_20180829T102505_20180829T102534_023460_028DBA_rtc,2018-08-29T10:25:19.975832+00:00,2018-08-29,2018Q3,S1A,113,ascending,X2_build_site__v1,positive_control,LINEAR_POWER_GAMMA0,2.1354546546936035,155,0.2703479826450348,155
FROZEN,S1A_IW_GRDH_1SDV_20180903T103318_20180903T103347_023533_029003_rtc,2018-09-03T10:33:32.974179+00:00,2018-09-03,2018Q3,S1A,11,ascending,T1_ntt_fdc__v1,treatment,LINEAR_POWER_GAMMA0,2.6456282138824463,307,1.81723952293396,307
FROZEN,S1A_IW_GRDH_1SDV_20180903T103318_20180903T103347_023533_029003_rtc,2018-09-03T10:33:32.974179+00:00,2018-09-03,2018Q3,S1A,11,ascending,C1_hkex_dc__v1,control,LINEAR_POWER_GAMMA0,0.31189289689064026,55,0.0965607538819313,55
FROZEN,S1A_IW_GRDH_1SDV_20180903T103318_20180903T103347_023533_029003_rtc,2018-09-03T10:33:32.974179+00:00,2018-09-03,2018Q3,S1A,11,ascending,C2b_amc__v2,positive_control,LINEAR_POWER_GAMMA0,1.741307020187378,260,0.17314638197422028,260
FROZEN,S1A_IW_GRDH_1SDV_20180903T103318_20180903T103347_023533_029003_rtc,2018-09-03T10:33:32.974179+00:00,2018-09-03,2018Q3,S1A,11,ascending,P1_vacant__v1,placebo,LINEAR_POWER_GAMMA0,0.27847614884376526,93,0.09218379110097885,93
FROZEN,S1A_IW_GRDH_1SDV_20180903T103318_20180903T103347_023533_029003_rtc,2018-09-03T10:33:32.974179+00:00,2018-09-03,2018Q3,S1A,11,ascending,X1_build_slab__v1,positive_control,LINEAR_POWER_GAMMA0,0.7195006012916565,67,0.168299600481987,67
FROZEN,S1A_IW_GRDH_1SDV_20180903T103318_20180903T103347_023533_029003_rtc,2018-09-03T10:33:32.974179+00:00,2018-09-03,2018Q3,S1A,11,ascending,X2_build_site__v1,positive_control,LINEAR_POWER_GAMMA0,1.4714688062667847,155,0.23714840412139893,155
FROZEN,S1A_IW_GRDH_1SDV_20180910T102505_20180910T102534_023635_029356_rtc,2018-09-10T10:25:20.453849+00:00,2018-09-10,2018Q3,S1A,113,ascending,T1_ntt_fdc__v1,treatment,LINEAR_POWER_GAMMA0,1.4629343748092651,307,0.7544880509376526,307
FROZEN,S1A_IW_GRDH_1SDV_20180910T102505_20180910T102534_023635_029356_rtc,2018-09-10T10:25:20.453849+00:00,2018-09-10,2018Q3,S1A,113,ascending,C1_hkex_dc__v1,control,LINEAR_POWER_GAMMA0,0.3672301471233368,55,0.08894813060760498,55
FROZEN,S1A_IW_GRDH_1SDV_20180910T102505_20180910T102534_023635_029356_rtc,2018-09-10T10:25:20.453849+00:00,2018-09-10,2018Q3,S1A,113,ascending,C2b_amc__v2,positive_control,LINEAR_POWER_GAMMA0,2.038789987564087,260,0.2053229659795761,260
FROZEN,S1A_IW_GRDH_1SDV_20180910T102505_20180910T102534_023635_029356_rtc,2018-09-10T10:25:20.453849+00:00,2018-09-10,2018Q3,S1A,113,ascending,P1_vacant__v1,placebo,LINEAR_POWER_GAMMA0,0.33352771401405334,93,0.090423583984375,93
FROZEN,S1A_IW_GRDH_1SDV_20180910T102505_20180910T102534_023635_029356_rtc,2018-09-10T10:25:20.453849+00:00,2018-09-10,2018Q3,S1A,113,ascending,X1_build_slab__v1,positive_control,LINEAR_POWER_GAMMA0,1.0277214050292969,67,0.15739770233631134,67
FROZEN,S1A_IW_GRDH_1SDV_20180910T102505_20180910T102534_023635_029356_rtc,2018-09-10T10:25:20.453849+00:00,2018-09-10,2018Q3,S1A,113,ascending,X2_build_site__v1,positive_control,LINEAR_POWER_GAMMA0,1.3764768838882446,155,0.2726062536239624,155
FROZEN,S1A_IW_GRDH_1SDV_20180915T103318_20180915T103347_023708_02959E_rtc,2018-09-15T10:33:33.297768+00:00,2018-09-15,2018Q3,S1A,11,ascending,T1_ntt_fdc__v1,treatment,LINEAR_POWER_GAMMA0,2.6025567054748535,307,1.6144191026687622,307
FROZEN,S1A_IW_GRDH_1SDV_20180915T103318_20180915T103347_023708_02959E_rtc,2018-09-15T10:33:33.297768+00:00,2018-09-15,2018Q3,S1A,11,ascending,C1_hkex_dc__v1,control,LINEAR_POWER_GAMMA0,0.33635666966438293,55,0.09345520287752151,55
FROZEN,S1A_IW_GRDH_1SDV_20180915T103318_20180915T103347_023708_02959E_rtc,2018-09-15T10:33:33.297768+00:00,2018-09-15,2018Q3,S1A,11,ascending,C2b_amc__v2,positive_control,LINEAR_POWER_GAMMA0,1.6287189722061157,260,0.2063210904598236,260
FROZEN,S1A_IW_GRDH_1SDV_20180915T103318_20180915T103347_023708_02959E_rtc,2018-09-15T10:33:33.297768+00:00,2018-09-15,2018Q3,S1A,11,ascending,P1_vacant__v1,placebo,LINEAR_POWER_GAMMA0,0.38767164945602417,93,0.09978468716144562,93
FROZEN,S1A_IW_GRDH_1SDV_20180915T103318_20180915T103347_023708_02959E_rtc,2018-09-15T10:33:33.297768+00:00,2018-09-15,2018Q3,S1A,11,ascending,X1_build_slab__v1,positive_control,LINEAR_POWER_GAMMA0,0.6516697406768799,67,0.14434944093227386,67
FROZEN,S1A_IW_GRDH_1SDV_20180915T103318_20180915T103347_023708_02959E_rtc,2018-09-15T10:33:33.297768+00:00,2018-09-15,2018Q3,S1A,11,ascending,X2_build_site__v1,positive_control,LINEAR_POWER_GAMMA0,1.237549066543579,155,0.21706710755825043,155
FROZEN,S1A_IW_GRDH_1SDV_20180922T102506_20180922T102535_023810_029906_rtc,2018-09-22T10:25:20.769332+00:00,2018-09-22,2018Q3,S1A,113,ascending,T1_ntt_fdc__v1,treatment,LINEAR_POWER_GAMMA0,1.325801968574524,307,0.7559363842010498,307
FROZEN,S1A_IW_GRDH_1SDV_20180922T102506_20180922T102535_023810_029906_rtc,2018-09-22T10:25:20.769332+00:00,2018-09-22,2018Q3,S1A,113,ascending,C1_hkex_dc__v1,control,LINEAR_POWER_GAMMA0,0.2934279143810272,55,0.07474231719970703,55
FROZEN,S1A_IW_GRDH_1SDV_20180922T102506_20180922T102535_023810_029906_rtc,2018-09-22T10:25:20.769332+00:00,2018-09-22,2018Q3,S1A,113,ascending,C2b_amc__v2,positive_control,LINEAR_POWER_GAMMA0,1.5919387340545654,260,0.22313612699508667,260
FROZEN,S1A_IW_GRDH_1SDV_20180922T102506_20180922T102535_023810_029906_rtc,2018-09-22T10:25:20.769332+00:00,2018-09-22,2018Q3,S1A,113,ascending,P1_vacant__v1,placebo,LINEAR_POWER_GAMMA0,0.41355133056640625,93,0.07458139210939407,93
FROZEN,S1A_IW_GRDH_1SDV_20180922T102506_20180922T102535_023810_029906_rtc,2018-09-22T10:25:20.769332+00:00,2018-09-22,2018Q3,S1A,113,ascending,X1_build_slab__v1,positive_control,LINEAR_POWER_GAMMA0,1.602170705795288,67,0.2431623786687851,67
FROZEN,S1A_IW_GRDH_1SDV_20180922T102506_20180922T102535_023810_029906_rtc,2018-09-22T10:25:20.769332+00:00,2018-09-22,2018Q3,S1A,113,ascending,X2_build_site__v1,positive_control,LINEAR_POWER_GAMMA0,1.5290143489837646,155,0.32973721623420715,155
FROZEN,S1A_IW_GRDH_1SDV_20180927T103319_20180927T103348_023883_029B49_rtc,2018-09-27T10:33:33.605395+00:00,2018-09-27,2018Q3,S1A,11,ascending,T1_ntt_fdc__v1,treatment,LINEAR_POWER_GAMMA0,3.1428043842315674,307,2.019441843032837,307
FROZEN,S1A_IW_GRDH_1SDV_20180927T103319_20180927T103348_023883_029B49_rtc,2018-09-27T10:33:33.605395+00:00,2018-09-27,2018Q3,S1A,11,ascending,C1_hkex_dc__v1,control,LINEAR_POWER_GAMMA0,0.3648274540901184,55,0.12218548357486725,55
FROZEN,S1A_IW_GRDH_1SDV_20180927T103319_20180927T103348_023883_029B49_rtc,2018-09-27T10:33:33.605395+00:00,2018-09-27,2018Q3,S1A,11,ascending,C2b_amc__v2,positive_control,LINEAR_POWER_GAMMA0,1.4953407049179077,260,0.17295628786087036,260
FROZEN,S1A_IW_GRDH_1SDV_20180927T103319_20180927T103348_023883_029B49_rtc,2018-09-27T10:33:33.605395+00:00,2018-09-27,2018Q3,S1A,11,ascending,P1_vacant__v1,placebo,LINEAR_POWER_GAMMA0,0.35493892431259155,93,0.0940195620059967,93
FROZEN,S1A_IW_GRDH_1SDV_20180927T103319_20180927T103348_023883_029B49_rtc,2018-09-27T10:33:33.605395+00:00,2018-09-27,2018Q3,S1A,11,ascending,X1_build_slab__v1,positive_control,LINEAR_POWER_GAMMA0,1.3560465574264526,67,0.17871859669685364,67
FROZEN,S1A_IW_GRDH_1SDV_20180927T103319_20180927T103348_023883_029B49_rtc,2018-09-27T10:33:33.605395+00:00,2018-09-27,2018Q3,S1A,11,ascending,X2_build_site__v1,positive_control,LINEAR_POWER_GAMMA0,1.499287486076355,155,0.21773144602775574,155
FROZEN,S1A_IW_GRDH_1SDV_20181009T103319_20181009T103348_024058_02A10E_rtc,2018-10-09T10:33:33.838538+00:00,2018-10-09,2018Q4,S1A,11,ascending,T1_ntt_fdc__v1,treatment,LINEAR_POWER_GAMMA0,3.0883593559265137,307,2.036522150039673,307
FROZEN,S1A_IW_GRDH_1SDV_20181009T103319_20181009T103348_024058_02A10E_rtc,2018-10-09T10:33:33.838538+00:00,2018-10-09,2018Q4,S1A,11,ascending,C1_hkex_dc__v1,control,LINEAR_POWER_GAMMA0,0.3392687439918518,55,0.11601840704679489,55
FROZEN,S1A_IW_GRDH_1SDV_20181009T103319_20181009T103348_024058_02A10E_rtc,2018-10-09T10:33:33.838538+00:00,2018-10-09,2018Q4,S1A,11,ascending,C2b_amc__v2,positive_control,LINEAR_POWER_GAMMA0,1.4560471773147583,260,0.20987777411937714,260
FROZEN,S1A_IW_GRDH_1SDV_20181009T103319_20181009T103348_024058_02A10E_rtc,2018-10-09T10:33:33.838538+00:00,2018-10-09,2018Q4,S1A,11,ascending,P1_vacant__v1,placebo,LINEAR_POWER_GAMMA0,0.42314812541007996,93,0.09634704887866974,93
FROZEN,S1A_IW_GRDH_1SDV_20181009T103319_20181009T103348_024058_02A10E_rtc,2018-10-09T10:33:33.838538+00:00,2018-10-09,2018Q4,S1A,11,ascending,X1_build_slab__v1,positive_control,LINEAR_POWER_GAMMA0,1.2824442386627197,67,0.23455390334129333,67
FROZEN,S1A_IW_GRDH_1SDV_20181009T103319_20181009T103348_024058_02A10E_rtc,2018-10-09T10:33:33.838538+00:00,2018-10-09,2018Q4,S1A,11,ascending,X2_build_site__v1,positive_control,LINEAR_POWER_GAMMA0,1.0899007320404053,155,0.2951832115650177,155
FROZEN,S1A_IW_GRDH_1SDV_20181016T102506_20181016T102535_024160_02A470_rtc,2018-10-16T10:25:21.266579+00:00,2018-10-16,2018Q4,S1A,113,ascending,T1_ntt_fdc__v1,treatment,LINEAR_POWER_GAMMA0,1.8701609373092651,307,0.7711285948753357,307
FROZEN,S1A_IW_GRDH_1SDV_20181016T102506_20181016T102535_024160_02A470_rtc,2018-10-16T10:25:21.266579+00:00,2018-10-16,2018Q4,S1A,113,ascending,C1_hkex_dc__v1,control,LINEAR_POWER_GAMMA0,0.36332160234451294,55,0.09436176717281342,55
FROZEN,S1A_IW_GRDH_1SDV_20181016T102506_20181016T102535_024160_02A470_rtc,2018-10-16T10:25:21.266579+00:00,2018-10-16,2018Q4,S1A,113,ascending,C2b_amc__v2,positive_control,LINEAR_POWER_GAMMA0,1.3362938165664673,260,0.23005378246307373,260
FROZEN,S1A_IW_GRDH_1SDV_20181016T102506_20181016T102535_024160_02A470_rtc,2018-10-16T10:25:21.266579+00:00,2018-10-16,2018Q4,S1A,113,ascending,P1_vacant__v1,placebo,LINEAR_POWER_GAMMA0,0.34434399008750916,93,0.09827584773302078,93
FROZEN,S1A_IW_GRDH_1SDV_20181016T102506_20181016T102535_024160_02A470_rtc,2018-10-16T10:25:21.266579+00:00,2018-10-16,2018Q4,S1A,113,ascending,X1_build_slab__v1,positive_control,LINEAR_POWER_GAMMA0,2.1907570362091064,67,0.2776707708835602,67
FROZEN,S1A_IW_GRDH_1SDV_20181016T102506_20181016T102535_024160_02A470_rtc,2018-10-16T10:25:21.266579+00:00,2018-10-16,2018Q4,S1A,113,ascending,X2_build_site__v1,positive_control,LINEAR_POWER_GAMMA0,2.0407145023345947,155,0.24655196070671082,155
FROZEN,S1A_IW_GRDH_1SDV_20181021T103319_20181021T103348_024233_02A6C0_rtc,2018-10-21T10:33:33.986435+00:00,2018-10-21,2018Q4,S1A,11,ascending,T1_ntt_fdc__v1,treatment,LINEAR_POWER_GAMMA0,2.9811599254608154,307,1.9003208875656128,307
FROZEN,S1A_IW_GRDH_1SDV_20181021T103319_20181021T103348_024233_02A6C0_rtc,2018-10-21T10:33:33.986435+00:00,2018-10-21,2018Q4,S1A,11,ascending,C1_hkex_dc__v1,control,LINEAR_POWER_GAMMA0,0.3580685555934906,55,0.1134156733751297,55
FROZEN,S1A_IW_GRDH_1SDV_20181021T103319_20181021T103348_024233_02A6C0_rtc,2018-10-21T10:33:33.986435+00:00,2018-10-21,2018Q4,S1A,11,ascending,C2b_amc__v2,positive_control,LINEAR_POWER_GAMMA0,1.6329681873321533,260,0.21331031620502472,260
FROZEN,S1A_IW_GRDH_1SDV_20181021T103319_20181021T103348_024233_02A6C0_rtc,2018-10-21T10:33:33.986435+00:00,2018-10-21,2018Q4,S1A,11,ascending,P1_vacant__v1,placebo,LINEAR_POWER_GAMMA0,0.589209258556366,93,0.12018179148435593,93
FROZEN,S1A_IW_GRDH_1SDV_20181021T103319_20181021T103348_024233_02A6C0_rtc,2018-10-21T10:33:33.986435+00:00,2018-10-21,2018Q4,S1A,11,ascending,X1_build_slab__v1,positive_control,LINEAR_POWER_GAMMA0,0.8618413209915161,67,0.21541902422904968,67
FROZEN,S1A_IW_GRDH_1SDV_20181021T103319_20181021T103348_024233_02A6C0_rtc,2018-10-21T10:33:33.986435+00:00,2018-10-21,2018Q4,S1A,11,ascending,X2_build_site__v1,positive_control,LINEAR_POWER_GAMMA0,1.0424994230270386,155,0.2075294554233551,155
FROZEN,S1A_IW_GRDH_1SDV_20181028T102506_20181028T102535_024335_02AA14_rtc,2018-10-28T10:25:21.169361+00:00,2018-10-28,2018Q4,S1A,113,ascending,T1_ntt_fdc__v1,treatment,LINEAR_POWER_GAMMA0,1.2179172039031982,307,0.7429654598236084,307
FROZEN,S1A_IW_GRDH_1SDV_20181028T102506_20181028T102535_024335_02AA14_rtc,2018-10-28T10:25:21.169361+00:00,2018-10-28,2018Q4,S1A,113,ascending,C1_hkex_dc__v1,control,LINEAR_POWER_GAMMA0,0.2879979610443115,55,0.0713469609618187,55
FROZEN,S1A_IW_GRDH_1SDV_20181028T102506_20181028T102535_024335_02AA14_rtc,2018-10-28T10:25:21.169361+00:00,2018-10-28,2018Q4,S1A,113,ascending,C2b_amc__v2,positive_control,LINEAR_POWER_GAMMA0,1.2811384201049805,260,0.2265637069940567,260
FROZEN,S1A_IW_GRDH_1SDV_20181028T102506_20181028T102535_024335_02AA14_rtc,2018-10-28T10:25:21.169361+00:00,2018-10-28,2018Q4,S1A,113,ascending,P1_vacant__v1,placebo,LINEAR_POWER_GAMMA0,0.49894312024116516,93,0.08494357019662857,93
FROZEN,S1A_IW_GRDH_1SDV_20181028T102506_20181028T102535_024335_02AA14_rtc,2018-10-28T10:25:21.169361+00:00,2018-10-28,2018Q4,S1A,113,ascending,X1_build_slab__v1,positive_control,LINEAR_POWER_GAMMA0,1.5273188352584839,67,0.2320106476545334,67
FROZEN,S1A_IW_GRDH_1SDV_20181028T102506_20181028T102535_024335_02AA14_rtc,2018-10-28T10:25:21.169361+00:00,2018-10-28,2018Q4,S1A,113,ascending,X2_build_site__v1,positive_control,LINEAR_POWER_GAMMA0,1.3368844985961914,155,0.22219400107860565,155
FROZEN,S1A_IW_GRDH_1SDV_20181102T103319_20181102T103348_024408_02AC85_rtc,2018-11-02T10:33:33.888505+00:00,2018-11-02,2018Q4,S1A,11,ascending,T1_ntt_fdc__v1,treatment,LINEAR_POWER_GAMMA0,2.738271713256836,307,1.8844172954559326,307
FROZEN,S1A_IW_GRDH_1SDV_20181102T103319_20181102T103348_024408_02AC85_rtc,2018-11-02T10:33:33.888505+00:00,2018-11-02,2018Q4,S1A,11,ascending,C1_hkex_dc__v1,control,LINEAR_POWER_GAMMA0,0.3787709176540375,55,0.10826051235198975,55
FROZEN,S1A_IW_GRDH_1SDV_20181102T103319_20181102T103348_024408_02AC85_rtc,2018-11-02T10:33:33.888505+00:00,2018-11-02,2018Q4,S1A,11,ascending,C2b_amc__v2,positive_control,LINEAR_POWER_GAMMA0,1.0975404977798462,260,0.19313164055347443,260
FROZEN,S1A_IW_GRDH_1SDV_20181102T103319_20181102T103348_024408_02AC85_rtc,2018-11-02T10:33:33.888505+00:00,2018-11-02,2018Q4,S1A,11,ascending,P1_vacant__v1,placebo,LINEAR_POWER_GAMMA0,0.2897881269454956,93,0.1026138886809349,93
FROZEN,S1A_IW_GRDH_1SDV_20181102T103319_20181102T103348_024408_02AC85_rtc,2018-11-02T10:33:33.888505+00:00,2018-11-02,2018Q4,S1A,11,ascending,X1_build_slab__v1,positive_control,LINEAR_POWER_GAMMA0,0.696242094039917,67,0.10016103833913803,67
FROZEN,S1A_IW_GRDH_1SDV_20181102T103319_20181102T103348_024408_02AC85_rtc,2018-11-02T10:33:33.888505+00:00,2018-11-02,2018Q4,S1A,11,ascending,X2_build_site__v1,positive_control,LINEAR_POWER_GAMMA0,1.0720064640045166,155,0.17605595290660858,155
FROZEN,S1A_IW_GRDH_1SDV_20181109T102506_20181109T102535_024510_02B042_rtc,2018-11-09T10:25:20.954272+00:00,2018-11-09,2018Q4,S1A,113,ascending,T1_ntt_fdc__v1,treatment,LINEAR_POWER_GAMMA0,1.4320175647735596,307,0.6861504912376404,307
FROZEN,S1A_IW_GRDH_1SDV_20181109T102506_20181109T102535_024510_02B042_rtc,2018-11-09T10:25:20.954272+00:00,2018-11-09,2018Q4,S1A,113,ascending,C1_hkex_dc__v1,control,LINEAR_POWER_GAMMA0,0.348156213760376,55,0.09359678626060486,55
FROZEN,S1A_IW_GRDH_1SDV_20181109T102506_20181109T102535_024510_02B042_rtc,2018-11-09T10:25:20.954272+00:00,2018-11-09,2018Q4,S1A,113,ascending,C2b_amc__v2,positive_control,LINEAR_POWER_GAMMA0,0.9338123202323914,260,0.23504026234149933,260
FROZEN,S1A_IW_GRDH_1SDV_20181109T102506_20181109T102535_024510_02B042_rtc,2018-11-09T10:25:20.954272+00:00,2018-11-09,2018Q4,S1A,113,ascending,P1_vacant__v1,placebo,LINEAR_POWER_GAMMA0,0.189948171377182,93,0.08442647755146027,93
FROZEN,S1A_IW_GRDH_1SDV_20181109T102506_20181109T102535_024510_02B042_rtc,2018-11-09T10:25:20.954272+00:00,2018-11-09,2018Q4,S1A,113,ascending,X1_build_slab__v1,positive_control,LINEAR_POWER_GAMMA0,1.8954733610153198,67,0.31403082609176636,67
FROZEN,S1A_IW_GRDH_1SDV_20181109T102506_20181109T102535_024510_02B042_rtc,2018-11-09T10:25:20.954272+00:00,2018-11-09,2018Q4,S1A,113,ascending,X2_build_site__v1,positive_control,LINEAR_POWER_GAMMA0,1.5160348415374756,155,0.2624027729034424,155
FROZEN,S1A_IW_GRDH_1SDV_20181114T103319_20181114T103348_024583_02B2F1_rtc,2018-11-14T10:33:33.585283+00:00,2018-11-14,2018Q4,S1A,11,ascending,T1_ntt_fdc__v1,treatment,LINEAR_POWER_GAMMA0,2.740795612335205,307,1.916440486907959,307
FROZEN,S1A_IW_GRDH_1SDV_20181114T103319_20181114T103348_024583_02B2F1_rtc,2018-11-14T10:33:33.585283+00:00,2018-11-14,2018Q4,S1A,11,ascending,C1_hkex_dc__v1,control,LINEAR_POWER_GAMMA0,0.36870700120925903,55,0.11846701800823212,55
FROZEN,S1A_IW_GRDH_1SDV_20181114T103319_20181114T103348_024583_02B2F1_rtc,2018-11-14T10:33:33.585283+00:00,2018-11-14,2018Q4,S1A,11,ascending,C2b_amc__v2,positive_control,LINEAR_POWER_GAMMA0,1.018462896347046,260,0.19653566181659698,260
FROZEN,S1A_IW_GRDH_1SDV_20181114T103319_20181114T103348_024583_02B2F1_rtc,2018-11-14T10:33:33.585283+00:00,2018-11-14,2018Q4,S1A,11,ascending,P1_vacant__v1,placebo,LINEAR_POWER_GAMMA0,0.28726881742477417,93,0.08477099239826202,93
FROZEN,S1A_IW_GRDH_1SDV_20181114T103319_20181114T103348_024583_02B2F1_rtc,2018-11-14T10:33:33.585283+00:00,2018-11-14,2018Q4,S1A,11,ascending,X1_build_slab__v1,positive_control,LINEAR_POWER_GAMMA0,0.8772814869880676,67,0.2599785625934601,67
FROZEN,S1A_IW_GRDH_1SDV_20181114T103319_20181114T103348_024583_02B2F1_rtc,2018-11-14T10:33:33.585283+00:00,2018-11-14,2018Q4,S1A,11,ascending,X2_build_site__v1,positive_control,LINEAR_POWER_GAMMA0,1.139978051185608,155,0.28384414315223694,155
FROZEN,S1A_IW_GRDH_1SDV_20181121T102506_20181121T102535_024685_02B6B3_rtc,2018-11-21T10:25:20.713564+00:00,2018-11-21,2018Q4,S1A,113,ascending,T1_ntt_fdc__v1,treatment,LINEAR_POWER_GAMMA0,1.4160274267196655,307,0.7290806770324707,307
FROZEN,S1A_IW_GRDH_1SDV_20181121T102506_20181121T102535_024685_02B6B3_rtc,2018-11-21T10:25:20.713564+00:00,2018-11-21,2018Q4,S1A,113,ascending,C1_hkex_dc__v1,control,LINEAR_POWER_GAMMA0,0.34467247128486633,55,0.09990782290697098,55
FROZEN,S1A_IW_GRDH_1SDV_20181121T102506_20181121T102535_024685_02B6B3_rtc,2018-11-21T10:25:20.713564+00:00,2018-11-21,2018Q4,S1A,113,ascending,C2b_amc__v2,positive_control,LINEAR_POWER_GAMMA0,1.0012797117233276,260,0.2436189204454422,260
FROZEN,S1A_IW_GRDH_1SDV_20181121T102506_20181121T102535_024685_02B6B3_rtc,2018-11-21T10:25:20.713564+00:00,2018-11-21,2018Q4,S1A,113,ascending,P1_vacant__v1,placebo,LINEAR_POWER_GAMMA0,0.23504438996315002,93,0.07108141481876373,93
FROZEN,S1A_IW_GRDH_1SDV_20181121T102506_20181121T102535_024685_02B6B3_rtc,2018-11-21T10:25:20.713564+00:00,2018-11-21,2018Q4,S1A,113,ascending,X1_build_slab__v1,positive_control,LINEAR_POWER_GAMMA0,1.3947868347167969,67,0.25790056586265564,67
FROZEN,S1A_IW_GRDH_1SDV_20181121T102506_20181121T102535_024685_02B6B3_rtc,2018-11-21T10:25:20.713564+00:00,2018-11-21,2018Q4,S1A,113,ascending,X2_build_site__v1,positive_control,LINEAR_POWER_GAMMA0,1.2231041193008423,155,0.22279644012451172,155
FROZEN,S1A_IW_GRDH_1SDV_20181126T103318_20181126T103347_024758_02B960_rtc,2018-11-26T10:33:33.157094+00:00,2018-11-26,2018Q4,S1A,11,ascending,T1_ntt_fdc__v1,treatment,LINEAR_POWER_GAMMA0,2.798931121826172,307,1.7253316640853882,307
FROZEN,S1A_IW_GRDH_1SDV_20181126T103318_20181126T103347_024758_02B960_rtc,2018-11-26T10:33:33.157094+00:00,2018-11-26,2018Q4,S1A,11,ascending,C1_hkex_dc__v1,control,LINEAR_POWER_GAMMA0,0.3912411630153656,55,0.10652206093072891,55
FROZEN,S1A_IW_GRDH_1SDV_20181126T103318_20181126T103347_024758_02B960_rtc,2018-11-26T10:33:33.157094+00:00,2018-11-26,2018Q4,S1A,11,ascending,C2b_amc__v2,positive_control,LINEAR_POWER_GAMMA0,1.4578404426574707,260,0.18484272062778473,260
FROZEN,S1A_IW_GRDH_1SDV_20181126T103318_20181126T103347_024758_02B960_rtc,2018-11-26T10:33:33.157094+00:00,2018-11-26,2018Q4,S1A,11,ascending,P1_vacant__v1,placebo,LINEAR_POWER_GAMMA0,0.23528365790843964,93,0.08556892722845078,93
FROZEN,S1A_IW_GRDH_1SDV_20181126T103318_20181126T103347_024758_02B960_rtc,2018-11-26T10:33:33.157094+00:00,2018-11-26,2018Q4,S1A,11,ascending,X1_build_slab__v1,positive_control,LINEAR_POWER_GAMMA0,1.4703413248062134,67,0.2742488384246826,67
FROZEN,S1A_IW_GRDH_1SDV_20181126T103318_20181126T103347_024758_02B960_rtc,2018-11-26T10:33:33.157094+00:00,2018-11-26,2018Q4,S1A,11,ascending,X2_build_site__v1,positive_control,LINEAR_POWER_GAMMA0,1.8101414442062378,155,0.26310867071151733,155
FROZEN,S1A_IW_GRDH_1SDV_20181203T102505_20181203T102534_024860_02BCCF_rtc,2018-12-03T10:25:20.357669+00:00,2018-12-03,2018Q4,S1A,113,ascending,T1_ntt_fdc__v1,treatment,LINEAR_POWER_GAMMA0,1.3420041799545288,307,0.7832863330841064,307
FROZEN,S1A_IW_GRDH_1SDV_20181203T102505_20181203T102534_024860_02BCCF_rtc,2018-12-03T10:25:20.357669+00:00,2018-12-03,2018Q4,S1A,113,ascending,C1_hkex_dc__v1,control,LINEAR_POWER_GAMMA0,0.44031772017478943,55,0.1234687864780426,55
FROZEN,S1A_IW_GRDH_1SDV_20181203T102505_20181203T102534_024860_02BCCF_rtc,2018-12-03T10:25:20.357669+00:00,2018-12-03,2018Q4,S1A,113,ascending,C2b_amc__v2,positive_control,LINEAR_POWER_GAMMA0,0.991234302520752,260,0.20462602376937866,260
FROZEN,S1A_IW_GRDH_1SDV_20181203T102505_20181203T102534_024860_02BCCF_rtc,2018-12-03T10:25:20.357669+00:00,2018-12-03,2018Q4,S1A,113,ascending,P1_vacant__v1,placebo,LINEAR_POWER_GAMMA0,0.27337387204170227,93,0.0688578262925148,93
FROZEN,S1A_IW_GRDH_1SDV_20181203T102505_20181203T102534_024860_02BCCF_rtc,2018-12-03T10:25:20.357669+00:00,2018-12-03,2018Q4,S1A,113,ascending,X1_build_slab__v1,positive_control,LINEAR_POWER_GAMMA0,1.1923383474349976,67,0.36734920740127563,67
FROZEN,S1A_IW_GRDH_1SDV_20181203T102505_20181203T102534_024860_02BCCF_rtc,2018-12-03T10:25:20.357669+00:00,2018-12-03,2018Q4,S1A,113,ascending,X2_build_site__v1,positive_control,LINEAR_POWER_GAMMA0,1.0851153135299683,155,0.25459355115890503,155
FROZEN,S1A_IW_GRDH_1SDV_20181208T103318_20181208T103347_024933_02BF38_rtc,2018-12-08T10:33:32.841090+00:00,2018-12-08,2018Q4,S1A,11,ascending,T1_ntt_fdc__v1,treatment,LINEAR_POWER_GAMMA0,2.7661664485931396,307,1.7470855712890625,307
FROZEN,S1A_IW_GRDH_1SDV_20181208T103318_20181208T103347_024933_02BF38_rtc,2018-12-08T10:33:32.841090+00:00,2018-12-08,2018Q4,S1A,11,ascending,C1_hkex_dc__v1,control,LINEAR_POWER_GAMMA0,0.37772172689437866,55,0.11261055618524551,55
FROZEN,S1A_IW_GRDH_1SDV_20181208T103318_20181208T103347_024933_02BF38_rtc,2018-12-08T10:33:32.841090+00:00,2018-12-08,2018Q4,S1A,11,ascending,C2b_amc__v2,positive_control,LINEAR_POWER_GAMMA0,1.297646164894104,260,0.17632463574409485,260
FROZEN,S1A_IW_GRDH_1SDV_20181208T103318_20181208T103347_024933_02BF38_rtc,2018-12-08T10:33:32.841090+00:00,2018-12-08,2018Q4,S1A,11,ascending,P1_vacant__v1,placebo,LINEAR_POWER_GAMMA0,0.51778244972229,93,0.10367821902036667,93
FROZEN,S1A_IW_GRDH_1SDV_20181208T103318_20181208T103347_024933_02BF38_rtc,2018-12-08T10:33:32.841090+00:00,2018-12-08,2018Q4,S1A,11,ascending,X1_build_slab__v1,positive_control,LINEAR_POWER_GAMMA0,1.3941328525543213,67,0.2343236654996872,67
FROZEN,S1A_IW_GRDH_1SDV_20181208T103318_20181208T103347_024933_02BF38_rtc,2018-12-08T10:33:32.841090+00:00,2018-12-08,2018Q4,S1A,11,ascending,X2_build_site__v1,positive_control,LINEAR_POWER_GAMMA0,1.6838536262512207,155,0.24944551289081573,155
FROZEN,S1A_IW_GRDH_1SDV_20181215T102505_20181215T102534_025035_02C2F4_rtc,2018-12-15T10:25:19.705227+00:00,2018-12-15,2018Q4,S1A,113,ascending,T1_ntt_fdc__v1,treatment,LINEAR_POWER_GAMMA0,1.4194722175598145,307,0.7313309907913208,307
FROZEN,S1A_IW_GRDH_1SDV_20181215T102505_20181215T102534_025035_02C2F4_rtc,2018-12-15T10:25:19.705227+00:00,2018-12-15,2018Q4,S1A,113,ascending,C1_hkex_dc__v1,control,LINEAR_POWER_GAMMA0,0.3065008819103241,55,0.07347364723682404,55
FROZEN,S1A_IW_GRDH_1SDV_20181215T102505_20181215T102534_025035_02C2F4_rtc,2018-12-15T10:25:19.705227+00:00,2018-12-15,2018Q4,S1A,113,ascending,C2b_amc__v2,positive_control,LINEAR_POWER_GAMMA0,0.8866418600082397,260,0.2110784500837326,260
FROZEN,S1A_IW_GRDH_1SDV_20181215T102505_20181215T102534_025035_02C2F4_rtc,2018-12-15T10:25:19.705227+00:00,2018-12-15,2018Q4,S1A,113,ascending,P1_vacant__v1,placebo,LINEAR_POWER_GAMMA0,0.4540373384952545,93,0.07925144582986832,93
FROZEN,S1A_IW_GRDH_1SDV_20181215T102505_20181215T102534_025035_02C2F4_rtc,2018-12-15T10:25:19.705227+00:00,2018-12-15,2018Q4,S1A,113,ascending,X1_build_slab__v1,positive_control,LINEAR_POWER_GAMMA0,1.354374885559082,67,0.33971449732780457,67
FROZEN,S1A_IW_GRDH_1SDV_20181215T102505_20181215T102534_025035_02C2F4_rtc,2018-12-15T10:25:19.705227+00:00,2018-12-15,2018Q4,S1A,113,ascending,X2_build_site__v1,positive_control,LINEAR_POWER_GAMMA0,1.637206792831421,155,0.2423863261938095,155
FROZEN,S1A_IW_GRDH_1SDV_20181220T103317_20181220T103346_025108_02C58E_rtc,2018-12-20T10:33:32.365697+00:00,2018-12-20,2018Q4,S1A,11,ascending,T1_ntt_fdc__v1,treatment,LINEAR_POWER_GAMMA0,3.0306010246276855,307,1.6049973964691162,307
FROZEN,S1A_IW_GRDH_1SDV_20181220T103317_20181220T103346_025108_02C58E_rtc,2018-12-20T10:33:32.365697+00:00,2018-12-20,2018Q4,S1A,11,ascending,C1_hkex_dc__v1,control,LINEAR_POWER_GAMMA0,0.32940584421157837,55,0.11004892736673355,55
FROZEN,S1A_IW_GRDH_1SDV_20181220T103317_20181220T103346_025108_02C58E_rtc,2018-12-20T10:33:32.365697+00:00,2018-12-20,2018Q4,S1A,11,ascending,C2b_amc__v2,positive_control,LINEAR_POWER_GAMMA0,1.3591187000274658,260,0.19350481033325195,260
FROZEN,S1A_IW_GRDH_1SDV_20181220T103317_20181220T103346_025108_02C58E_rtc,2018-12-20T10:33:32.365697+00:00,2018-12-20,2018Q4,S1A,11,ascending,P1_vacant__v1,placebo,LINEAR_POWER_GAMMA0,0.24109040200710297,93,0.10021983087062836,93
FROZEN,S1A_IW_GRDH_1SDV_20181220T103317_20181220T103346_025108_02C58E_rtc,2018-12-20T10:33:32.365697+00:00,2018-12-20,2018Q4,S1A,11,ascending,X1_build_slab__v1,positive_control,LINEAR_POWER_GAMMA0,1.4474656581878662,67,0.28241029381752014,67
FROZEN,S1A_IW_GRDH_1SDV_20181220T103317_20181220T103346_025108_02C58E_rtc,2018-12-20T10:33:32.365697+00:00,2018-12-20,2018Q4,S1A,11,ascending,X2_build_site__v1,positive_control,LINEAR_POWER_GAMMA0,1.348536729812622,155,0.26098084449768066,155
FROZEN,S1A_IW_GRDH_1SDV_20181227T102504_20181227T102533_025210_02C94A_rtc,2018-12-27T10:25:19.468654+00:00,2018-12-27,2018Q4,S1A,113,ascending,T1_ntt_fdc__v1,treatment,LINEAR_POWER_GAMMA0,1.35239839553833,307,0.6823632121086121,307
FROZEN,S1A_IW_GRDH_1SDV_20181227T102504_20181227T102533_025210_02C94A_rtc,2018-12-27T10:25:19.468654+00:00,2018-12-27,2018Q4,S1A,113,ascending,C1_hkex_dc__v1,control,LINEAR_POWER_GAMMA0,0.32781195640563965,55,0.0905354917049408,55
FROZEN,S1A_IW_GRDH_1SDV_20181227T102504_20181227T102533_025210_02C94A_rtc,2018-12-27T10:25:19.468654+00:00,2018-12-27,2018Q4,S1A,113,ascending,C2b_amc__v2,positive_control,LINEAR_POWER_GAMMA0,1.3526899814605713,260,0.22169086337089539,260
FROZEN,S1A_IW_GRDH_1SDV_20181227T102504_20181227T102533_025210_02C94A_rtc,2018-12-27T10:25:19.468654+00:00,2018-12-27,2018Q4,S1A,113,ascending,P1_vacant__v1,placebo,LINEAR_POWER_GAMMA0,0.28653377294540405,93,0.06437470018863678,93
FROZEN,S1A_IW_GRDH_1SDV_20181227T102504_20181227T102533_025210_02C94A_rtc,2018-12-27T10:25:19.468654+00:00,2018-12-27,2018Q4,S1A,113,ascending,X1_build_slab__v1,positive_control,LINEAR_POWER_GAMMA0,1.146474838256836,67,0.31841182708740234,67
FROZEN,S1A_IW_GRDH_1SDV_20181227T102504_20181227T102533_025210_02C94A_rtc,2018-12-27T10:25:19.468654+00:00,2018-12-27,2018Q4,S1A,113,ascending,X2_build_site__v1,positive_control,LINEAR_POWER_GAMMA0,1.2408760786056519,155,0.268107146024704,155
FROZEN,S1A_IW_GRDH_1SDV_20190101T103317_20190101T103346_025283_02CBE3_rtc,2019-01-01T10:33:31.994014+00:00,2019-01-01,2019Q1,S1A,11,ascending,T1_ntt_fdc__v1,treatment,LINEAR_POWER_GAMMA0,3.4717628955841064,307,1.9736905097961426,307
FROZEN,S1A_IW_GRDH_1SDV_20190101T103317_20190101T103346_025283_02CBE3_rtc,2019-01-01T10:33:31.994014+00:00,2019-01-01,2019Q1,S1A,11,ascending,C1_hkex_dc__v1,control,LINEAR_POWER_GAMMA0,0.3309863209724426,55,0.10725036263465881,55
FROZEN,S1A_IW_GRDH_1SDV_20190101T103317_20190101T103346_025283_02CBE3_rtc,2019-01-01T10:33:31.994014+00:00,2019-01-01,2019Q1,S1A,11,ascending,C2b_amc__v2,positive_control,LINEAR_POWER_GAMMA0,1.7521247863769531,260,0.1880555897951126,260
FROZEN,S1A_IW_GRDH_1SDV_20190101T103317_20190101T103346_025283_02CBE3_rtc,2019-01-01T10:33:31.994014+00:00,2019-01-01,2019Q1,S1A,11,ascending,P1_vacant__v1,placebo,LINEAR_POWER_GAMMA0,0.3117913007736206,93,0.09313921630382538,93
FROZEN,S1A_IW_GRDH_1SDV_20190101T103317_20190101T103346_025283_02CBE3_rtc,2019-01-01T10:33:31.994014+00:00,2019-01-01,2019Q1,S1A,11,ascending,X1_build_slab__v1,positive_control,LINEAR_POWER_GAMMA0,1.8745639324188232,67,0.26903781294822693,67
FROZEN,S1A_IW_GRDH_1SDV_20190101T103317_20190101T103346_025283_02CBE3_rtc,2019-01-01T10:33:31.994014+00:00,2019-01-01,2019Q1,S1A,11,ascending,X2_build_site__v1,positive_control,LINEAR_POWER_GAMMA0,1.7737970352172852,155,0.2644421458244324,155
FROZEN,S1A_IW_GRDH_1SDV_20190108T102504_20190108T102533_025385_02CF9D_rtc,2019-01-08T10:25:18.836198+00:00,2019-01-08,2019Q1,S1A,113,ascending,T1_ntt_fdc__v1,treatment,LINEAR_POWER_GAMMA0,1.4338074922561646,307,0.8559202551841736,307
FROZEN,S1A_IW_GRDH_1SDV_20190108T102504_20190108T102533_025385_02CF9D_rtc,2019-01-08T10:25:18.836198+00:00,2019-01-08,2019Q1,S1A,113,ascending,C1_hkex_dc__v1,control,LINEAR_POWER_GAMMA0,0.32686296105384827,55,0.08214365690946579,55
FROZEN,S1A_IW_GRDH_1SDV_20190108T102504_20190108T102533_025385_02CF9D_rtc,2019-01-08T10:25:18.836198+00:00,2019-01-08,2019Q1,S1A,113,ascending,C2b_amc__v2,positive_control,LINEAR_POWER_GAMMA0,1.0412057638168335,260,0.1764262169599533,260
FROZEN,S1A_IW_GRDH_1SDV_20190108T102504_20190108T102533_025385_02CF9D_rtc,2019-01-08T10:25:18.836198+00:00,2019-01-08,2019Q1,S1A,113,ascending,P1_vacant__v1,placebo,LINEAR_POWER_GAMMA0,0.23655575513839722,93,0.08119649440050125,93
FROZEN,S1A_IW_GRDH_1SDV_20190108T102504_20190108T102533_025385_02CF9D_rtc,2019-01-08T10:25:18.836198+00:00,2019-01-08,2019Q1,S1A,113,ascending,X1_build_slab__v1,positive_control,LINEAR_POWER_GAMMA0,0.9045057892799377,67,0.26094484329223633,67
FROZEN,S1A_IW_GRDH_1SDV_20190108T102504_20190108T102533_025385_02CF9D_rtc,2019-01-08T10:25:18.836198+00:00,2019-01-08,2019Q1,S1A,113,ascending,X2_build_site__v1,positive_control,LINEAR_POWER_GAMMA0,1.0925257205963135,155,0.23047928512096405,155
FROZEN,S1A_IW_GRDH_1SDV_20190113T103316_20190113T103345_025458_02D22C_rtc,2019-01-13T10:33:31.497973+00:00,2019-01-13,2019Q1,S1A,11,ascending,T1_ntt_fdc__v1,treatment,LINEAR_POWER_GAMMA0,3.5298683643341064,307,2.0024139881134033,307
FROZEN,S1A_IW_GRDH_1SDV_20190113T103316_20190113T103345_025458_02D22C_rtc,2019-01-13T10:33:31.497973+00:00,2019-01-13,2019Q1,S1A,11,ascending,C1_hkex_dc__v1,control,LINEAR_POWER_GAMMA0,0.3639751374721527,55,0.11718561500310898,55
FROZEN,S1A_IW_GRDH_1SDV_20190113T103316_20190113T103345_025458_02D22C_rtc,2019-01-13T10:33:31.497973+00:00,2019-01-13,2019Q1,S1A,11,ascending,C2b_amc__v2,positive_control,LINEAR_POWER_GAMMA0,0.7007259726524353,260,0.14466415345668793,260
FROZEN,S1A_IW_GRDH_1SDV_20190113T103316_20190113T103345_025458_02D22C_rtc,2019-01-13T10:33:31.497973+00:00,2019-01-13,2019Q1,S1A,11,ascending,P1_vacant__v1,placebo,LINEAR_POWER_GAMMA0,0.1899724006652832,93,0.06196877360343933,93
FROZEN,S1A_IW_GRDH_1SDV_20190113T103316_20190113T103345_025458_02D22C_rtc,2019-01-13T10:33:31.497973+00:00,2019-01-13,2019Q1,S1A,11,ascending,X1_build_slab__v1,positive_control,LINEAR_POWER_GAMMA0,1.2909259796142578,67,0.24431581795215607,67
FROZEN,S1A_IW_GRDH_1SDV_20190113T103316_20190113T103345_025458_02D22C_rtc,2019-01-13T10:33:31.497973+00:00,2019-01-13,2019Q1,S1A,11,ascending,X2_build_site__v1,positive_control,LINEAR_POWER_GAMMA0,1.214529275894165,155,0.22078153491020203,155
FROZEN,S1A_IW_GRDH_1SDV_20190120T102504_20190120T102533_025560_02D5F6_rtc,2019-01-20T10:25:18.632034+00:00,2019-01-20,2019Q1,S1A,113,ascending,T1_ntt_fdc__v1,treatment,LINEAR_POWER_GAMMA0,1.4102911949157715,307,0.7560402154922485,307
FROZEN,S1A_IW_GRDH_1SDV_20190120T102504_20190120T102533_025560_02D5F6_rtc,2019-01-20T10:25:18.632034+00:00,2019-01-20,2019Q1,S1A,113,ascending,C1_hkex_dc__v1,control,LINEAR_POWER_GAMMA0,0.29978814721107483,55,0.0698777288198471,55
FROZEN,S1A_IW_GRDH_1SDV_20190120T102504_20190120T102533_025560_02D5F6_rtc,2019-01-20T10:25:18.632034+00:00,2019-01-20,2019Q1,S1A,113,ascending,C2b_amc__v2,positive_control,LINEAR_POWER_GAMMA0,0.7762957215309143,260,0.19253458082675934,260
FROZEN,S1A_IW_GRDH_1SDV_20190120T102504_20190120T102533_025560_02D5F6_rtc,2019-01-20T10:25:18.632034+00:00,2019-01-20,2019Q1,S1A,113,ascending,P1_vacant__v1,placebo,LINEAR_POWER_GAMMA0,0.37426483631134033,93,0.0753004178404808,93
FROZEN,S1A_IW_GRDH_1SDV_20190120T102504_20190120T102533_025560_02D5F6_rtc,2019-01-20T10:25:18.632034+00:00,2019-01-20,2019Q1,S1A,113,ascending,X1_build_slab__v1,positive_control,LINEAR_POWER_GAMMA0,0.9851655960083008,67,0.36161091923713684,67
FROZEN,S1A_IW_GRDH_1SDV_20190120T102504_20190120T102533_025560_02D5F6_rtc,2019-01-20T10:25:18.632034+00:00,2019-01-20,2019Q1,S1A,113,ascending,X2_build_site__v1,positive_control,LINEAR_POWER_GAMMA0,1.1634358167648315,155,0.2800317704677582,155
FROZEN,S1A_IW_GRDH_1SDV_20190125T103316_20190125T103345_025633_02D891_rtc,2019-01-25T10:33:31.187540+00:00,2019-01-25,2019Q1,S1A,11,ascending,T1_ntt_fdc__v1,treatment,LINEAR_POWER_GAMMA0,3.1992950439453125,307,2.0891828536987305,307
FROZEN,S1A_IW_GRDH_1SDV_20190125T103316_20190125T103345_025633_02D891_rtc,2019-01-25T10:33:31.187540+00:00,2019-01-25,2019Q1,S1A,11,ascending,C1_hkex_dc__v1,control,LINEAR_POWER_GAMMA0,0.3685367703437805,55,0.10400402545928955,55
FROZEN,S1A_IW_GRDH_1SDV_20190125T103316_20190125T103345_025633_02D891_rtc,2019-01-25T10:33:31.187540+00:00,2019-01-25,2019Q1,S1A,11,ascending,C2b_amc__v2,positive_control,LINEAR_POWER_GAMMA0,0.5540095567703247,260,0.10403285920619965,260
FROZEN,S1A_IW_GRDH_1SDV_20190125T103316_20190125T103345_025633_02D891_rtc,2019-01-25T10:33:31.187540+00:00,2019-01-25,2019Q1,S1A,11,ascending,P1_vacant__v1,placebo,LINEAR_POWER_GAMMA0,0.18637989461421967,93,0.06942744553089142,93
FROZEN,S1A_IW_GRDH_1SDV_20190125T103316_20190125T103345_025633_02D891_rtc,2019-01-25T10:33:31.187540+00:00,2019-01-25,2019Q1,S1A,11,ascending,X1_build_slab__v1,positive_control,LINEAR_POWER_GAMMA0,1.3686429262161255,67,0.2558895945549011,67
FROZEN,S1A_IW_GRDH_1SDV_20190125T103316_20190125T103345_025633_02D891_rtc,2019-01-25T10:33:31.187540+00:00,2019-01-25,2019Q1,S1A,11,ascending,X2_build_site__v1,positive_control,LINEAR_POWER_GAMMA0,1.1328092813491821,155,0.22581346333026886,155
FROZEN,S1A_IW_GRDH_1SDV_20190201T102503_20190201T102532_025735_02DC57_rtc,2019-02-01T10:25:18.245521+00:00,2019-02-01,2019Q1,S1A,113,ascending,T1_ntt_fdc__v1,treatment,LINEAR_POWER_GAMMA0,1.420517086982727,307,0.7911878824234009,307
FROZEN,S1A_IW_GRDH_1SDV_20190201T102503_20190201T102532_025735_02DC57_rtc,2019-02-01T10:25:18.245521+00:00,2019-02-01,2019Q1,S1A,113,ascending,C1_hkex_dc__v1,control,LINEAR_POWER_GAMMA0,0.33896687626838684,55,0.08164294809103012,55
FROZEN,S1A_IW_GRDH_1SDV_20190201T102503_20190201T102532_025735_02DC57_rtc,2019-02-01T10:25:18.245521+00:00,2019-02-01,2019Q1,S1A,113,ascending,C2b_amc__v2,positive_control,LINEAR_POWER_GAMMA0,0.6818772554397583,260,0.15247030556201935,260
FROZEN,S1A_IW_GRDH_1SDV_20190201T102503_20190201T102532_025735_02DC57_rtc,2019-02-01T10:25:18.245521+00:00,2019-02-01,2019Q1,S1A,113,ascending,P1_vacant__v1,placebo,LINEAR_POWER_GAMMA0,0.3140845000743866,93,0.08255469053983688,93
FROZEN,S1A_IW_GRDH_1SDV_20190201T102503_20190201T102532_025735_02DC57_rtc,2019-02-01T10:25:18.245521+00:00,2019-02-01,2019Q1,S1A,113,ascending,X1_build_slab__v1,positive_control,LINEAR_POWER_GAMMA0,1.1579452753067017,67,0.34795472025871277,67
FROZEN,S1A_IW_GRDH_1SDV_20190201T102503_20190201T102532_025735_02DC57_rtc,2019-02-01T10:25:18.245521+00:00,2019-02-01,2019Q1,S1A,113,ascending,X2_build_site__v1,positive_control,LINEAR_POWER_GAMMA0,1.3659478425979614,155,0.27671679854393005,155
FROZEN,S1A_IW_GRDH_1SDV_20190206T103315_20190206T103344_025808_02DED6_rtc,2019-02-06T10:33:30.469962+00:00,2019-02-06,2019Q1,S1A,11,ascending,T1_ntt_fdc__v1,treatment,LINEAR_POWER_GAMMA0,4.2021002769470215,307,1.9478964805603027,307
FROZEN,S1A_IW_GRDH_1SDV_20190206T103315_20190206T103344_025808_02DED6_rtc,2019-02-06T10:33:30.469962+00:00,2019-02-06,2019Q1,S1A,11,ascending,C1_hkex_dc__v1,control,LINEAR_POWER_GAMMA0,0.3472551107406616,55,0.09160442650318146,55
FROZEN,S1A_IW_GRDH_1SDV_20190206T103315_20190206T103344_025808_02DED6_rtc,2019-02-06T10:33:30.469962+00:00,2019-02-06,2019Q1,S1A,11,ascending,C2b_amc__v2,positive_control,LINEAR_POWER_GAMMA0,0.5481500625610352,260,0.09555914998054504,260
FROZEN,S1A_IW_GRDH_1SDV_20190206T103315_20190206T103344_025808_02DED6_rtc,2019-02-06T10:33:30.469962+00:00,2019-02-06,2019Q1,S1A,11,ascending,P1_vacant__v1,placebo,LINEAR_POWER_GAMMA0,0.3538471758365631,93,0.0749930590391159,93
FROZEN,S1A_IW_GRDH_1SDV_20190206T103315_20190206T103344_025808_02DED6_rtc,2019-02-06T10:33:30.469962+00:00,2019-02-06,2019Q1,S1A,11,ascending,X1_build_slab__v1,positive_control,LINEAR_POWER_GAMMA0,1.2222636938095093,67,0.28452759981155396,67
FROZEN,S1A_IW_GRDH_1SDV_20190206T103315_20190206T103344_025808_02DED6_rtc,2019-02-06T10:33:30.469962+00:00,2019-02-06,2019Q1,S1A,11,ascending,X2_build_site__v1,positive_control,LINEAR_POWER_GAMMA0,1.045942783355713,155,0.2576000690460205,155
FROZEN,S1A_IW_GRDH_1SDV_20190213T102503_20190213T102532_025910_02E286_rtc,2019-02-13T10:25:17.829479+00:00,2019-02-13,2019Q1,S1A,113,ascending,T1_ntt_fdc__v1,treatment,LINEAR_POWER_GAMMA0,1.5007166862487793,307,0.8592159748077393,307
FROZEN,S1A_IW_GRDH_1SDV_20190213T102503_20190213T102532_025910_02E286_rtc,2019-02-13T10:25:17.829479+00:00,2019-02-13,2019Q1,S1A,113,ascending,C1_hkex_dc__v1,control,LINEAR_POWER_GAMMA0,0.30592262744903564,55,0.07368070632219315,55
FROZEN,S1A_IW_GRDH_1SDV_20190213T102503_20190213T102532_025910_02E286_rtc,2019-02-13T10:25:17.829479+00:00,2019-02-13,2019Q1,S1A,113,ascending,C2b_amc__v2,positive_control,LINEAR_POWER_GAMMA0,1.0175857543945312,260,0.16627654433250427,260
FROZEN,S1A_IW_GRDH_1SDV_20190213T102503_20190213T102532_025910_02E286_rtc,2019-02-13T10:25:17.829479+00:00,2019-02-13,2019Q1,S1A,113,ascending,P1_vacant__v1,placebo,LINEAR_POWER_GAMMA0,0.24601538479328156,93,0.06342150270938873,93
FROZEN,S1A_IW_GRDH_1SDV_20190213T102503_20190213T102532_025910_02E286_rtc,2019-02-13T10:25:17.829479+00:00,2019-02-13,2019Q1,S1A,113,ascending,X1_build_slab__v1,positive_control,LINEAR_POWER_GAMMA0,0.9389747977256775,67,0.32922548055648804,67
FROZEN,S1A_IW_GRDH_1SDV_20190213T102503_20190213T102532_025910_02E286_rtc,2019-02-13T10:25:17.829479+00:00,2019-02-13,2019Q1,S1A,113,ascending,X2_build_site__v1,positive_control,LINEAR_POWER_GAMMA0,1.127152919769287,155,0.28527742624282837,155
FROZEN,S1A_IW_GRDH_1SDV_20190218T103316_20190218T103345_025983_02E516_rtc,2019-02-18T10:33:30.507270+00:00,2019-02-18,2019Q1,S1A,11,ascending,T1_ntt_fdc__v1,treatment,LINEAR_POWER_GAMMA0,3.8084211349487305,307,2.2473766803741455,307
FROZEN,S1A_IW_GRDH_1SDV_20190218T103316_20190218T103345_025983_02E516_rtc,2019-02-18T10:33:30.507270+00:00,2019-02-18,2019Q1,S1A,11,ascending,C1_hkex_dc__v1,control,LINEAR_POWER_GAMMA0,0.4156297445297241,55,0.10739193856716156,55
FROZEN,S1A_IW_GRDH_1SDV_20190218T103316_20190218T103345_025983_02E516_rtc,2019-02-18T10:33:30.507270+00:00,2019-02-18,2019Q1,S1A,11,ascending,C2b_amc__v2,positive_control,LINEAR_POWER_GAMMA0,1.2313117980957031,260,0.12378554791212082,260
FROZEN,S1A_IW_GRDH_1SDV_20190218T103316_20190218T103345_025983_02E516_rtc,2019-02-18T10:33:30.507270+00:00,2019-02-18,2019Q1,S1A,11,ascending,P1_vacant__v1,placebo,LINEAR_POWER_GAMMA0,0.23238547146320343,93,0.06625638157129288,93
FROZEN,S1A_IW_GRDH_1SDV_20190218T103316_20190218T103345_025983_02E516_rtc,2019-02-18T10:33:30.507270+00:00,2019-02-18,2019Q1,S1A,11,ascending,X1_build_slab__v1,positive_control,LINEAR_POWER_GAMMA0,1.4917811155319214,67,0.17999784648418427,67
FROZEN,S1A_IW_GRDH_1SDV_20190218T103316_20190218T103345_025983_02E516_rtc,2019-02-18T10:33:30.507270+00:00,2019-02-18,2019Q1,S1A,11,ascending,X2_build_site__v1,positive_control,LINEAR_POWER_GAMMA0,1.3600449562072754,155,0.20129135251045227,155
FROZEN,S1A_IW_GRDH_1SDV_20190225T102503_20190225T102532_026085_02E8CE_rtc,2019-02-25T10:25:17.811348+00:00,2019-02-25,2019Q1,S1A,113,ascending,T1_ntt_fdc__v1,treatment,LINEAR_POWER_GAMMA0,1.4674750566482544,307,0.7050520777702332,307
FROZEN,S1A_IW_GRDH_1SDV_20190225T102503_20190225T102532_026085_02E8CE_rtc,2019-02-25T10:25:17.811348+00:00,2019-02-25,2019Q1,S1A,113,ascending,C1_hkex_dc__v1,control,LINEAR_POWER_GAMMA0,0.3787194788455963,55,0.06728963553905487,55
FROZEN,S1A_IW_GRDH_1SDV_20190225T102503_20190225T102532_026085_02E8CE_rtc,2019-02-25T10:25:17.811348+00:00,2019-02-25,2019Q1,S1A,113,ascending,C2b_amc__v2,positive_control,LINEAR_POWER_GAMMA0,0.7582701444625854,260,0.17562296986579895,260
FROZEN,S1A_IW_GRDH_1SDV_20190225T102503_20190225T102532_026085_02E8CE_rtc,2019-02-25T10:25:17.811348+00:00,2019-02-25,2019Q1,S1A,113,ascending,P1_vacant__v1,placebo,LINEAR_POWER_GAMMA0,0.4179237484931946,93,0.07104725390672684,93
FROZEN,S1A_IW_GRDH_1SDV_20190225T102503_20190225T102532_026085_02E8CE_rtc,2019-02-25T10:25:17.811348+00:00,2019-02-25,2019Q1,S1A,113,ascending,X1_build_slab__v1,positive_control,LINEAR_POWER_GAMMA0,1.3827835321426392,67,0.34178635478019714,67
FROZEN,S1A_IW_GRDH_1SDV_20190225T102503_20190225T102532_026085_02E8CE_rtc,2019-02-25T10:25:17.811348+00:00,2019-02-25,2019Q1,S1A,113,ascending,X2_build_site__v1,positive_control,LINEAR_POWER_GAMMA0,1.4038015604019165,155,0.27340152859687805,155
FROZEN,S1A_IW_GRDH_1SDV_20190302T103316_20190302T103345_026158_02EB5E_rtc,2019-03-02T10:33:30.595620+00:00,2019-03-02,2019Q1,S1A,11,ascending,T1_ntt_fdc__v1,treatment,LINEAR_POWER_GAMMA0,3.4430320262908936,307,2.049070358276367,307
FROZEN,S1A_IW_GRDH_1SDV_20190302T103316_20190302T103345_026158_02EB5E_rtc,2019-03-02T10:33:30.595620+00:00,2019-03-02,2019Q1,S1A,11,ascending,C1_hkex_dc__v1,control,LINEAR_POWER_GAMMA0,0.36324143409729004,55,0.09649983048439026,55
FROZEN,S1A_IW_GRDH_1SDV_20190302T103316_20190302T103345_026158_02EB5E_rtc,2019-03-02T10:33:30.595620+00:00,2019-03-02,2019Q1,S1A,11,ascending,C2b_amc__v2,positive_control,LINEAR_POWER_GAMMA0,0.5586910247802734,260,0.09637513756752014,260
FROZEN,S1A_IW_GRDH_1SDV_20190302T103316_20190302T103345_026158_02EB5E_rtc,2019-03-02T10:33:30.595620+00:00,2019-03-02,2019Q1,S1A,11,ascending,P1_vacant__v1,placebo,LINEAR_POWER_GAMMA0,0.2506277859210968,93,0.07035422325134277,93
FROZEN,S1A_IW_GRDH_1SDV_20190302T103316_20190302T103345_026158_02EB5E_rtc,2019-03-02T10:33:30.595620+00:00,2019-03-02,2019Q1,S1A,11,ascending,X1_build_slab__v1,positive_control,LINEAR_POWER_GAMMA0,1.1646084785461426,67,0.20783360302448273,67
FROZEN,S1A_IW_GRDH_1SDV_20190302T103316_20190302T103345_026158_02EB5E_rtc,2019-03-02T10:33:30.595620+00:00,2019-03-02,2019Q1,S1A,11,ascending,X2_build_site__v1,positive_control,LINEAR_POWER_GAMMA0,1.76609206199646,155,0.22610828280448914,155
FROZEN,S1A_IW_GRDH_1SDV_20190309T102503_20190309T102532_026260_02EF1D_rtc,2019-03-09T10:25:17.784897+00:00,2019-03-09,2019Q1,S1A,113,ascending,T1_ntt_fdc__v1,treatment,LINEAR_POWER_GAMMA0,3.9803805351257324,307,1.451233148574829,307
FROZEN,S1A_IW_GRDH_1SDV_20190309T102503_20190309T102532_026260_02EF1D_rtc,2019-03-09T10:25:17.784897+00:00,2019-03-09,2019Q1,S1A,113,ascending,C1_hkex_dc__v1,control,LINEAR_POWER_GAMMA0,0.3688811957836151,55,0.09037907421588898,55
FROZEN,S1A_IW_GRDH_1SDV_20190309T102503_20190309T102532_026260_02EF1D_rtc,2019-03-09T10:25:17.784897+00:00,2019-03-09,2019Q1,S1A,113,ascending,C2b_amc__v2,positive_control,LINEAR_POWER_GAMMA0,1.1918184757232666,260,0.17474156618118286,260
FROZEN,S1A_IW_GRDH_1SDV_20190309T102503_20190309T102532_026260_02EF1D_rtc,2019-03-09T10:25:17.784897+00:00,2019-03-09,2019Q1,S1A,113,ascending,P1_vacant__v1,placebo,LINEAR_POWER_GAMMA0,0.5666742324829102,93,0.04770621284842491,93
FROZEN,S1A_IW_GRDH_1SDV_20190309T102503_20190309T102532_026260_02EF1D_rtc,2019-03-09T10:25:17.784897+00:00,2019-03-09,2019Q1,S1A,113,ascending,X1_build_slab__v1,positive_control,LINEAR_POWER_GAMMA0,1.1387274265289307,67,0.20151832699775696,67
FROZEN,S1A_IW_GRDH_1SDV_20190309T102503_20190309T102532_026260_02EF1D_rtc,2019-03-09T10:25:17.784897+00:00,2019-03-09,2019Q1,S1A,113,ascending,X2_build_site__v1,positive_control,LINEAR_POWER_GAMMA0,1.992189645767212,155,0.2223113477230072,155
FROZEN,S1A_IW_GRDH_1SDV_20190314T103315_20190314T103344_026333_02F1C2_rtc,2019-03-14T10:33:30.488273+00:00,2019-03-14,2019Q1,S1A,11,ascending,T1_ntt_fdc__v1,treatment,LINEAR_POWER_GAMMA0,3.547825813293457,307,2.0681891441345215,307
FROZEN,S1A_IW_GRDH_1SDV_20190314T103315_20190314T103344_026333_02F1C2_rtc,2019-03-14T10:33:30.488273+00:00,2019-03-14,2019Q1,S1A,11,ascending,C1_hkex_dc__v1,control,LINEAR_POWER_GAMMA0,0.35374677181243896,55,0.10222048312425613,55
FROZEN,S1A_IW_GRDH_1SDV_20190314T103315_20190314T103344_026333_02F1C2_rtc,2019-03-14T10:33:30.488273+00:00,2019-03-14,2019Q1,S1A,11,ascending,C2b_amc__v2,positive_control,LINEAR_POWER_GAMMA0,0.5094099044799805,260,0.09351329505443573,260
FROZEN,S1A_IW_GRDH_1SDV_20190314T103315_20190314T103344_026333_02F1C2_rtc,2019-03-14T10:33:30.488273+00:00,2019-03-14,2019Q1,S1A,11,ascending,P1_vacant__v1,placebo,LINEAR_POWER_GAMMA0,0.23335839807987213,93,0.07338503003120422,93
FROZEN,S1A_IW_GRDH_1SDV_20190314T103315_20190314T103344_026333_02F1C2_rtc,2019-03-14T10:33:30.488273+00:00,2019-03-14,2019Q1,S1A,11,ascending,X1_build_slab__v1,positive_control,LINEAR_POWER_GAMMA0,1.2375597953796387,67,0.1821519136428833,67
FROZEN,S1A_IW_GRDH_1SDV_20190314T103315_20190314T103344_026333_02F1C2_rtc,2019-03-14T10:33:30.488273+00:00,2019-03-14,2019Q1,S1A,11,ascending,X2_build_site__v1,positive_control,LINEAR_POWER_GAMMA0,1.3839625120162964,155,0.18141686916351318,155
FROZEN,S1A_IW_GRDH_1SDV_20190321T102503_20190321T102532_026435_02F58D_rtc,2019-03-21T10:25:17.876976+00:00,2019-03-21,2019Q1,S1A,113,ascending,T1_ntt_fdc__v1,treatment,LINEAR_POWER_GAMMA0,1.4863383769989014,307,0.7990084290504456,307
FROZEN,S1A_IW_GRDH_1SDV_20190321T102503_20190321T102532_026435_02F58D_rtc,2019-03-21T10:25:17.876976+00:00,2019-03-21,2019Q1,S1A,113,ascending,C1_hkex_dc__v1,control,LINEAR_POWER_GAMMA0,0.339669406414032,55,0.08178249001502991,55
FROZEN,S1A_IW_GRDH_1SDV_20190321T102503_20190321T102532_026435_02F58D_rtc,2019-03-21T10:25:17.876976+00:00,2019-03-21,2019Q1,S1A,113,ascending,C2b_amc__v2,positive_control,LINEAR_POWER_GAMMA0,0.662851870059967,260,0.14023910462856293,260
FROZEN,S1A_IW_GRDH_1SDV_20190321T102503_20190321T102532_026435_02F58D_rtc,2019-03-21T10:25:17.876976+00:00,2019-03-21,2019Q1,S1A,113,ascending,P1_vacant__v1,placebo,LINEAR_POWER_GAMMA0,0.17957189679145813,93,0.04187475144863129,93
FROZEN,S1A_IW_GRDH_1SDV_20190321T102503_20190321T102532_026435_02F58D_rtc,2019-03-21T10:25:17.876976+00:00,2019-03-21,2019Q1,S1A,113,ascending,X1_build_slab__v1,positive_control,LINEAR_POWER_GAMMA0,1.1293352842330933,67,0.16360892355442047,67
FROZEN,S1A_IW_GRDH_1SDV_20190321T102503_20190321T102532_026435_02F58D_rtc,2019-03-21T10:25:17.876976+00:00,2019-03-21,2019Q1,S1A,113,ascending,X2_build_site__v1,positive_control,LINEAR_POWER_GAMMA0,1.4987061023712158,155,0.18338629603385925,155
FROZEN,S1A_IW_GRDH_1SDV_20190326T103316_20190326T103345_026508_02F82F_rtc,2019-03-26T10:33:30.824414+00:00,2019-03-26,2019Q1,S1A,11,ascending,T1_ntt_fdc__v1,treatment,LINEAR_POWER_GAMMA0,3.4331369400024414,307,2.0441501140594482,307
FROZEN,S1A_IW_GRDH_1SDV_20190326T103316_20190326T103345_026508_02F82F_rtc,2019-03-26T10:33:30.824414+00:00,2019-03-26,2019Q1,S1A,11,ascending,C1_hkex_dc__v1,control,LINEAR_POWER_GAMMA0,0.3723160922527313,55,0.11341593414545059,55
FROZEN,S1A_IW_GRDH_1SDV_20190326T103316_20190326T103345_026508_02F82F_rtc,2019-03-26T10:33:30.824414+00:00,2019-03-26,2019Q1,S1A,11,ascending,C2b_amc__v2,positive_control,LINEAR_POWER_GAMMA0,0.7819122672080994,260,0.1124768927693367,260
FROZEN,S1A_IW_GRDH_1SDV_20190326T103316_20190326T103345_026508_02F82F_rtc,2019-03-26T10:33:30.824414+00:00,2019-03-26,2019Q1,S1A,11,ascending,P1_vacant__v1,placebo,LINEAR_POWER_GAMMA0,0.2182571291923523,93,0.06332407891750336,93
FROZEN,S1A_IW_GRDH_1SDV_20190326T103316_20190326T103345_026508_02F82F_rtc,2019-03-26T10:33:30.824414+00:00,2019-03-26,2019Q1,S1A,11,ascending,X1_build_slab__v1,positive_control,LINEAR_POWER_GAMMA0,0.7134124040603638,67,0.17788724601268768,67
FROZEN,S1A_IW_GRDH_1SDV_20190326T103316_20190326T103345_026508_02F82F_rtc,2019-03-26T10:33:30.824414+00:00,2019-03-26,2019Q1,S1A,11,ascending,X2_build_site__v1,positive_control,LINEAR_POWER_GAMMA0,0.9038836359977722,155,0.17287181317806244,155
FROZEN,S1A_IW_GRDH_1SDV_20190402T102503_20190402T102532_026610_02FC04_rtc,2019-04-02T10:25:18.244142+00:00,2019-04-02,2019Q2,S1A,113,ascending,T1_ntt_fdc__v1,treatment,LINEAR_POWER_GAMMA0,1.4780246019363403,307,0.7436597943305969,307
FROZEN,S1A_IW_GRDH_1SDV_20190402T102503_20190402T102532_026610_02FC04_rtc,2019-04-02T10:25:18.244142+00:00,2019-04-02,2019Q2,S1A,113,ascending,C1_hkex_dc__v1,control,LINEAR_POWER_GAMMA0,0.329386830329895,55,0.06861814111471176,55
FROZEN,S1A_IW_GRDH_1SDV_20190402T102503_20190402T102532_026610_02FC04_rtc,2019-04-02T10:25:18.244142+00:00,2019-04-02,2019Q2,S1A,113,ascending,C2b_amc__v2,positive_control,LINEAR_POWER_GAMMA0,0.982338011264801,260,0.1824231892824173,260
FROZEN,S1A_IW_GRDH_1SDV_20190402T102503_20190402T102532_026610_02FC04_rtc,2019-04-02T10:25:18.244142+00:00,2019-04-02,2019Q2,S1A,113,ascending,P1_vacant__v1,placebo,LINEAR_POWER_GAMMA0,0.23160378634929657,93,0.03981483727693558,93
FROZEN,S1A_IW_GRDH_1SDV_20190402T102503_20190402T102532_026610_02FC04_rtc,2019-04-02T10:25:18.244142+00:00,2019-04-02,2019Q2,S1A,113,ascending,X1_build_slab__v1,positive_control,LINEAR_POWER_GAMMA0,1.0937985181808472,67,0.1483088880777359,67
FROZEN,S1A_IW_GRDH_1SDV_20190402T102503_20190402T102532_026610_02FC04_rtc,2019-04-02T10:25:18.244142+00:00,2019-04-02,2019Q2,S1A,113,ascending,X2_build_site__v1,positive_control,LINEAR_POWER_GAMMA0,1.3487064838409424,155,0.1847517192363739,155
FROZEN,S1A_IW_GRDH_1SDV_20190407T103316_20190407T103345_026683_02FEA3_rtc,2019-04-07T10:33:30.988260+00:00,2019-04-07,2019Q2,S1A,11,ascending,T1_ntt_fdc__v1,treatment,LINEAR_POWER_GAMMA0,3.7708866596221924,307,2.0568270683288574,307
FROZEN,S1A_IW_GRDH_1SDV_20190407T103316_20190407T103345_026683_02FEA3_rtc,2019-04-07T10:33:30.988260+00:00,2019-04-07,2019Q2,S1A,11,ascending,C1_hkex_dc__v1,control,LINEAR_POWER_GAMMA0,0.3101145327091217,55,0.10051343590021133,55
FROZEN,S1A_IW_GRDH_1SDV_20190407T103316_20190407T103345_026683_02FEA3_rtc,2019-04-07T10:33:30.988260+00:00,2019-04-07,2019Q2,S1A,11,ascending,C2b_amc__v2,positive_control,LINEAR_POWER_GAMMA0,0.9270603060722351,260,0.13150066137313843,260
FROZEN,S1A_IW_GRDH_1SDV_20190407T103316_20190407T103345_026683_02FEA3_rtc,2019-04-07T10:33:30.988260+00:00,2019-04-07,2019Q2,S1A,11,ascending,P1_vacant__v1,placebo,LINEAR_POWER_GAMMA0,0.23953595757484436,93,0.06834565103054047,93
FROZEN,S1A_IW_GRDH_1SDV_20190407T103316_20190407T103345_026683_02FEA3_rtc,2019-04-07T10:33:30.988260+00:00,2019-04-07,2019Q2,S1A,11,ascending,X1_build_slab__v1,positive_control,LINEAR_POWER_GAMMA0,0.4607679843902588,67,0.15167219936847687,67
FROZEN,S1A_IW_GRDH_1SDV_20190407T103316_20190407T103345_026683_02FEA3_rtc,2019-04-07T10:33:30.988260+00:00,2019-04-07,2019Q2,S1A,11,ascending,X2_build_site__v1,positive_control,LINEAR_POWER_GAMMA0,0.684542179107666,155,0.1698933094739914,155
FROZEN,S1A_IW_GRDH_1SDV_20190414T102503_20190414T102532_026785_03026A_rtc,2019-04-14T10:25:18.452854+00:00,2019-04-14,2019Q2,S1A,113,ascending,T1_ntt_fdc__v1,treatment,LINEAR_POWER_GAMMA0,2.9509644508361816,307,1.4243892431259155,307
FROZEN,S1A_IW_GRDH_1SDV_20190414T102503_20190414T102532_026785_03026A_rtc,2019-04-14T10:25:18.452854+00:00,2019-04-14,2019Q2,S1A,113,ascending,C1_hkex_dc__v1,control,LINEAR_POWER_GAMMA0,0.3204682171344757,55,0.07381501793861389,55
FROZEN,S1A_IW_GRDH_1SDV_20190414T102503_20190414T102532_026785_03026A_rtc,2019-04-14T10:25:18.452854+00:00,2019-04-14,2019Q2,S1A,113,ascending,C2b_amc__v2,positive_control,LINEAR_POWER_GAMMA0,0.9000515341758728,260,0.22902582585811615,260
FROZEN,S1A_IW_GRDH_1SDV_20190414T102503_20190414T102532_026785_03026A_rtc,2019-04-14T10:25:18.452854+00:00,2019-04-14,2019Q2,S1A,113,ascending,P1_vacant__v1,placebo,LINEAR_POWER_GAMMA0,0.3259740173816681,93,0.06279584765434265,93
FROZEN,S1A_IW_GRDH_1SDV_20190414T102503_20190414T102532_026785_03026A_rtc,2019-04-14T10:25:18.452854+00:00,2019-04-14,2019Q2,S1A,113,ascending,X1_build_slab__v1,positive_control,LINEAR_POWER_GAMMA0,0.8273727297782898,67,0.1264275461435318,67
FROZEN,S1A_IW_GRDH_1SDV_20190414T102503_20190414T102532_026785_03026A_rtc,2019-04-14T10:25:18.452854+00:00,2019-04-14,2019Q2,S1A,113,ascending,X2_build_site__v1,positive_control,LINEAR_POWER_GAMMA0,1.9552202224731445,155,0.1953226923942566,155
FROZEN,S1A_IW_GRDH_1SDV_20190419T103316_20190419T103345_026858_0304FD_rtc,2019-04-19T10:33:31.438202+00:00,2019-04-19,2019Q2,S1A,11,ascending,T1_ntt_fdc__v1,treatment,LINEAR_POWER_GAMMA0,4.065639972686768,307,2.370756149291992,307
FROZEN,S1A_IW_GRDH_1SDV_20190419T103316_20190419T103345_026858_0304FD_rtc,2019-04-19T10:33:31.438202+00:00,2019-04-19,2019Q2,S1A,11,ascending,C1_hkex_dc__v1,control,LINEAR_POWER_GAMMA0,0.5050281286239624,55,0.13334031403064728,55
FROZEN,S1A_IW_GRDH_1SDV_20190419T103316_20190419T103345_026858_0304FD_rtc,2019-04-19T10:33:31.438202+00:00,2019-04-19,2019Q2,S1A,11,ascending,C2b_amc__v2,positive_control,LINEAR_POWER_GAMMA0,1.9737985134124756,260,0.21752826869487762,260
FROZEN,S1A_IW_GRDH_1SDV_20190419T103316_20190419T103345_026858_0304FD_rtc,2019-04-19T10:33:31.438202+00:00,2019-04-19,2019Q2,S1A,11,ascending,P1_vacant__v1,placebo,LINEAR_POWER_GAMMA0,0.42767533659935,93,0.09187298268079758,93
FROZEN,S1A_IW_GRDH_1SDV_20190419T103316_20190419T103345_026858_0304FD_rtc,2019-04-19T10:33:31.438202+00:00,2019-04-19,2019Q2,S1A,11,ascending,X1_build_slab__v1,positive_control,LINEAR_POWER_GAMMA0,0.7770814299583435,67,0.125425785779953,67
FROZEN,S1A_IW_GRDH_1SDV_20190419T103316_20190419T103345_026858_0304FD_rtc,2019-04-19T10:33:31.438202+00:00,2019-04-19,2019Q2,S1A,11,ascending,X2_build_site__v1,positive_control,LINEAR_POWER_GAMMA0,2.6685683727264404,155,0.16203154623508453,155
FROZEN,S1A_IW_GRDH_1SDV_20190426T102504_20190426T102533_026960_0308BB_rtc,2019-04-26T10:25:19.191324+00:00,2019-04-26,2019Q2,S1A,113,ascending,T1_ntt_fdc__v1,treatment,LINEAR_POWER_GAMMA0,1.6108211278915405,307,0.737265408039093,307
FROZEN,S1A_IW_GRDH_1SDV_20190426T102504_20190426T102533_026960_0308BB_rtc,2019-04-26T10:25:19.191324+00:00,2019-04-26,2019Q2,S1A,113,ascending,C1_hkex_dc__v1,control,LINEAR_POWER_GAMMA0,0.3496594727039337,55,0.07960081845521927,55
FROZEN,S1A_IW_GRDH_1SDV_20190426T102504_20190426T102533_026960_0308BB_rtc,2019-04-26T10:25:19.191324+00:00,2019-04-26,2019Q2,S1A,113,ascending,C2b_amc__v2,positive_control,LINEAR_POWER_GAMMA0,1.2232774496078491,260,0.159816712141037,260
FROZEN,S1A_IW_GRDH_1SDV_20190426T102504_20190426T102533_026960_0308BB_rtc,2019-04-26T10:25:19.191324+00:00,2019-04-26,2019Q2,S1A,113,ascending,P1_vacant__v1,placebo,LINEAR_POWER_GAMMA0,0.38343164324760437,93,0.06122956797480583,93
FROZEN,S1A_IW_GRDH_1SDV_20190426T102504_20190426T102533_026960_0308BB_rtc,2019-04-26T10:25:19.191324+00:00,2019-04-26,2019Q2,S1A,113,ascending,X1_build_slab__v1,positive_control,LINEAR_POWER_GAMMA0,0.5405400991439819,67,0.12279871851205826,67
FROZEN,S1A_IW_GRDH_1SDV_20190426T102504_20190426T102533_026960_0308BB_rtc,2019-04-26T10:25:19.191324+00:00,2019-04-26,2019Q2,S1A,113,ascending,X2_build_site__v1,positive_control,LINEAR_POWER_GAMMA0,1.4502619504928589,155,0.16868284344673157,155
FROZEN,S1A_IW_GRDH_1SDV_20190501T103317_20190501T103346_027033_030B5A_rtc,2019-05-01T10:33:32.071884+00:00,2019-05-01,2019Q2,S1A,11,ascending,T1_ntt_fdc__v1,treatment,LINEAR_POWER_GAMMA0,3.616398334503174,307,2.281951904296875,307
FROZEN,S1A_IW_GRDH_1SDV_20190501T103317_20190501T103346_027033_030B5A_rtc,2019-05-01T10:33:32.071884+00:00,2019-05-01,2019Q2,S1A,11,ascending,C1_hkex_dc__v1,control,LINEAR_POWER_GAMMA0,0.331279993057251,55,0.09978093951940536,55
FROZEN,S1A_IW_GRDH_1SDV_20190501T103317_20190501T103346_027033_030B5A_rtc,2019-05-01T10:33:32.071884+00:00,2019-05-01,2019Q2,S1A,11,ascending,C2b_amc__v2,positive_control,LINEAR_POWER_GAMMA0,0.8879954814910889,260,0.14310042560100555,260
FROZEN,S1A_IW_GRDH_1SDV_20190501T103317_20190501T103346_027033_030B5A_rtc,2019-05-01T10:33:32.071884+00:00,2019-05-01,2019Q2,S1A,11,ascending,P1_vacant__v1,placebo,LINEAR_POWER_GAMMA0,0.23649445176124573,93,0.07070227712392807,93
FROZEN,S1A_IW_GRDH_1SDV_20190501T103317_20190501T103346_027033_030B5A_rtc,2019-05-01T10:33:32.071884+00:00,2019-05-01,2019Q2,S1A,11,ascending,X1_build_slab__v1,positive_control,LINEAR_POWER_GAMMA0,0.8089799284934998,67,0.1121898740530014,67
FROZEN,S1A_IW_GRDH_1SDV_20190501T103317_20190501T103346_027033_030B5A_rtc,2019-05-01T10:33:32.071884+00:00,2019-05-01,2019Q2,S1A,11,ascending,X2_build_site__v1,positive_control,LINEAR_POWER_GAMMA0,0.6850818991661072,155,0.11394691467285156,155
FROZEN,S1A_IW_GRDH_1SDV_20190508T102504_20190508T102533_027135_030EFE_rtc,2019-05-08T10:25:19.278476+00:00,2019-05-08,2019Q2,S1A,113,ascending,T1_ntt_fdc__v1,treatment,LINEAR_POWER_GAMMA0,2.4230732917785645,307,0.98961341381073,307
FROZEN,S1A_IW_GRDH_1SDV_20190508T102504_20190508T102533_027135_030EFE_rtc,2019-05-08T10:25:19.278476+00:00,2019-05-08,2019Q2,S1A,113,ascending,C1_hkex_dc__v1,control,LINEAR_POWER_GAMMA0,0.3430514633655548,55,0.0980721041560173,55
FROZEN,S1A_IW_GRDH_1SDV_20190508T102504_20190508T102533_027135_030EFE_rtc,2019-05-08T10:25:19.278476+00:00,2019-05-08,2019Q2,S1A,113,ascending,C2b_amc__v2,positive_control,LINEAR_POWER_GAMMA0,1.5670936107635498,260,0.17794068157672882,260
FROZEN,S1A_IW_GRDH_1SDV_20190508T102504_20190508T102533_027135_030EFE_rtc,2019-05-08T10:25:19.278476+00:00,2019-05-08,2019Q2,S1A,113,ascending,P1_vacant__v1,placebo,LINEAR_POWER_GAMMA0,0.4252532720565796,93,0.07559982687234879,93
FROZEN,S1A_IW_GRDH_1SDV_20190508T102504_20190508T102533_027135_030EFE_rtc,2019-05-08T10:25:19.278476+00:00,2019-05-08,2019Q2,S1A,113,ascending,X1_build_slab__v1,positive_control,LINEAR_POWER_GAMMA0,0.529895007610321,67,0.11513019353151321,67
FROZEN,S1A_IW_GRDH_1SDV_20190508T102504_20190508T102533_027135_030EFE_rtc,2019-05-08T10:25:19.278476+00:00,2019-05-08,2019Q2,S1A,113,ascending,X2_build_site__v1,positive_control,LINEAR_POWER_GAMMA0,0.9912722706794739,155,0.18004481494426727,155
FROZEN,S1A_IW_GRDH_1SDV_20190513T103317_20190513T103346_027208_031138_rtc,2019-05-13T10:33:32.438200+00:00,2019-05-13,2019Q2,S1A,11,ascending,T1_ntt_fdc__v1,treatment,LINEAR_POWER_GAMMA0,3.802586555480957,307,2.1615304946899414,307
FROZEN,S1A_IW_GRDH_1SDV_20190513T103317_20190513T103346_027208_031138_rtc,2019-05-13T10:33:32.438200+00:00,2019-05-13,2019Q2,S1A,11,ascending,C1_hkex_dc__v1,control,LINEAR_POWER_GAMMA0,0.31130924820899963,55,0.11461759358644485,55
FROZEN,S1A_IW_GRDH_1SDV_20190513T103317_20190513T103346_027208_031138_rtc,2019-05-13T10:33:32.438200+00:00,2019-05-13,2019Q2,S1A,11,ascending,C2b_amc__v2,positive_control,LINEAR_POWER_GAMMA0,0.8582198023796082,260,0.15270084142684937,260
FROZEN,S1A_IW_GRDH_1SDV_20190513T103317_20190513T103346_027208_031138_rtc,2019-05-13T10:33:32.438200+00:00,2019-05-13,2019Q2,S1A,11,ascending,P1_vacant__v1,placebo,LINEAR_POWER_GAMMA0,0.27483856678009033,93,0.08573206514120102,93
FROZEN,S1A_IW_GRDH_1SDV_20190513T103317_20190513T103346_027208_031138_rtc,2019-05-13T10:33:32.438200+00:00,2019-05-13,2019Q2,S1A,11,ascending,X1_build_slab__v1,positive_control,LINEAR_POWER_GAMMA0,0.46591606736183167,67,0.11192354559898376,67
FROZEN,S1A_IW_GRDH_1SDV_20190513T103317_20190513T103346_027208_031138_rtc,2019-05-13T10:33:32.438200+00:00,2019-05-13,2019Q2,S1A,11,ascending,X2_build_site__v1,positive_control,LINEAR_POWER_GAMMA0,0.6565311551094055,155,0.10797169804573059,155
FROZEN,S1A_IW_GRDH_1SDV_20190520T102505_20190520T102534_027310_031476_rtc,2019-05-20T10:25:20.143902+00:00,2019-05-20,2019Q2,S1A,113,ascending,T1_ntt_fdc__v1,treatment,LINEAR_POWER_GAMMA0,1.7275824546813965,307,0.7486792206764221,307
FROZEN,S1A_IW_GRDH_1SDV_20190520T102505_20190520T102534_027310_031476_rtc,2019-05-20T10:25:20.143902+00:00,2019-05-20,2019Q2,S1A,113,ascending,C1_hkex_dc__v1,control,LINEAR_POWER_GAMMA0,0.3150227665901184,55,0.08104737848043442,55
FROZEN,S1A_IW_GRDH_1SDV_20190520T102505_20190520T102534_027310_031476_rtc,2019-05-20T10:25:20.143902+00:00,2019-05-20,2019Q2,S1A,113,ascending,C2b_amc__v2,positive_control,LINEAR_POWER_GAMMA0,1.325060248374939,260,0.1741185337305069,260
FROZEN,S1A_IW_GRDH_1SDV_20190520T102505_20190520T102534_027310_031476_rtc,2019-05-20T10:25:20.143902+00:00,2019-05-20,2019Q2,S1A,113,ascending,P1_vacant__v1,placebo,LINEAR_POWER_GAMMA0,0.28415289521217346,93,0.05968400835990906,93
FROZEN,S1A_IW_GRDH_1SDV_20190520T102505_20190520T102534_027310_031476_rtc,2019-05-20T10:25:20.143902+00:00,2019-05-20,2019Q2,S1A,113,ascending,X1_build_slab__v1,positive_control,LINEAR_POWER_GAMMA0,0.5208483934402466,67,0.07780740410089493,67
FROZEN,S1A_IW_GRDH_1SDV_20190520T102505_20190520T102534_027310_031476_rtc,2019-05-20T10:25:20.143902+00:00,2019-05-20,2019Q2,S1A,113,ascending,X2_build_site__v1,positive_control,LINEAR_POWER_GAMMA0,1.2280257940292358,155,0.1483696848154068,155
FROZEN,S1A_IW_GRDH_1SDV_20190601T102506_20190601T102535_027485_0319E8_rtc,2019-06-01T10:25:20.671602+00:00,2019-06-01,2019Q2,S1A,113,ascending,T1_ntt_fdc__v1,treatment,LINEAR_POWER_GAMMA0,1.4868557453155518,307,0.7198184132575989,307
FROZEN,S1A_IW_GRDH_1SDV_20190601T102506_20190601T102535_027485_0319E8_rtc,2019-06-01T10:25:20.671602+00:00,2019-06-01,2019Q2,S1A,113,ascending,C1_hkex_dc__v1,control,LINEAR_POWER_GAMMA0,0.32524579763412476,55,0.06662896275520325,55
FROZEN,S1A_IW_GRDH_1SDV_20190601T102506_20190601T102535_027485_0319E8_rtc,2019-06-01T10:25:20.671602+00:00,2019-06-01,2019Q2,S1A,113,ascending,C2b_amc__v2,positive_control,LINEAR_POWER_GAMMA0,1.1993321180343628,260,0.17303606867790222,260
FROZEN,S1A_IW_GRDH_1SDV_20190601T102506_20190601T102535_027485_0319E8_rtc,2019-06-01T10:25:20.671602+00:00,2019-06-01,2019Q2,S1A,113,ascending,P1_vacant__v1,placebo,LINEAR_POWER_GAMMA0,0.31437358260154724,93,0.05019519105553627,93
FROZEN,S1A_IW_GRDH_1SDV_20190601T102506_20190601T102535_027485_0319E8_rtc,2019-06-01T10:25:20.671602+00:00,2019-06-01,2019Q2,S1A,113,ascending,X1_build_slab__v1,positive_control,LINEAR_POWER_GAMMA0,0.44016677141189575,67,0.0859442800283432,67
FROZEN,S1A_IW_GRDH_1SDV_20190601T102506_20190601T102535_027485_0319E8_rtc,2019-06-01T10:25:20.671602+00:00,2019-06-01,2019Q2,S1A,113,ascending,X2_build_site__v1,positive_control,LINEAR_POWER_GAMMA0,1.1423078775405884,155,0.16171465814113617,155
FROZEN,S1A_IW_GRDH_1SDV_20190606T103319_20190606T103348_027558_031C18_rtc,2019-06-06T10:33:33.647823+00:00,2019-06-06,2019Q2,S1A,11,ascending,T1_ntt_fdc__v1,treatment,LINEAR_POWER_GAMMA0,4.198817729949951,307,2.0433542728424072,307
FROZEN,S1A_IW_GRDH_1SDV_20190606T103319_20190606T103348_027558_031C18_rtc,2019-06-06T10:33:33.647823+00:00,2019-06-06,2019Q2,S1A,11,ascending,C1_hkex_dc__v1,control,LINEAR_POWER_GAMMA0,0.31237342953681946,55,0.10691369324922562,55
FROZEN,S1A_IW_GRDH_1SDV_20190606T103319_20190606T103348_027558_031C18_rtc,2019-06-06T10:33:33.647823+00:00,2019-06-06,2019Q2,S1A,11,ascending,C2b_amc__v2,positive_control,LINEAR_POWER_GAMMA0,1.1755481958389282,260,0.18000288307666779,260
FROZEN,S1A_IW_GRDH_1SDV_20190606T103319_20190606T103348_027558_031C18_rtc,2019-06-06T10:33:33.647823+00:00,2019-06-06,2019Q2,S1A,11,ascending,P1_vacant__v1,placebo,LINEAR_POWER_GAMMA0,0.3073859214782715,93,0.08037687093019485,93
FROZEN,S1A_IW_GRDH_1SDV_20190606T103319_20190606T103348_027558_031C18_rtc,2019-06-06T10:33:33.647823+00:00,2019-06-06,2019Q2,S1A,11,ascending,X1_build_slab__v1,positive_control,LINEAR_POWER_GAMMA0,0.43819892406463623,67,0.06649880111217499,67
FROZEN,S1A_IW_GRDH_1SDV_20190606T103319_20190606T103348_027558_031C18_rtc,2019-06-06T10:33:33.647823+00:00,2019-06-06,2019Q2,S1A,11,ascending,X2_build_site__v1,positive_control,LINEAR_POWER_GAMMA0,0.6518378257751465,155,0.09680704772472382,155
FROZEN,S1A_IW_GRDH_1SDV_20190613T102506_20190613T102535_027660_031F3A_rtc,2019-06-13T10:25:21.086931+00:00,2019-06-13,2019Q2,S1A,113,ascending,T1_ntt_fdc__v1,treatment,LINEAR_POWER_GAMMA0,1.9664000272750854,307,0.9011917114257812,307
FROZEN,S1A_IW_GRDH_1SDV_20190613T102506_20190613T102535_027660_031F3A_rtc,2019-06-13T10:25:21.086931+00:00,2019-06-13,2019Q2,S1A,113,ascending,C1_hkex_dc__v1,control,LINEAR_POWER_GAMMA0,0.3705649971961975,55,0.08316022157669067,55
FROZEN,S1A_IW_GRDH_1SDV_20190613T102506_20190613T102535_027660_031F3A_rtc,2019-06-13T10:25:21.086931+00:00,2019-06-13,2019Q2,S1A,113,ascending,C2b_amc__v2,positive_control,LINEAR_POWER_GAMMA0,1.6023690700531006,260,0.20382899045944214,260
FROZEN,S1A_IW_GRDH_1SDV_20190613T102506_20190613T102535_027660_031F3A_rtc,2019-06-13T10:25:21.086931+00:00,2019-06-13,2019Q2,S1A,113,ascending,P1_vacant__v1,placebo,LINEAR_POWER_GAMMA0,0.4822272062301636,93,0.09113651514053345,93
FROZEN,S1A_IW_GRDH_1SDV_20190613T102506_20190613T102535_027660_031F3A_rtc,2019-06-13T10:25:21.086931+00:00,2019-06-13,2019Q2,S1A,113,ascending,X1_build_slab__v1,positive_control,LINEAR_POWER_GAMMA0,0.542858362197876,67,0.1147918775677681,67
FROZEN,S1A_IW_GRDH_1SDV_20190613T102506_20190613T102535_027660_031F3A_rtc,2019-06-13T10:25:21.086931+00:00,2019-06-13,2019Q2,S1A,113,ascending,X2_build_site__v1,positive_control,LINEAR_POWER_GAMMA0,1.3919919729232788,155,0.1612604260444641,155
FROZEN,S1A_IW_GRDH_1SDV_20190618T103319_20190618T103348_027733_03215E_rtc,2019-06-18T10:33:34.295102+00:00,2019-06-18,2019Q2,S1A,11,ascending,T1_ntt_fdc__v1,treatment,LINEAR_POWER_GAMMA0,4.334817886352539,307,2.0192885398864746,307
FROZEN,S1A_IW_GRDH_1SDV_20190618T103319_20190618T103348_027733_03215E_rtc,2019-06-18T10:33:34.295102+00:00,2019-06-18,2019Q2,S1A,11,ascending,C1_hkex_dc__v1,control,LINEAR_POWER_GAMMA0,0.3319884240627289,55,0.10160593688488007,55
FROZEN,S1A_IW_GRDH_1SDV_20190618T103319_20190618T103348_027733_03215E_rtc,2019-06-18T10:33:34.295102+00:00,2019-06-18,2019Q2,S1A,11,ascending,C2b_amc__v2,positive_control,LINEAR_POWER_GAMMA0,1.2267554998397827,260,0.21642184257507324,260
FROZEN,S1A_IW_GRDH_1SDV_20190618T103319_20190618T103348_027733_03215E_rtc,2019-06-18T10:33:34.295102+00:00,2019-06-18,2019Q2,S1A,11,ascending,P1_vacant__v1,placebo,LINEAR_POWER_GAMMA0,0.3624488115310669,93,0.07344971597194672,93
FROZEN,S1A_IW_GRDH_1SDV_20190618T103319_20190618T103348_027733_03215E_rtc,2019-06-18T10:33:34.295102+00:00,2019-06-18,2019Q2,S1A,11,ascending,X1_build_slab__v1,positive_control,LINEAR_POWER_GAMMA0,0.5797373652458191,67,0.08537539839744568,67
FROZEN,S1A_IW_GRDH_1SDV_20190618T103319_20190618T103348_027733_03215E_rtc,2019-06-18T10:33:34.295102+00:00,2019-06-18,2019Q2,S1A,11,ascending,X2_build_site__v1,positive_control,LINEAR_POWER_GAMMA0,0.8083553910255432,155,0.11832526326179504,155
FROZEN,S1A_IW_GRDH_1SDV_20190625T102507_20190625T102536_027835_032471_rtc,2019-06-25T10:25:22.001843+00:00,2019-06-25,2019Q2,S1A,113,ascending,T1_ntt_fdc__v1,treatment,LINEAR_POWER_GAMMA0,2.0849602222442627,307,0.8339676856994629,307
FROZEN,S1A_IW_GRDH_1SDV_20190625T102507_20190625T102536_027835_032471_rtc,2019-06-25T10:25:22.001843+00:00,2019-06-25,2019Q2,S1A,113,ascending,C1_hkex_dc__v1,control,LINEAR_POWER_GAMMA0,0.3182392120361328,55,0.08515772968530655,55
FROZEN,S1A_IW_GRDH_1SDV_20190625T102507_20190625T102536_027835_032471_rtc,2019-06-25T10:25:22.001843+00:00,2019-06-25,2019Q2,S1A,113,ascending,C2b_amc__v2,positive_control,LINEAR_POWER_GAMMA0,1.303733229637146,260,0.22427357733249664,260
FROZEN,S1A_IW_GRDH_1SDV_20190625T102507_20190625T102536_027835_032471_rtc,2019-06-25T10:25:22.001843+00:00,2019-06-25,2019Q2,S1A,113,ascending,P1_vacant__v1,placebo,LINEAR_POWER_GAMMA0,0.3660472631454468,93,0.09238678961992264,93
FROZEN,S1A_IW_GRDH_1SDV_20190625T102507_20190625T102536_027835_032471_rtc,2019-06-25T10:25:22.001843+00:00,2019-06-25,2019Q2,S1A,113,ascending,X1_build_slab__v1,positive_control,LINEAR_POWER_GAMMA0,0.5863592624664307,67,0.10291124880313873,67
FROZEN,S1A_IW_GRDH_1SDV_20190625T102507_20190625T102536_027835_032471_rtc,2019-06-25T10:25:22.001843+00:00,2019-06-25,2019Q2,S1A,113,ascending,X2_build_site__v1,positive_control,LINEAR_POWER_GAMMA0,0.9547768831253052,155,0.15742306411266327,155
FROZEN,S1A_IW_GRDH_1SDV_20190630T103320_20190630T103349_027908_032698_rtc,2019-06-30T10:33:35.107702+00:00,2019-06-30,2019Q2,S1A,11,ascending,T1_ntt_fdc__v1,treatment,LINEAR_POWER_GAMMA0,3.8987810611724854,307,2.0938665866851807,307
FROZEN,S1A_IW_GRDH_1SDV_20190630T103320_20190630T103349_027908_032698_rtc,2019-06-30T10:33:35.107702+00:00,2019-06-30,2019Q2,S1A,11,ascending,C1_hkex_dc__v1,control,LINEAR_POWER_GAMMA0,0.3033141493797302,55,0.0979926660656929,55
FROZEN,S1A_IW_GRDH_1SDV_20190630T103320_20190630T103349_027908_032698_rtc,2019-06-30T10:33:35.107702+00:00,2019-06-30,2019Q2,S1A,11,ascending,C2b_amc__v2,positive_control,LINEAR_POWER_GAMMA0,1.6476118564605713,260,0.15994621813297272,260
FROZEN,S1A_IW_GRDH_1SDV_20190630T103320_20190630T103349_027908_032698_rtc,2019-06-30T10:33:35.107702+00:00,2019-06-30,2019Q2,S1A,11,ascending,P1_vacant__v1,placebo,LINEAR_POWER_GAMMA0,0.3577369451522827,93,0.07164915651082993,93
FROZEN,S1A_IW_GRDH_1SDV_20190630T103320_20190630T103349_027908_032698_rtc,2019-06-30T10:33:35.107702+00:00,2019-06-30,2019Q2,S1A,11,ascending,X1_build_slab__v1,positive_control,LINEAR_POWER_GAMMA0,0.32877427339553833,67,0.09997931867837906,67
FROZEN,S1A_IW_GRDH_1SDV_20190630T103320_20190630T103349_027908_032698_rtc,2019-06-30T10:33:35.107702+00:00,2019-06-30,2019Q2,S1A,11,ascending,X2_build_site__v1,positive_control,LINEAR_POWER_GAMMA0,0.6893619298934937,155,0.1187780424952507,155
FROZEN,S1A_IW_GRDH_1SDV_20190707T102508_20190707T102537_028010_0329C3_rtc,2019-07-07T10:25:22.764548+00:00,2019-07-07,2019Q3,S1A,113,ascending,T1_ntt_fdc__v1,treatment,LINEAR_POWER_GAMMA0,1.5005013942718506,307,0.6792115569114685,307
FROZEN,S1A_IW_GRDH_1SDV_20190707T102508_20190707T102537_028010_0329C3_rtc,2019-07-07T10:25:22.764548+00:00,2019-07-07,2019Q3,S1A,113,ascending,C1_hkex_dc__v1,control,LINEAR_POWER_GAMMA0,0.2622041404247284,55,0.05880042910575867,55
FROZEN,S1A_IW_GRDH_1SDV_20190707T102508_20190707T102537_028010_0329C3_rtc,2019-07-07T10:25:22.764548+00:00,2019-07-07,2019Q3,S1A,113,ascending,C2b_amc__v2,positive_control,LINEAR_POWER_GAMMA0,1.4780139923095703,260,0.16372665762901306,260
FROZEN,S1A_IW_GRDH_1SDV_20190707T102508_20190707T102537_028010_0329C3_rtc,2019-07-07T10:25:22.764548+00:00,2019-07-07,2019Q3,S1A,113,ascending,P1_vacant__v1,placebo,LINEAR_POWER_GAMMA0,0.24614448845386505,93,0.044532161206007004,93
FROZEN,S1A_IW_GRDH_1SDV_20190707T102508_20190707T102537_028010_0329C3_rtc,2019-07-07T10:25:22.764548+00:00,2019-07-07,2019Q3,S1A,113,ascending,X1_build_slab__v1,positive_control,LINEAR_POWER_GAMMA0,0.6867078542709351,67,0.12299426645040512,67
FROZEN,S1A_IW_GRDH_1SDV_20190707T102508_20190707T102537_028010_0329C3_rtc,2019-07-07T10:25:22.764548+00:00,2019-07-07,2019Q3,S1A,113,ascending,X2_build_site__v1,positive_control,LINEAR_POWER_GAMMA0,0.9518000483512878,155,0.18046581745147705,155
FROZEN,S1A_IW_GRDH_1SDV_20190712T103321_20190712T103350_028083_032BE5_rtc,2019-07-12T10:33:35.784012+00:00,2019-07-12,2019Q3,S1A,11,ascending,T1_ntt_fdc__v1,treatment,LINEAR_POWER_GAMMA0,4.131734371185303,307,1.996353030204773,307
FROZEN,S1A_IW_GRDH_1SDV_20190712T103321_20190712T103350_028083_032BE5_rtc,2019-07-12T10:33:35.784012+00:00,2019-07-12,2019Q3,S1A,11,ascending,C1_hkex_dc__v1,control,LINEAR_POWER_GAMMA0,0.3227187991142273,55,0.10783375054597855,55
FROZEN,S1A_IW_GRDH_1SDV_20190712T103321_20190712T103350_028083_032BE5_rtc,2019-07-12T10:33:35.784012+00:00,2019-07-12,2019Q3,S1A,11,ascending,C2b_amc__v2,positive_control,LINEAR_POWER_GAMMA0,1.8096028566360474,260,0.17843204736709595,260
FROZEN,S1A_IW_GRDH_1SDV_20190712T103321_20190712T103350_028083_032BE5_rtc,2019-07-12T10:33:35.784012+00:00,2019-07-12,2019Q3,S1A,11,ascending,P1_vacant__v1,placebo,LINEAR_POWER_GAMMA0,0.3758687674999237,93,0.09280673414468765,93
FROZEN,S1A_IW_GRDH_1SDV_20190712T103321_20190712T103350_028083_032BE5_rtc,2019-07-12T10:33:35.784012+00:00,2019-07-12,2019Q3,S1A,11,ascending,X1_build_slab__v1,positive_control,LINEAR_POWER_GAMMA0,0.2924152612686157,67,0.0828782320022583,67
FROZEN,S1A_IW_GRDH_1SDV_20190712T103321_20190712T103350_028083_032BE5_rtc,2019-07-12T10:33:35.784012+00:00,2019-07-12,2019Q3,S1A,11,ascending,X2_build_site__v1,positive_control,LINEAR_POWER_GAMMA0,0.5037782192230225,155,0.1032477468252182,155
FROZEN,S1A_IW_GRDH_1SDV_20190719T102509_20190719T102538_028185_032F09_rtc,2019-07-19T10:25:23.610297+00:00,2019-07-19,2019Q3,S1A,113,ascending,T1_ntt_fdc__v1,treatment,LINEAR_POWER_GAMMA0,1.593091607093811,307,0.7909188270568848,307
FROZEN,S1A_IW_GRDH_1SDV_20190719T102509_20190719T102538_028185_032F09_rtc,2019-07-19T10:25:23.610297+00:00,2019-07-19,2019Q3,S1A,113,ascending,C1_hkex_dc__v1,control,LINEAR_POWER_GAMMA0,0.3933570384979248,55,0.08502662926912308,55
FROZEN,S1A_IW_GRDH_1SDV_20190719T102509_20190719T102538_028185_032F09_rtc,2019-07-19T10:25:23.610297+00:00,2019-07-19,2019Q3,S1A,113,ascending,C2b_amc__v2,positive_control,LINEAR_POWER_GAMMA0,1.4996953010559082,260,0.1836129128932953,260
FROZEN,S1A_IW_GRDH_1SDV_20190719T102509_20190719T102538_028185_032F09_rtc,2019-07-19T10:25:23.610297+00:00,2019-07-19,2019Q3,S1A,113,ascending,P1_vacant__v1,placebo,LINEAR_POWER_GAMMA0,0.5779984593391418,93,0.05521278455853462,93
FROZEN,S1A_IW_GRDH_1SDV_20190719T102509_20190719T102538_028185_032F09_rtc,2019-07-19T10:25:23.610297+00:00,2019-07-19,2019Q3,S1A,113,ascending,X1_build_slab__v1,positive_control,LINEAR_POWER_GAMMA0,0.8319002985954285,67,0.15884974598884583,67
FROZEN,S1A_IW_GRDH_1SDV_20190719T102509_20190719T102538_028185_032F09_rtc,2019-07-19T10:25:23.610297+00:00,2019-07-19,2019Q3,S1A,113,ascending,X2_build_site__v1,positive_control,LINEAR_POWER_GAMMA0,1.2514351606369019,155,0.16984088718891144,155
FROZEN,S1A_IW_GRDH_1SDV_20190724T103322_20190724T103351_028258_03312E_rtc,2019-07-24T10:33:36.607466+00:00,2019-07-24,2019Q3,S1A,11,ascending,T1_ntt_fdc__v1,treatment,LINEAR_POWER_GAMMA0,3.712686538696289,307,2.195927143096924,307
FROZEN,S1A_IW_GRDH_1SDV_20190724T103322_20190724T103351_028258_03312E_rtc,2019-07-24T10:33:36.607466+00:00,2019-07-24,2019Q3,S1A,11,ascending,C1_hkex_dc__v1,control,LINEAR_POWER_GAMMA0,0.34502387046813965,55,0.11574967950582504,55
FROZEN,S1A_IW_GRDH_1SDV_20190724T103322_20190724T103351_028258_03312E_rtc,2019-07-24T10:33:36.607466+00:00,2019-07-24,2019Q3,S1A,11,ascending,C2b_amc__v2,positive_control,LINEAR_POWER_GAMMA0,1.6949998140335083,260,0.18729132413864136,260
FROZEN,S1A_IW_GRDH_1SDV_20190724T103322_20190724T103351_028258_03312E_rtc,2019-07-24T10:33:36.607466+00:00,2019-07-24,2019Q3,S1A,11,ascending,P1_vacant__v1,placebo,LINEAR_POWER_GAMMA0,0.24919939041137695,93,0.09020604193210602,93
FROZEN,S1A_IW_GRDH_1SDV_20190724T103322_20190724T103351_028258_03312E_rtc,2019-07-24T10:33:36.607466+00:00,2019-07-24,2019Q3,S1A,11,ascending,X1_build_slab__v1,positive_control,LINEAR_POWER_GAMMA0,0.2523250877857208,67,0.08898524194955826,67
FROZEN,S1A_IW_GRDH_1SDV_20190724T103322_20190724T103351_028258_03312E_rtc,2019-07-24T10:33:36.607466+00:00,2019-07-24,2019Q3,S1A,11,ascending,X2_build_site__v1,positive_control,LINEAR_POWER_GAMMA0,0.44391852617263794,155,0.10202735662460327,155
FROZEN,S1A_IW_GRDH_1SDV_20190731T102509_20190731T102538_028360_033463_rtc,2019-07-31T10:25:24.240325+00:00,2019-07-31,2019Q3,S1A,113,ascending,T1_ntt_fdc__v1,treatment,LINEAR_POWER_GAMMA0,2.9097115993499756,307,0.9812456965446472,307
FROZEN,S1A_IW_GRDH_1SDV_20190731T102509_20190731T102538_028360_033463_rtc,2019-07-31T10:25:24.240325+00:00,2019-07-31,2019Q3,S1A,113,ascending,C1_hkex_dc__v1,control,LINEAR_POWER_GAMMA0,0.36322247982025146,55,0.09952204674482346,55
FROZEN,S1A_IW_GRDH_1SDV_20190731T102509_20190731T102538_028360_033463_rtc,2019-07-31T10:25:24.240325+00:00,2019-07-31,2019Q3,S1A,113,ascending,C2b_amc__v2,positive_control,LINEAR_POWER_GAMMA0,1.8237406015396118,260,0.18763016164302826,260
FROZEN,S1A_IW_GRDH_1SDV_20190731T102509_20190731T102538_028360_033463_rtc,2019-07-31T10:25:24.240325+00:00,2019-07-31,2019Q3,S1A,113,ascending,P1_vacant__v1,placebo,LINEAR_POWER_GAMMA0,0.48460984230041504,93,0.08015874028205872,93
FROZEN,S1A_IW_GRDH_1SDV_20190731T102509_20190731T102538_028360_033463_rtc,2019-07-31T10:25:24.240325+00:00,2019-07-31,2019Q3,S1A,113,ascending,X1_build_slab__v1,positive_control,LINEAR_POWER_GAMMA0,0.31409263610839844,67,0.09906778484582901,67
FROZEN,S1A_IW_GRDH_1SDV_20190731T102509_20190731T102538_028360_033463_rtc,2019-07-31T10:25:24.240325+00:00,2019-07-31,2019Q3,S1A,113,ascending,X2_build_site__v1,positive_control,LINEAR_POWER_GAMMA0,0.9299598932266235,155,0.14707434177398682,155
FROZEN,S1A_IW_GRDH_1SDV_20190805T103322_20190805T103351_028433_033688_rtc,2019-08-05T10:33:37.449233+00:00,2019-08-05,2019Q3,S1A,11,ascending,T1_ntt_fdc__v1,treatment,LINEAR_POWER_GAMMA0,3.783041000366211,307,2.1603195667266846,307
FROZEN,S1A_IW_GRDH_1SDV_20190805T103322_20190805T103351_028433_033688_rtc,2019-08-05T10:33:37.449233+00:00,2019-08-05,2019Q3,S1A,11,ascending,C1_hkex_dc__v1,control,LINEAR_POWER_GAMMA0,0.30011191964149475,55,0.10047648102045059,55
FROZEN,S1A_IW_GRDH_1SDV_20190805T103322_20190805T103351_028433_033688_rtc,2019-08-05T10:33:37.449233+00:00,2019-08-05,2019Q3,S1A,11,ascending,C2b_amc__v2,positive_control,LINEAR_POWER_GAMMA0,2.8967676162719727,260,0.19591213762760162,260
FROZEN,S1A_IW_GRDH_1SDV_20190805T103322_20190805T103351_028433_033688_rtc,2019-08-05T10:33:37.449233+00:00,2019-08-05,2019Q3,S1A,11,ascending,P1_vacant__v1,placebo,LINEAR_POWER_GAMMA0,0.34125515818595886,93,0.09354659914970398,93
FROZEN,S1A_IW_GRDH_1SDV_20190805T103322_20190805T103351_028433_033688_rtc,2019-08-05T10:33:37.449233+00:00,2019-08-05,2019Q3,S1A,11,ascending,X1_build_slab__v1,positive_control,LINEAR_POWER_GAMMA0,0.33279356360435486,67,0.07355106621980667,67
FROZEN,S1A_IW_GRDH_1SDV_20190805T103322_20190805T103351_028433_033688_rtc,2019-08-05T10:33:37.449233+00:00,2019-08-05,2019Q3,S1A,11,ascending,X2_build_site__v1,positive_control,LINEAR_POWER_GAMMA0,0.5132454037666321,155,0.11983583867549896,155
FROZEN,S1A_IW_GRDH_1SDV_20190812T102510_20190812T102539_028535_0339FC_rtc,2019-08-12T10:25:25.274629+00:00,2019-08-12,2019Q3,S1A,113,ascending,T1_ntt_fdc__v1,treatment,LINEAR_POWER_GAMMA0,1.3587347269058228,307,0.6622196435928345,307
FROZEN,S1A_IW_GRDH_1SDV_20190812T102510_20190812T102539_028535_0339FC_rtc,2019-08-12T10:25:25.274629+00:00,2019-08-12,2019Q3,S1A,113,ascending,C1_hkex_dc__v1,control,LINEAR_POWER_GAMMA0,0.3172442615032196,55,0.07231107354164124,55
FROZEN,S1A_IW_GRDH_1SDV_20190812T102510_20190812T102539_028535_0339FC_rtc,2019-08-12T10:25:25.274629+00:00,2019-08-12,2019Q3,S1A,113,ascending,C2b_amc__v2,positive_control,LINEAR_POWER_GAMMA0,1.2348041534423828,260,0.16378100216388702,260
FROZEN,S1A_IW_GRDH_1SDV_20190812T102510_20190812T102539_028535_0339FC_rtc,2019-08-12T10:25:25.274629+00:00,2019-08-12,2019Q3,S1A,113,ascending,P1_vacant__v1,placebo,LINEAR_POWER_GAMMA0,0.2999269962310791,93,0.05799008905887604,93
FROZEN,S1A_IW_GRDH_1SDV_20190812T102510_20190812T102539_028535_0339FC_rtc,2019-08-12T10:25:25.274629+00:00,2019-08-12,2019Q3,S1A,113,ascending,X1_build_slab__v1,positive_control,LINEAR_POWER_GAMMA0,0.33259034156799316,67,0.07846654206514359,67
FROZEN,S1A_IW_GRDH_1SDV_20190812T102510_20190812T102539_028535_0339FC_rtc,2019-08-12T10:25:25.274629+00:00,2019-08-12,2019Q3,S1A,113,ascending,X2_build_site__v1,positive_control,LINEAR_POWER_GAMMA0,1.0719139575958252,155,0.12919606268405914,155
FROZEN,S1A_IW_GRDH_1SDV_20190817T103323_20190817T103352_028608_033C71_rtc,2019-08-17T10:33:38.261100+00:00,2019-08-17,2019Q3,S1A,11,ascending,T1_ntt_fdc__v1,treatment,LINEAR_POWER_GAMMA0,4.197698593139648,307,2.154592275619507,307
FROZEN,S1A_IW_GRDH_1SDV_20190817T103323_20190817T103352_028608_033C71_rtc,2019-08-17T10:33:38.261100+00:00,2019-08-17,2019Q3,S1A,11,ascending,C1_hkex_dc__v1,control,LINEAR_POWER_GAMMA0,0.39553993940353394,55,0.11017164587974548,55
FROZEN,S1A_IW_GRDH_1SDV_20190817T103323_20190817T103352_028608_033C71_rtc,2019-08-17T10:33:38.261100+00:00,2019-08-17,2019Q3,S1A,11,ascending,C2b_amc__v2,positive_control,LINEAR_POWER_GAMMA0,3.454021692276001,260,0.2537502348423004,260
FROZEN,S1A_IW_GRDH_1SDV_20190817T103323_20190817T103352_028608_033C71_rtc,2019-08-17T10:33:38.261100+00:00,2019-08-17,2019Q3,S1A,11,ascending,P1_vacant__v1,placebo,LINEAR_POWER_GAMMA0,0.41613641381263733,93,0.09904992580413818,93
FROZEN,S1A_IW_GRDH_1SDV_20190817T103323_20190817T103352_028608_033C71_rtc,2019-08-17T10:33:38.261100+00:00,2019-08-17,2019Q3,S1A,11,ascending,X1_build_slab__v1,positive_control,LINEAR_POWER_GAMMA0,1.348980188369751,67,0.0825638622045517,67
FROZEN,S1A_IW_GRDH_1SDV_20190817T103323_20190817T103352_028608_033C71_rtc,2019-08-17T10:33:38.261100+00:00,2019-08-17,2019Q3,S1A,11,ascending,X2_build_site__v1,positive_control,LINEAR_POWER_GAMMA0,1.3479710817337036,155,0.09836489707231522,155
FROZEN,S1A_IW_GRDH_1SDV_20190824T102511_20190824T102540_028710_034005_rtc,2019-08-24T10:25:25.830209+00:00,2019-08-24,2019Q3,S1A,113,ascending,T1_ntt_fdc__v1,treatment,LINEAR_POWER_GAMMA0,1.531182050704956,307,0.6617400646209717,307
FROZEN,S1A_IW_GRDH_1SDV_20190824T102511_20190824T102540_028710_034005_rtc,2019-08-24T10:25:25.830209+00:00,2019-08-24,2019Q3,S1A,113,ascending,C1_hkex_dc__v1,control,LINEAR_POWER_GAMMA0,0.3050737679004669,55,0.06073606386780739,55
FROZEN,S1A_IW_GRDH_1SDV_20190824T102511_20190824T102540_028710_034005_rtc,2019-08-24T10:25:25.830209+00:00,2019-08-24,2019Q3,S1A,113,ascending,C2b_amc__v2,positive_control,LINEAR_POWER_GAMMA0,0.8602639436721802,260,0.1791776865720749,260
FROZEN,S1A_IW_GRDH_1SDV_20190824T102511_20190824T102540_028710_034005_rtc,2019-08-24T10:25:25.830209+00:00,2019-08-24,2019Q3,S1A,113,ascending,P1_vacant__v1,placebo,LINEAR_POWER_GAMMA0,0.31853073835372925,93,0.06049654632806778,93
FROZEN,S1A_IW_GRDH_1SDV_20190824T102511_20190824T102540_028710_034005_rtc,2019-08-24T10:25:25.830209+00:00,2019-08-24,2019Q3,S1A,113,ascending,X1_build_slab__v1,positive_control,LINEAR_POWER_GAMMA0,1.2917908430099487,67,0.1007106602191925,67
FROZEN,S1A_IW_GRDH_1SDV_20190824T102511_20190824T102540_028710_034005_rtc,2019-08-24T10:25:25.830209+00:00,2019-08-24,2019Q3,S1A,113,ascending,X2_build_site__v1,positive_control,LINEAR_POWER_GAMMA0,1.7899835109710693,155,0.13481344282627106,155
FROZEN,S1A_IW_GRDH_1SDV_20190829T103324_20190829T103353_028783_034295_rtc,2019-08-29T10:33:38.698726+00:00,2019-08-29,2019Q3,S1A,11,ascending,T1_ntt_fdc__v1,treatment,LINEAR_POWER_GAMMA0,4.218857765197754,307,1.9321584701538086,307
FROZEN,S1A_IW_GRDH_1SDV_20190829T103324_20190829T103353_028783_034295_rtc,2019-08-29T10:33:38.698726+00:00,2019-08-29,2019Q3,S1A,11,ascending,C1_hkex_dc__v1,control,LINEAR_POWER_GAMMA0,0.34115979075431824,55,0.11226415634155273,55
FROZEN,S1A_IW_GRDH_1SDV_20190829T103324_20190829T103353_028783_034295_rtc,2019-08-29T10:33:38.698726+00:00,2019-08-29,2019Q3,S1A,11,ascending,C2b_amc__v2,positive_control,LINEAR_POWER_GAMMA0,2.9477200508117676,260,0.2633541226387024,260
FROZEN,S1A_IW_GRDH_1SDV_20190829T103324_20190829T103353_028783_034295_rtc,2019-08-29T10:33:38.698726+00:00,2019-08-29,2019Q3,S1A,11,ascending,P1_vacant__v1,placebo,LINEAR_POWER_GAMMA0,0.3375183343887329,93,0.07781817764043808,93
FROZEN,S1A_IW_GRDH_1SDV_20190829T103324_20190829T103353_028783_034295_rtc,2019-08-29T10:33:38.698726+00:00,2019-08-29,2019Q3,S1A,11,ascending,X1_build_slab__v1,positive_control,LINEAR_POWER_GAMMA0,0.3971524238586426,67,0.11015517264604568,67
FROZEN,S1A_IW_GRDH_1SDV_20190829T103324_20190829T103353_028783_034295_rtc,2019-08-29T10:33:38.698726+00:00,2019-08-29,2019Q3,S1A,11,ascending,X2_build_site__v1,positive_control,LINEAR_POWER_GAMMA0,0.6486701965332031,155,0.11023104190826416,155
FROZEN,S1A_IW_GRDH_1SDV_20190905T102511_20190905T102540_028885_034621_rtc,2019-09-05T10:25:26.376167+00:00,2019-09-05,2019Q3,S1A,113,ascending,T1_ntt_fdc__v1,treatment,LINEAR_POWER_GAMMA0,1.4857720136642456,307,0.692009449005127,307
FROZEN,S1A_IW_GRDH_1SDV_20190905T102511_20190905T102540_028885_034621_rtc,2019-09-05T10:25:26.376167+00:00,2019-09-05,2019Q3,S1A,113,ascending,C1_hkex_dc__v1,control,LINEAR_POWER_GAMMA0,0.3641401529312134,55,0.07788971811532974,55
FROZEN,S1A_IW_GRDH_1SDV_20190905T102511_20190905T102540_028885_034621_rtc,2019-09-05T10:25:26.376167+00:00,2019-09-05,2019Q3,S1A,113,ascending,C2b_amc__v2,positive_control,LINEAR_POWER_GAMMA0,1.430473804473877,260,0.1796478033065796,260
FROZEN,S1A_IW_GRDH_1SDV_20190905T102511_20190905T102540_028885_034621_rtc,2019-09-05T10:25:26.376167+00:00,2019-09-05,2019Q3,S1A,113,ascending,P1_vacant__v1,placebo,LINEAR_POWER_GAMMA0,0.24261364340782166,93,0.08664163202047348,93
FROZEN,S1A_IW_GRDH_1SDV_20190905T102511_20190905T102540_028885_034621_rtc,2019-09-05T10:25:26.376167+00:00,2019-09-05,2019Q3,S1A,113,ascending,X1_build_slab__v1,positive_control,LINEAR_POWER_GAMMA0,0.32477182149887085,67,0.061632368713617325,67
FROZEN,S1A_IW_GRDH_1SDV_20190905T102511_20190905T102540_028885_034621_rtc,2019-09-05T10:25:26.376167+00:00,2019-09-05,2019Q3,S1A,113,ascending,X2_build_site__v1,positive_control,LINEAR_POWER_GAMMA0,0.9358230829238892,155,0.13870647549629211,155
FROZEN,S1A_IW_GRDH_1SDV_20190910T103324_20190910T103353_028958_0348AC_rtc,2019-09-10T10:33:39.289143+00:00,2019-09-10,2019Q3,S1A,11,ascending,T1_ntt_fdc__v1,treatment,LINEAR_POWER_GAMMA0,3.778439521789551,307,2.071378231048584,307
FROZEN,S1A_IW_GRDH_1SDV_20190910T103324_20190910T103353_028958_0348AC_rtc,2019-09-10T10:33:39.289143+00:00,2019-09-10,2019Q3,S1A,11,ascending,C1_hkex_dc__v1,control,LINEAR_POWER_GAMMA0,0.3296911120414734,55,0.10926919430494308,55
FROZEN,S1A_IW_GRDH_1SDV_20190910T103324_20190910T103353_028958_0348AC_rtc,2019-09-10T10:33:39.289143+00:00,2019-09-10,2019Q3,S1A,11,ascending,C2b_amc__v2,positive_control,LINEAR_POWER_GAMMA0,2.6745004653930664,260,0.2064884901046753,260
FROZEN,S1A_IW_GRDH_1SDV_20190910T103324_20190910T103353_028958_0348AC_rtc,2019-09-10T10:33:39.289143+00:00,2019-09-10,2019Q3,S1A,11,ascending,P1_vacant__v1,placebo,LINEAR_POWER_GAMMA0,0.213247612118721,93,0.08486425131559372,93
FROZEN,S1A_IW_GRDH_1SDV_20190910T103324_20190910T103353_028958_0348AC_rtc,2019-09-10T10:33:39.289143+00:00,2019-09-10,2019Q3,S1A,11,ascending,X1_build_slab__v1,positive_control,LINEAR_POWER_GAMMA0,0.2897685170173645,67,0.07487808167934418,67
FROZEN,S1A_IW_GRDH_1SDV_20190910T103324_20190910T103353_028958_0348AC_rtc,2019-09-10T10:33:39.289143+00:00,2019-09-10,2019Q3,S1A,11,ascending,X2_build_site__v1,positive_control,LINEAR_POWER_GAMMA0,0.458539217710495,155,0.10210848599672318,155
FROZEN,S1A_IW_GRDH_1SDV_20190917T102512_20190917T102541_029060_034C35_rtc,2019-09-17T10:25:26.780648+00:00,2019-09-17,2019Q3,S1A,113,ascending,T1_ntt_fdc__v1,treatment,LINEAR_POWER_GAMMA0,1.3764246702194214,307,0.6167111396789551,307
FROZEN,S1A_IW_GRDH_1SDV_20190917T102512_20190917T102541_029060_034C35_rtc,2019-09-17T10:25:26.780648+00:00,2019-09-17,2019Q3,S1A,113,ascending,C1_hkex_dc__v1,control,LINEAR_POWER_GAMMA0,0.3977055847644806,55,0.07520923018455505,55
FROZEN,S1A_IW_GRDH_1SDV_20190917T102512_20190917T102541_029060_034C35_rtc,2019-09-17T10:25:26.780648+00:00,2019-09-17,2019Q3,S1A,113,ascending,C2b_amc__v2,positive_control,LINEAR_POWER_GAMMA0,1.2059768438339233,260,0.19109173119068146,260
FROZEN,S1A_IW_GRDH_1SDV_20190917T102512_20190917T102541_029060_034C35_rtc,2019-09-17T10:25:26.780648+00:00,2019-09-17,2019Q3,S1A,113,ascending,P1_vacant__v1,placebo,LINEAR_POWER_GAMMA0,0.2630607783794403,93,0.05186175927519798,93
FROZEN,S1A_IW_GRDH_1SDV_20190917T102512_20190917T102541_029060_034C35_rtc,2019-09-17T10:25:26.780648+00:00,2019-09-17,2019Q3,S1A,113,ascending,X1_build_slab__v1,positive_control,LINEAR_POWER_GAMMA0,0.29103386402130127,67,0.06536472588777542,67
FROZEN,S1A_IW_GRDH_1SDV_20190917T102512_20190917T102541_029060_034C35_rtc,2019-09-17T10:25:26.780648+00:00,2019-09-17,2019Q3,S1A,113,ascending,X2_build_site__v1,positive_control,LINEAR_POWER_GAMMA0,1.2858245372772217,155,0.12015733867883682,155
FROZEN,S1A_IW_GRDH_1SDV_20190922T103325_20190922T103354_029133_034EA1_rtc,2019-09-22T10:33:39.806496+00:00,2019-09-22,2019Q3,S1A,11,ascending,T1_ntt_fdc__v1,treatment,LINEAR_POWER_GAMMA0,3.5699689388275146,307,2.17979097366333,307
FROZEN,S1A_IW_GRDH_1SDV_20190922T103325_20190922T103354_029133_034EA1_rtc,2019-09-22T10:33:39.806496+00:00,2019-09-22,2019Q3,S1A,11,ascending,C1_hkex_dc__v1,control,LINEAR_POWER_GAMMA0,0.34137633442878723,55,0.09322422742843628,55
FROZEN,S1A_IW_GRDH_1SDV_20190922T103325_20190922T103354_029133_034EA1_rtc,2019-09-22T10:33:39.806496+00:00,2019-09-22,2019Q3,S1A,11,ascending,C2b_amc__v2,positive_control,LINEAR_POWER_GAMMA0,1.6527888774871826,260,0.21073155105113983,260
FROZEN,S1A_IW_GRDH_1SDV_20190922T103325_20190922T103354_029133_034EA1_rtc,2019-09-22T10:33:39.806496+00:00,2019-09-22,2019Q3,S1A,11,ascending,P1_vacant__v1,placebo,LINEAR_POWER_GAMMA0,0.26391685009002686,93,0.07287619262933731,93
FROZEN,S1A_IW_GRDH_1SDV_20190922T103325_20190922T103354_029133_034EA1_rtc,2019-09-22T10:33:39.806496+00:00,2019-09-22,2019Q3,S1A,11,ascending,X1_build_slab__v1,positive_control,LINEAR_POWER_GAMMA0,0.8926732540130615,67,0.10096044838428497,67
FROZEN,S1A_IW_GRDH_1SDV_20190922T103325_20190922T103354_029133_034EA1_rtc,2019-09-22T10:33:39.806496+00:00,2019-09-22,2019Q3,S1A,11,ascending,X2_build_site__v1,positive_control,LINEAR_POWER_GAMMA0,0.7264403104782104,155,0.10932998359203339,155
FROZEN,S1A_IW_GRDH_1SDV_20190929T102512_20190929T102541_029235_035236_rtc,2019-09-29T10:25:27.420601+00:00,2019-09-29,2019Q3,S1A,113,ascending,T1_ntt_fdc__v1,treatment,LINEAR_POWER_GAMMA0,1.4263622760772705,307,0.6953731179237366,307
FROZEN,S1A_IW_GRDH_1SDV_20190929T102512_20190929T102541_029235_035236_rtc,2019-09-29T10:25:27.420601+00:00,2019-09-29,2019Q3,S1A,113,ascending,C1_hkex_dc__v1,control,LINEAR_POWER_GAMMA0,0.25907883048057556,55,0.07102108001708984,55
FROZEN,S1A_IW_GRDH_1SDV_20190929T102512_20190929T102541_029235_035236_rtc,2019-09-29T10:25:27.420601+00:00,2019-09-29,2019Q3,S1A,113,ascending,C2b_amc__v2,positive_control,LINEAR_POWER_GAMMA0,1.1528397798538208,260,0.19540224969387054,260
FROZEN,S1A_IW_GRDH_1SDV_20190929T102512_20190929T102541_029235_035236_rtc,2019-09-29T10:25:27.420601+00:00,2019-09-29,2019Q3,S1A,113,ascending,P1_vacant__v1,placebo,LINEAR_POWER_GAMMA0,0.2323383390903473,93,0.07159498333930969,93
FROZEN,S1A_IW_GRDH_1SDV_20190929T102512_20190929T102541_029235_035236_rtc,2019-09-29T10:25:27.420601+00:00,2019-09-29,2019Q3,S1A,113,ascending,X1_build_slab__v1,positive_control,LINEAR_POWER_GAMMA0,0.17728440463542938,67,0.05738701671361923,67
FROZEN,S1A_IW_GRDH_1SDV_20190929T102512_20190929T102541_029235_035236_rtc,2019-09-29T10:25:27.420601+00:00,2019-09-29,2019Q3,S1A,113,ascending,X2_build_site__v1,positive_control,LINEAR_POWER_GAMMA0,0.6539901494979858,155,0.13786087930202484,155
FROZEN,S1A_IW_GRDH_1SDV_20191004T103325_20191004T103354_029308_0354A6_rtc,2019-10-04T10:33:40.205940+00:00,2019-10-04,2019Q4,S1A,11,ascending,T1_ntt_fdc__v1,treatment,LINEAR_POWER_GAMMA0,3.7262206077575684,307,2.176950216293335,307
FROZEN,S1A_IW_GRDH_1SDV_20191004T103325_20191004T103354_029308_0354A6_rtc,2019-10-04T10:33:40.205940+00:00,2019-10-04,2019Q4,S1A,11,ascending,C1_hkex_dc__v1,control,LINEAR_POWER_GAMMA0,0.38186076283454895,55,0.09674598276615143,55
FROZEN,S1A_IW_GRDH_1SDV_20191004T103325_20191004T103354_029308_0354A6_rtc,2019-10-04T10:33:40.205940+00:00,2019-10-04,2019Q4,S1A,11,ascending,C2b_amc__v2,positive_control,LINEAR_POWER_GAMMA0,1.6443849802017212,260,0.20615850389003754,260
FROZEN,S1A_IW_GRDH_1SDV_20191004T103325_20191004T103354_029308_0354A6_rtc,2019-10-04T10:33:40.205940+00:00,2019-10-04,2019Q4,S1A,11,ascending,P1_vacant__v1,placebo,LINEAR_POWER_GAMMA0,0.22492314875125885,93,0.07251781225204468,93
FROZEN,S1A_IW_GRDH_1SDV_20191004T103325_20191004T103354_029308_0354A6_rtc,2019-10-04T10:33:40.205940+00:00,2019-10-04,2019Q4,S1A,11,ascending,X1_build_slab__v1,positive_control,LINEAR_POWER_GAMMA0,1.267834186553955,67,0.09502310305833817,67
FROZEN,S1A_IW_GRDH_1SDV_20191004T103325_20191004T103354_029308_0354A6_rtc,2019-10-04T10:33:40.205940+00:00,2019-10-04,2019Q4,S1A,11,ascending,X2_build_site__v1,positive_control,LINEAR_POWER_GAMMA0,1.0844062566757202,155,0.11827725172042847,155
FROZEN,S1A_IW_GRDH_1SDV_20191011T102512_20191011T102541_029410_035838_rtc,2019-10-11T10:25:27.349596+00:00,2019-10-11,2019Q4,S1A,113,ascending,T1_ntt_fdc__v1,treatment,LINEAR_POWER_GAMMA0,1.5177773237228394,307,0.659820556640625,307
FROZEN,S1A_IW_GRDH_1SDV_20191011T102512_20191011T102541_029410_035838_rtc,2019-10-11T10:25:27.349596+00:00,2019-10-11,2019Q4,S1A,113,ascending,C1_hkex_dc__v1,control,LINEAR_POWER_GAMMA0,0.29296138882637024,55,0.08325476944446564,55
FROZEN,S1A_IW_GRDH_1SDV_20191011T102512_20191011T102541_029410_035838_rtc,2019-10-11T10:25:27.349596+00:00,2019-10-11,2019Q4,S1A,113,ascending,C2b_amc__v2,positive_control,LINEAR_POWER_GAMMA0,1.5486763715744019,260,0.1743069887161255,260
FROZEN,S1A_IW_GRDH_1SDV_20191011T102512_20191011T102541_029410_035838_rtc,2019-10-11T10:25:27.349596+00:00,2019-10-11,2019Q4,S1A,113,ascending,P1_vacant__v1,placebo,LINEAR_POWER_GAMMA0,0.20402891933918,93,0.060354940593242645,93
FROZEN,S1A_IW_GRDH_1SDV_20191011T102512_20191011T102541_029410_035838_rtc,2019-10-11T10:25:27.349596+00:00,2019-10-11,2019Q4,S1A,113,ascending,X1_build_slab__v1,positive_control,LINEAR_POWER_GAMMA0,0.2177944928407669,67,0.06690353155136108,67
FROZEN,S1A_IW_GRDH_1SDV_20191011T102512_20191011T102541_029410_035838_rtc,2019-10-11T10:25:27.349596+00:00,2019-10-11,2019Q4,S1A,113,ascending,X2_build_site__v1,positive_control,LINEAR_POWER_GAMMA0,0.7816166281700134,155,0.12981818616390228,155
FROZEN,S1A_IW_GRDH_1SDV_20191016T103325_20191016T103354_029483_035AB1_rtc,2019-10-16T10:33:40.123197+00:00,2019-10-16,2019Q4,S1A,11,ascending,T1_ntt_fdc__v1,treatment,LINEAR_POWER_GAMMA0,3.749798059463501,307,1.9161733388900757,307
FROZEN,S1A_IW_GRDH_1SDV_20191016T103325_20191016T103354_029483_035AB1_rtc,2019-10-16T10:33:40.123197+00:00,2019-10-16,2019Q4,S1A,11,ascending,C1_hkex_dc__v1,control,LINEAR_POWER_GAMMA0,0.3536049723625183,55,0.09612762928009033,55
FROZEN,S1A_IW_GRDH_1SDV_20191016T103325_20191016T103354_029483_035AB1_rtc,2019-10-16T10:33:40.123197+00:00,2019-10-16,2019Q4,S1A,11,ascending,C2b_amc__v2,positive_control,LINEAR_POWER_GAMMA0,1.3034393787384033,260,0.2218574434518814,260
FROZEN,S1A_IW_GRDH_1SDV_20191016T103325_20191016T103354_029483_035AB1_rtc,2019-10-16T10:33:40.123197+00:00,2019-10-16,2019Q4,S1A,11,ascending,P1_vacant__v1,placebo,LINEAR_POWER_GAMMA0,0.26969918608665466,93,0.08306621015071869,93
FROZEN,S1A_IW_GRDH_1SDV_20191016T103325_20191016T103354_029483_035AB1_rtc,2019-10-16T10:33:40.123197+00:00,2019-10-16,2019Q4,S1A,11,ascending,X1_build_slab__v1,positive_control,LINEAR_POWER_GAMMA0,0.5332938432693481,67,0.06206436827778816,67
FROZEN,S1A_IW_GRDH_1SDV_20191016T103325_20191016T103354_029483_035AB1_rtc,2019-10-16T10:33:40.123197+00:00,2019-10-16,2019Q4,S1A,11,ascending,X2_build_site__v1,positive_control,LINEAR_POWER_GAMMA0,0.6081923246383667,155,0.09869273751974106,155
FROZEN,S1A_IW_GRDH_1SDV_20191023T102512_20191023T102541_029585_035E37_rtc,2019-10-23T10:25:27.291108+00:00,2019-10-23,2019Q4,S1A,113,ascending,T1_ntt_fdc__v1,treatment,LINEAR_POWER_GAMMA0,1.446465253829956,307,0.6974268555641174,307
FROZEN,S1A_IW_GRDH_1SDV_20191023T102512_20191023T102541_029585_035E37_rtc,2019-10-23T10:25:27.291108+00:00,2019-10-23,2019Q4,S1A,113,ascending,C1_hkex_dc__v1,control,LINEAR_POWER_GAMMA0,0.34674423933029175,55,0.08371858298778534,55
FROZEN,S1A_IW_GRDH_1SDV_20191023T102512_20191023T102541_029585_035E37_rtc,2019-10-23T10:25:27.291108+00:00,2019-10-23,2019Q4,S1A,113,ascending,C2b_amc__v2,positive_control,LINEAR_POWER_GAMMA0,1.198090672492981,260,0.17688500881195068,260
FROZEN,S1A_IW_GRDH_1SDV_20191023T102512_20191023T102541_029585_035E37_rtc,2019-10-23T10:25:27.291108+00:00,2019-10-23,2019Q4,S1A,113,ascending,P1_vacant__v1,placebo,LINEAR_POWER_GAMMA0,0.4124240577220917,93,0.05990498512983322,93
FROZEN,S1A_IW_GRDH_1SDV_20191023T102512_20191023T102541_029585_035E37_rtc,2019-10-23T10:25:27.291108+00:00,2019-10-23,2019Q4,S1A,113,ascending,X1_build_slab__v1,positive_control,LINEAR_POWER_GAMMA0,0.19825619459152222,67,0.05266012251377106,67
FROZEN,S1A_IW_GRDH_1SDV_20191023T102512_20191023T102541_029585_035E37_rtc,2019-10-23T10:25:27.291108+00:00,2019-10-23,2019Q4,S1A,113,ascending,X2_build_site__v1,positive_control,LINEAR_POWER_GAMMA0,0.8415111899375916,155,0.11116795986890793,155
FROZEN,S1A_IW_GRDH_1SDV_20191028T103325_20191028T103354_029658_0360B8_rtc,2019-10-28T10:33:40.137719+00:00,2019-10-28,2019Q4,S1A,11,ascending,T1_ntt_fdc__v1,treatment,LINEAR_POWER_GAMMA0,3.934804916381836,307,1.8069868087768555,307
FROZEN,S1A_IW_GRDH_1SDV_20191028T103325_20191028T103354_029658_0360B8_rtc,2019-10-28T10:33:40.137719+00:00,2019-10-28,2019Q4,S1A,11,ascending,C1_hkex_dc__v1,control,LINEAR_POWER_GAMMA0,0.35850390791893005,55,0.11109636723995209,55
FROZEN,S1A_IW_GRDH_1SDV_20191028T103325_20191028T103354_029658_0360B8_rtc,2019-10-28T10:33:40.137719+00:00,2019-10-28,2019Q4,S1A,11,ascending,C2b_amc__v2,positive_control,LINEAR_POWER_GAMMA0,1.9019389152526855,260,0.2486095130443573,260
FROZEN,S1A_IW_GRDH_1SDV_20191028T103325_20191028T103354_029658_0360B8_rtc,2019-10-28T10:33:40.137719+00:00,2019-10-28,2019Q4,S1A,11,ascending,P1_vacant__v1,placebo,LINEAR_POWER_GAMMA0,0.2966110408306122,93,0.07261014729738235,93
FROZEN,S1A_IW_GRDH_1SDV_20191028T103325_20191028T103354_029658_0360B8_rtc,2019-10-28T10:33:40.137719+00:00,2019-10-28,2019Q4,S1A,11,ascending,X1_build_slab__v1,positive_control,LINEAR_POWER_GAMMA0,0.7906498908996582,67,0.06777045875787735,67
FROZEN,S1A_IW_GRDH_1SDV_20191028T103325_20191028T103354_029658_0360B8_rtc,2019-10-28T10:33:40.137719+00:00,2019-10-28,2019Q4,S1A,11,ascending,X2_build_site__v1,positive_control,LINEAR_POWER_GAMMA0,0.7646059393882751,155,0.09653102606534958,155
FROZEN,S1A_IW_GRDH_1SDV_20191104T102512_20191104T102541_029760_03645A_rtc,2019-11-04T10:25:27.465454+00:00,2019-11-04,2019Q4,S1A,113,ascending,T1_ntt_fdc__v1,treatment,LINEAR_POWER_GAMMA0,1.4534053802490234,307,0.6945613622665405,307
FROZEN,S1A_IW_GRDH_1SDV_20191104T102512_20191104T102541_029760_03645A_rtc,2019-11-04T10:25:27.465454+00:00,2019-11-04,2019Q4,S1A,113,ascending,C1_hkex_dc__v1,control,LINEAR_POWER_GAMMA0,0.27539417147636414,55,0.08263442665338516,55
FROZEN,S1A_IW_GRDH_1SDV_20191104T102512_20191104T102541_029760_03645A_rtc,2019-11-04T10:25:27.465454+00:00,2019-11-04,2019Q4,S1A,113,ascending,C2b_amc__v2,positive_control,LINEAR_POWER_GAMMA0,1.2055654525756836,260,0.18294714391231537,260
FROZEN,S1A_IW_GRDH_1SDV_20191104T102512_20191104T102541_029760_03645A_rtc,2019-11-04T10:25:27.465454+00:00,2019-11-04,2019Q4,S1A,113,ascending,P1_vacant__v1,placebo,LINEAR_POWER_GAMMA0,0.1820807307958603,93,0.05784918740391731,93
FROZEN,S1A_IW_GRDH_1SDV_20191104T102512_20191104T102541_029760_03645A_rtc,2019-11-04T10:25:27.465454+00:00,2019-11-04,2019Q4,S1A,113,ascending,X1_build_slab__v1,positive_control,LINEAR_POWER_GAMMA0,0.2774992287158966,67,0.0520380437374115,67
FROZEN,S1A_IW_GRDH_1SDV_20191104T102512_20191104T102541_029760_03645A_rtc,2019-11-04T10:25:27.465454+00:00,2019-11-04,2019Q4,S1A,113,ascending,X2_build_site__v1,positive_control,LINEAR_POWER_GAMMA0,0.6609281301498413,155,0.11981021612882614,155
FROZEN,S1A_IW_GRDH_1SDV_20191109T103325_20191109T103354_029833_0366E9_rtc,2019-11-09T10:33:40.207602+00:00,2019-11-09,2019Q4,S1A,11,ascending,T1_ntt_fdc__v1,treatment,LINEAR_POWER_GAMMA0,3.295955181121826,307,1.879972219467163,307
FROZEN,S1A_IW_GRDH_1SDV_20191109T103325_20191109T103354_029833_0366E9_rtc,2019-11-09T10:33:40.207602+00:00,2019-11-09,2019Q4,S1A,11,ascending,C1_hkex_dc__v1,control,LINEAR_POWER_GAMMA0,0.3663040101528168,55,0.09521152824163437,55
FROZEN,S1A_IW_GRDH_1SDV_20191109T103325_20191109T103354_029833_0366E9_rtc,2019-11-09T10:33:40.207602+00:00,2019-11-09,2019Q4,S1A,11,ascending,C2b_amc__v2,positive_control,LINEAR_POWER_GAMMA0,1.9613449573516846,260,0.2615804672241211,260
FROZEN,S1A_IW_GRDH_1SDV_20191109T103325_20191109T103354_029833_0366E9_rtc,2019-11-09T10:33:40.207602+00:00,2019-11-09,2019Q4,S1A,11,ascending,P1_vacant__v1,placebo,LINEAR_POWER_GAMMA0,0.2915056645870209,93,0.06605755537748337,93
FROZEN,S1A_IW_GRDH_1SDV_20191109T103325_20191109T103354_029833_0366E9_rtc,2019-11-09T10:33:40.207602+00:00,2019-11-09,2019Q4,S1A,11,ascending,X1_build_slab__v1,positive_control,LINEAR_POWER_GAMMA0,0.41013404726982117,67,0.07442821562290192,67
FROZEN,S1A_IW_GRDH_1SDV_20191109T103325_20191109T103354_029833_0366E9_rtc,2019-11-09T10:33:40.207602+00:00,2019-11-09,2019Q4,S1A,11,ascending,X2_build_site__v1,positive_control,LINEAR_POWER_GAMMA0,0.4767526388168335,155,0.10016587376594543,155
FROZEN,S1A_IW_GRDH_1SDV_20191116T102512_20191116T102541_029935_036A7E_rtc,2019-11-16T10:25:27.351630+00:00,2019-11-16,2019Q4,S1A,113,ascending,T1_ntt_fdc__v1,treatment,LINEAR_POWER_GAMMA0,1.489663004875183,307,0.6947275400161743,307
FROZEN,S1A_IW_GRDH_1SDV_20191116T102512_20191116T102541_029935_036A7E_rtc,2019-11-16T10:25:27.351630+00:00,2019-11-16,2019Q4,S1A,113,ascending,C1_hkex_dc__v1,control,LINEAR_POWER_GAMMA0,0.30345243215560913,55,0.08036122471094131,55
FROZEN,S1A_IW_GRDH_1SDV_20191116T102512_20191116T102541_029935_036A7E_rtc,2019-11-16T10:25:27.351630+00:00,2019-11-16,2019Q4,S1A,113,ascending,C2b_amc__v2,positive_control,LINEAR_POWER_GAMMA0,0.9573467969894409,260,0.21151135861873627,260
FROZEN,S1A_IW_GRDH_1SDV_20191116T102512_20191116T102541_029935_036A7E_rtc,2019-11-16T10:25:27.351630+00:00,2019-11-16,2019Q4,S1A,113,ascending,P1_vacant__v1,placebo,LINEAR_POWER_GAMMA0,0.2337091714143753,93,0.056809112429618835,93
FROZEN,S1A_IW_GRDH_1SDV_20191116T102512_20191116T102541_029935_036A7E_rtc,2019-11-16T10:25:27.351630+00:00,2019-11-16,2019Q4,S1A,113,ascending,X1_build_slab__v1,positive_control,LINEAR_POWER_GAMMA0,0.2422819286584854,67,0.0496835857629776,67
FROZEN,S1A_IW_GRDH_1SDV_20191116T102512_20191116T102541_029935_036A7E_rtc,2019-11-16T10:25:27.351630+00:00,2019-11-16,2019Q4,S1A,113,ascending,X2_build_site__v1,positive_control,LINEAR_POWER_GAMMA0,0.7543641328811646,155,0.11984927207231522,155
FROZEN,S1A_IW_GRDH_1SDV_20191121T103325_20191121T103354_030008_036CF3_rtc,2019-11-21T10:33:39.906874+00:00,2019-11-21,2019Q4,S1A,11,ascending,T1_ntt_fdc__v1,treatment,LINEAR_POWER_GAMMA0,3.3444724082946777,307,1.881907343864441,307
FROZEN,S1A_IW_GRDH_1SDV_20191121T103325_20191121T103354_030008_036CF3_rtc,2019-11-21T10:33:39.906874+00:00,2019-11-21,2019Q4,S1A,11,ascending,C1_hkex_dc__v1,control,LINEAR_POWER_GAMMA0,0.36986395716667175,55,0.10275164246559143,55
FROZEN,S1A_IW_GRDH_1SDV_20191121T103325_20191121T103354_030008_036CF3_rtc,2019-11-21T10:33:39.906874+00:00,2019-11-21,2019Q4,S1A,11,ascending,C2b_amc__v2,positive_control,LINEAR_POWER_GAMMA0,1.5743802785873413,260,0.2611425518989563,260
FROZEN,S1A_IW_GRDH_1SDV_20191121T103325_20191121T103354_030008_036CF3_rtc,2019-11-21T10:33:39.906874+00:00,2019-11-21,2019Q4,S1A,11,ascending,P1_vacant__v1,placebo,LINEAR_POWER_GAMMA0,0.21604479849338531,93,0.07771165668964386,93
FROZEN,S1A_IW_GRDH_1SDV_20191121T103325_20191121T103354_030008_036CF3_rtc,2019-11-21T10:33:39.906874+00:00,2019-11-21,2019Q4,S1A,11,ascending,X1_build_slab__v1,positive_control,LINEAR_POWER_GAMMA0,0.31308233737945557,67,0.07590141892433167,67
FROZEN,S1A_IW_GRDH_1SDV_20191121T103325_20191121T103354_030008_036CF3_rtc,2019-11-21T10:33:39.906874+00:00,2019-11-21,2019Q4,S1A,11,ascending,X2_build_site__v1,positive_control,LINEAR_POWER_GAMMA0,0.4249807894229889,155,0.10201984643936157,155
FROZEN,S1A_IW_GRDH_1SDV_20191128T102512_20191128T102541_030110_037090_rtc,2019-11-28T10:25:26.947153+00:00,2019-11-28,2019Q4,S1A,113,ascending,T1_ntt_fdc__v1,treatment,LINEAR_POWER_GAMMA0,1.4271241426467896,307,0.6814670562744141,307
FROZEN,S1A_IW_GRDH_1SDV_20191128T102512_20191128T102541_030110_037090_rtc,2019-11-28T10:25:26.947153+00:00,2019-11-28,2019Q4,S1A,113,ascending,C1_hkex_dc__v1,control,LINEAR_POWER_GAMMA0,0.26776620745658875,55,0.07769838720560074,55
FROZEN,S1A_IW_GRDH_1SDV_20191128T102512_20191128T102541_030110_037090_rtc,2019-11-28T10:25:26.947153+00:00,2019-11-28,2019Q4,S1A,113,ascending,C2b_amc__v2,positive_control,LINEAR_POWER_GAMMA0,0.9556385278701782,260,0.26556384563446045,260
FROZEN,S1A_IW_GRDH_1SDV_20191128T102512_20191128T102541_030110_037090_rtc,2019-11-28T10:25:26.947153+00:00,2019-11-28,2019Q4,S1A,113,ascending,P1_vacant__v1,placebo,LINEAR_POWER_GAMMA0,0.21148791909217834,93,0.04831235483288765,93
FROZEN,S1A_IW_GRDH_1SDV_20191128T102512_20191128T102541_030110_037090_rtc,2019-11-28T10:25:26.947153+00:00,2019-11-28,2019Q4,S1A,113,ascending,X1_build_slab__v1,positive_control,LINEAR_POWER_GAMMA0,0.23214268684387207,67,0.06416213512420654,67
FROZEN,S1A_IW_GRDH_1SDV_20191128T102512_20191128T102541_030110_037090_rtc,2019-11-28T10:25:26.947153+00:00,2019-11-28,2019Q4,S1A,113,ascending,X2_build_site__v1,positive_control,LINEAR_POWER_GAMMA0,0.8852277994155884,155,0.1383858472108841,155
FROZEN,S1A_IW_GRDH_1SDV_20191203T103324_20191203T103353_030183_037305_rtc,2019-12-03T10:33:39.378738+00:00,2019-12-03,2019Q4,S1A,11,ascending,T1_ntt_fdc__v1,treatment,LINEAR_POWER_GAMMA0,3.250575542449951,307,1.8676519393920898,307
FROZEN,S1A_IW_GRDH_1SDV_20191203T103324_20191203T103353_030183_037305_rtc,2019-12-03T10:33:39.378738+00:00,2019-12-03,2019Q4,S1A,11,ascending,C1_hkex_dc__v1,control,LINEAR_POWER_GAMMA0,0.39151495695114136,55,0.09170417487621307,55
FROZEN,S1A_IW_GRDH_1SDV_20191203T103324_20191203T103353_030183_037305_rtc,2019-12-03T10:33:39.378738+00:00,2019-12-03,2019Q4,S1A,11,ascending,C2b_amc__v2,positive_control,LINEAR_POWER_GAMMA0,1.480255126953125,260,0.2757222652435303,260
FROZEN,S1A_IW_GRDH_1SDV_20191203T103324_20191203T103353_030183_037305_rtc,2019-12-03T10:33:39.378738+00:00,2019-12-03,2019Q4,S1A,11,ascending,P1_vacant__v1,placebo,LINEAR_POWER_GAMMA0,0.19980938732624054,93,0.08121646195650101,93
FROZEN,S1A_IW_GRDH_1SDV_20191203T103324_20191203T103353_030183_037305_rtc,2019-12-03T10:33:39.378738+00:00,2019-12-03,2019Q4,S1A,11,ascending,X1_build_slab__v1,positive_control,LINEAR_POWER_GAMMA0,0.37253138422966003,67,0.08870930224657059,67
FROZEN,S1A_IW_GRDH_1SDV_20191203T103324_20191203T103353_030183_037305_rtc,2019-12-03T10:33:39.378738+00:00,2019-12-03,2019Q4,S1A,11,ascending,X2_build_site__v1,positive_control,LINEAR_POWER_GAMMA0,0.6998018622398376,155,0.11934322118759155,155
FROZEN,S1A_IW_GRDH_1SDV_20191210T102511_20191210T102541_030285_037695_rtc,2019-12-10T10:25:26.504575+00:00,2019-12-10,2019Q4,S1A,113,ascending,T1_ntt_fdc__v1,treatment,LINEAR_POWER_GAMMA0,1.4268049001693726,307,0.6721155643463135,307
FROZEN,S1A_IW_GRDH_1SDV_20191210T102511_20191210T102541_030285_037695_rtc,2019-12-10T10:25:26.504575+00:00,2019-12-10,2019Q4,S1A,113,ascending,C1_hkex_dc__v1,control,LINEAR_POWER_GAMMA0,0.316128134727478,55,0.06862294673919678,55
FROZEN,S1A_IW_GRDH_1SDV_20191210T102511_20191210T102541_030285_037695_rtc,2019-12-10T10:25:26.504575+00:00,2019-12-10,2019Q4,S1A,113,ascending,C2b_amc__v2,positive_control,LINEAR_POWER_GAMMA0,1.075865387916565,260,0.19552811980247498,260
FROZEN,S1A_IW_GRDH_1SDV_20191210T102511_20191210T102541_030285_037695_rtc,2019-12-10T10:25:26.504575+00:00,2019-12-10,2019Q4,S1A,113,ascending,P1_vacant__v1,placebo,LINEAR_POWER_GAMMA0,0.4600336253643036,93,0.06046807020902634,93
FROZEN,S1A_IW_GRDH_1SDV_20191210T102511_20191210T102541_030285_037695_rtc,2019-12-10T10:25:26.504575+00:00,2019-12-10,2019Q4,S1A,113,ascending,X1_build_slab__v1,positive_control,LINEAR_POWER_GAMMA0,0.4639183282852173,67,0.06262082606554031,67
FROZEN,S1A_IW_GRDH_1SDV_20191210T102511_20191210T102541_030285_037695_rtc,2019-12-10T10:25:26.504575+00:00,2019-12-10,2019Q4,S1A,113,ascending,X2_build_site__v1,positive_control,LINEAR_POWER_GAMMA0,0.8933078050613403,155,0.1250939816236496,155
FROZEN,S1A_IW_GRDH_1SDV_20191215T103324_20191215T103353_030358_037911_rtc,2019-12-15T10:33:39.032966+00:00,2019-12-15,2019Q4,S1A,11,ascending,T1_ntt_fdc__v1,treatment,LINEAR_POWER_GAMMA0,3.294759750366211,307,1.7753703594207764,307
FROZEN,S1A_IW_GRDH_1SDV_20191215T103324_20191215T103353_030358_037911_rtc,2019-12-15T10:33:39.032966+00:00,2019-12-15,2019Q4,S1A,11,ascending,C1_hkex_dc__v1,control,LINEAR_POWER_GAMMA0,0.3404087722301483,55,0.09199929982423782,55
FROZEN,S1A_IW_GRDH_1SDV_20191215T103324_20191215T103353_030358_037911_rtc,2019-12-15T10:33:39.032966+00:00,2019-12-15,2019Q4,S1A,11,ascending,C2b_amc__v2,positive_control,LINEAR_POWER_GAMMA0,1.2386035919189453,260,0.21740731596946716,260
FROZEN,S1A_IW_GRDH_1SDV_20191215T103324_20191215T103353_030358_037911_rtc,2019-12-15T10:33:39.032966+00:00,2019-12-15,2019Q4,S1A,11,ascending,P1_vacant__v1,placebo,LINEAR_POWER_GAMMA0,0.3233083188533783,93,0.0752096027135849,93
FROZEN,S1A_IW_GRDH_1SDV_20191215T103324_20191215T103353_030358_037911_rtc,2019-12-15T10:33:39.032966+00:00,2019-12-15,2019Q4,S1A,11,ascending,X1_build_slab__v1,positive_control,LINEAR_POWER_GAMMA0,0.5094101428985596,67,0.08902553468942642,67
FROZEN,S1A_IW_GRDH_1SDV_20191215T103324_20191215T103353_030358_037911_rtc,2019-12-15T10:33:39.032966+00:00,2019-12-15,2019Q4,S1A,11,ascending,X2_build_site__v1,positive_control,LINEAR_POWER_GAMMA0,0.6530506014823914,155,0.12668204307556152,155
FROZEN,S1A_IW_GRDH_1SDV_20191222T102511_20191222T102540_030460_037C9E_rtc,2019-12-22T10:25:26.048712+00:00,2019-12-22,2019Q4,S1A,113,ascending,T1_ntt_fdc__v1,treatment,LINEAR_POWER_GAMMA0,1.500585675239563,307,0.7446373701095581,307
FROZEN,S1A_IW_GRDH_1SDV_20191222T102511_20191222T102540_030460_037C9E_rtc,2019-12-22T10:25:26.048712+00:00,2019-12-22,2019Q4,S1A,113,ascending,C1_hkex_dc__v1,control,LINEAR_POWER_GAMMA0,0.2978987693786621,55,0.06387180835008621,55
FROZEN,S1A_IW_GRDH_1SDV_20191222T102511_20191222T102540_030460_037C9E_rtc,2019-12-22T10:25:26.048712+00:00,2019-12-22,2019Q4,S1A,113,ascending,C2b_amc__v2,positive_control,LINEAR_POWER_GAMMA0,0.9365524053573608,260,0.21413955092430115,260
FROZEN,S1A_IW_GRDH_1SDV_20191222T102511_20191222T102540_030460_037C9E_rtc,2019-12-22T10:25:26.048712+00:00,2019-12-22,2019Q4,S1A,113,ascending,P1_vacant__v1,placebo,LINEAR_POWER_GAMMA0,0.18277142941951752,93,0.05067440867424011,93
FROZEN,S1A_IW_GRDH_1SDV_20191222T102511_20191222T102540_030460_037C9E_rtc,2019-12-22T10:25:26.048712+00:00,2019-12-22,2019Q4,S1A,113,ascending,X1_build_slab__v1,positive_control,LINEAR_POWER_GAMMA0,0.24332214891910553,67,0.06744587421417236,67
FROZEN,S1A_IW_GRDH_1SDV_20191222T102511_20191222T102540_030460_037C9E_rtc,2019-12-22T10:25:26.048712+00:00,2019-12-22,2019Q4,S1A,113,ascending,X2_build_site__v1,positive_control,LINEAR_POWER_GAMMA0,0.673586905002594,155,0.12531568109989166,155
FROZEN,S1A_IW_GRDH_1SDV_20191227T103324_20191227T103353_030533_037F1B_rtc,2019-12-27T10:33:38.549606+00:00,2019-12-27,2019Q4,S1A,11,ascending,T1_ntt_fdc__v1,treatment,LINEAR_POWER_GAMMA0,3.6547040939331055,307,1.799170732498169,307
FROZEN,S1A_IW_GRDH_1SDV_20191227T103324_20191227T103353_030533_037F1B_rtc,2019-12-27T10:33:38.549606+00:00,2019-12-27,2019Q4,S1A,11,ascending,C1_hkex_dc__v1,control,LINEAR_POWER_GAMMA0,0.3537995517253876,55,0.10036477446556091,55
FROZEN,S1A_IW_GRDH_1SDV_20191227T103324_20191227T103353_030533_037F1B_rtc,2019-12-27T10:33:38.549606+00:00,2019-12-27,2019Q4,S1A,11,ascending,C2b_amc__v2,positive_control,LINEAR_POWER_GAMMA0,1.1153419017791748,260,0.3070400655269623,260
FROZEN,S1A_IW_GRDH_1SDV_20191227T103324_20191227T103353_030533_037F1B_rtc,2019-12-27T10:33:38.549606+00:00,2019-12-27,2019Q4,S1A,11,ascending,P1_vacant__v1,placebo,LINEAR_POWER_GAMMA0,0.279599666595459,93,0.08924509584903717,93
FROZEN,S1A_IW_GRDH_1SDV_20191227T103324_20191227T103353_030533_037F1B_rtc,2019-12-27T10:33:38.549606+00:00,2019-12-27,2019Q4,S1A,11,ascending,X1_build_slab__v1,positive_control,LINEAR_POWER_GAMMA0,0.31857743859291077,67,0.07689081132411957,67
FROZEN,S1A_IW_GRDH_1SDV_20191227T103324_20191227T103353_030533_037F1B_rtc,2019-12-27T10:33:38.549606+00:00,2019-12-27,2019Q4,S1A,11,ascending,X2_build_site__v1,positive_control,LINEAR_POWER_GAMMA0,0.9536454677581787,155,0.11558970808982849,155
FROZEN,S1A_IW_GRDH_1SDV_20200103T102510_20200103T102539_030635_0382A8_rtc,2020-01-03T10:25:25.455362+00:00,2020-01-03,2020Q1,S1A,113,ascending,T1_ntt_fdc__v1,treatment,LINEAR_POWER_GAMMA0,1.5714915990829468,307,0.6959986686706543,307
FROZEN,S1A_IW_GRDH_1SDV_20200103T102510_20200103T102539_030635_0382A8_rtc,2020-01-03T10:25:25.455362+00:00,2020-01-03,2020Q1,S1A,113,ascending,C1_hkex_dc__v1,control,LINEAR_POWER_GAMMA0,0.3096572458744049,55,0.06653378158807755,55
FROZEN,S1A_IW_GRDH_1SDV_20200103T102510_20200103T102539_030635_0382A8_rtc,2020-01-03T10:25:25.455362+00:00,2020-01-03,2020Q1,S1A,113,ascending,C2b_amc__v2,positive_control,LINEAR_POWER_GAMMA0,0.9312118887901306,260,0.20635229349136353,260
FROZEN,S1A_IW_GRDH_1SDV_20200103T102510_20200103T102539_030635_0382A8_rtc,2020-01-03T10:25:25.455362+00:00,2020-01-03,2020Q1,S1A,113,ascending,P1_vacant__v1,placebo,LINEAR_POWER_GAMMA0,0.191547229886055,93,0.0453522726893425,93
FROZEN,S1A_IW_GRDH_1SDV_20200103T102510_20200103T102539_030635_0382A8_rtc,2020-01-03T10:25:25.455362+00:00,2020-01-03,2020Q1,S1A,113,ascending,X1_build_slab__v1,positive_control,LINEAR_POWER_GAMMA0,0.22162595391273499,67,0.06262733042240143,67
FROZEN,S1A_IW_GRDH_1SDV_20200103T102510_20200103T102539_030635_0382A8_rtc,2020-01-03T10:25:25.455362+00:00,2020-01-03,2020Q1,S1A,113,ascending,X2_build_site__v1,positive_control,LINEAR_POWER_GAMMA0,0.715453028678894,155,0.12020677328109741,155
FROZEN,S1A_IW_GRDH_1SDV_20200108T103323_20200108T103352_030708_03852A_rtc,2020-01-08T10:33:38.059189+00:00,2020-01-08,2020Q1,S1A,11,ascending,T1_ntt_fdc__v1,treatment,LINEAR_POWER_GAMMA0,3.7427000999450684,307,1.742763638496399,307
FROZEN,S1A_IW_GRDH_1SDV_20200108T103323_20200108T103352_030708_03852A_rtc,2020-01-08T10:33:38.059189+00:00,2020-01-08,2020Q1,S1A,11,ascending,C1_hkex_dc__v1,control,LINEAR_POWER_GAMMA0,0.3403351604938507,55,0.10018636286258698,55
FROZEN,S1A_IW_GRDH_1SDV_20200108T103323_20200108T103352_030708_03852A_rtc,2020-01-08T10:33:38.059189+00:00,2020-01-08,2020Q1,S1A,11,ascending,C2b_amc__v2,positive_control,LINEAR_POWER_GAMMA0,1.3753297328948975,260,0.2343713939189911,260
FROZEN,S1A_IW_GRDH_1SDV_20200108T103323_20200108T103352_030708_03852A_rtc,2020-01-08T10:33:38.059189+00:00,2020-01-08,2020Q1,S1A,11,ascending,P1_vacant__v1,placebo,LINEAR_POWER_GAMMA0,0.2789110243320465,93,0.0794040635228157,93
FROZEN,S1A_IW_GRDH_1SDV_20200108T103323_20200108T103352_030708_03852A_rtc,2020-01-08T10:33:38.059189+00:00,2020-01-08,2020Q1,S1A,11,ascending,X1_build_slab__v1,positive_control,LINEAR_POWER_GAMMA0,0.43500038981437683,67,0.10802915692329407,67
FROZEN,S1A_IW_GRDH_1SDV_20200108T103323_20200108T103352_030708_03852A_rtc,2020-01-08T10:33:38.059189+00:00,2020-01-08,2020Q1,S1A,11,ascending,X2_build_site__v1,positive_control,LINEAR_POWER_GAMMA0,1.0586268901824951,155,0.11928319931030273,155
FROZEN,S1A_IW_GRDH_1SDV_20200115T102510_20200115T102539_030810_0388C5_rtc,2020-01-15T10:25:24.942794+00:00,2020-01-15,2020Q1,S1A,113,ascending,T1_ntt_fdc__v1,treatment,LINEAR_POWER_GAMMA0,1.308494210243225,307,0.6869529485702515,307
FROZEN,S1A_IW_GRDH_1SDV_20200115T102510_20200115T102539_030810_0388C5_rtc,2020-01-15T10:25:24.942794+00:00,2020-01-15,2020Q1,S1A,113,ascending,C1_hkex_dc__v1,control,LINEAR_POWER_GAMMA0,0.2975331246852875,55,0.07448507845401764,55
FROZEN,S1A_IW_GRDH_1SDV_20200115T102510_20200115T102539_030810_0388C5_rtc,2020-01-15T10:25:24.942794+00:00,2020-01-15,2020Q1,S1A,113,ascending,C2b_amc__v2,positive_control,LINEAR_POWER_GAMMA0,0.9354162812232971,260,0.2556159496307373,260
FROZEN,S1A_IW_GRDH_1SDV_20200115T102510_20200115T102539_030810_0388C5_rtc,2020-01-15T10:25:24.942794+00:00,2020-01-15,2020Q1,S1A,113,ascending,P1_vacant__v1,placebo,LINEAR_POWER_GAMMA0,0.15642668306827545,93,0.04324791952967644,93
FROZEN,S1A_IW_GRDH_1SDV_20200115T102510_20200115T102539_030810_0388C5_rtc,2020-01-15T10:25:24.942794+00:00,2020-01-15,2020Q1,S1A,113,ascending,X1_build_slab__v1,positive_control,LINEAR_POWER_GAMMA0,0.3576010465621948,67,0.06151917576789856,67
FROZEN,S1A_IW_GRDH_1SDV_20200115T102510_20200115T102539_030810_0388C5_rtc,2020-01-15T10:25:24.942794+00:00,2020-01-15,2020Q1,S1A,113,ascending,X2_build_site__v1,positive_control,LINEAR_POWER_GAMMA0,0.7400206327438354,155,0.11872593313455582,155
FROZEN,S1A_IW_GRDH_1SDV_20200120T103323_20200120T103352_030883_038B4E_rtc,2020-01-20T10:33:37.606474+00:00,2020-01-20,2020Q1,S1A,11,ascending,T1_ntt_fdc__v1,treatment,LINEAR_POWER_GAMMA0,3.600689649581909,307,1.754338264465332,307
FROZEN,S1A_IW_GRDH_1SDV_20200120T103323_20200120T103352_030883_038B4E_rtc,2020-01-20T10:33:37.606474+00:00,2020-01-20,2020Q1,S1A,11,ascending,C1_hkex_dc__v1,control,LINEAR_POWER_GAMMA0,0.3643655478954315,55,0.08874505013227463,55
FROZEN,S1A_IW_GRDH_1SDV_20200120T103323_20200120T103352_030883_038B4E_rtc,2020-01-20T10:33:37.606474+00:00,2020-01-20,2020Q1,S1A,11,ascending,C2b_amc__v2,positive_control,LINEAR_POWER_GAMMA0,1.694972276687622,260,0.3407926559448242,260
FROZEN,S1A_IW_GRDH_1SDV_20200120T103323_20200120T103352_030883_038B4E_rtc,2020-01-20T10:33:37.606474+00:00,2020-01-20,2020Q1,S1A,11,ascending,P1_vacant__v1,placebo,LINEAR_POWER_GAMMA0,0.21715803444385529,93,0.07136707752943039,93
FROZEN,S1A_IW_GRDH_1SDV_20200120T103323_20200120T103352_030883_038B4E_rtc,2020-01-20T10:33:37.606474+00:00,2020-01-20,2020Q1,S1A,11,ascending,X1_build_slab__v1,positive_control,LINEAR_POWER_GAMMA0,0.4859731197357178,67,0.12054219841957092,67
FROZEN,S1A_IW_GRDH_1SDV_20200120T103323_20200120T103352_030883_038B4E_rtc,2020-01-20T10:33:37.606474+00:00,2020-01-20,2020Q1,S1A,11,ascending,X2_build_site__v1,positive_control,LINEAR_POWER_GAMMA0,0.838422417640686,155,0.12238557636737823,155
FROZEN,S1A_IW_GRDH_1SDV_20200127T102510_20200127T102539_030985_038EEF_rtc,2020-01-27T10:25:24.604770+00:00,2020-01-27,2020Q1,S1A,113,ascending,T1_ntt_fdc__v1,treatment,LINEAR_POWER_GAMMA0,1.6144829988479614,307,0.7891007661819458,307
FROZEN,S1A_IW_GRDH_1SDV_20200127T102510_20200127T102539_030985_038EEF_rtc,2020-01-27T10:25:24.604770+00:00,2020-01-27,2020Q1,S1A,113,ascending,C1_hkex_dc__v1,control,LINEAR_POWER_GAMMA0,0.29555240273475647,55,0.06780490279197693,55
FROZEN,S1A_IW_GRDH_1SDV_20200127T102510_20200127T102539_030985_038EEF_rtc,2020-01-27T10:25:24.604770+00:00,2020-01-27,2020Q1,S1A,113,ascending,C2b_amc__v2,positive_control,LINEAR_POWER_GAMMA0,1.1658496856689453,260,0.21501508355140686,260
FROZEN,S1A_IW_GRDH_1SDV_20200127T102510_20200127T102539_030985_038EEF_rtc,2020-01-27T10:25:24.604770+00:00,2020-01-27,2020Q1,S1A,113,ascending,P1_vacant__v1,placebo,LINEAR_POWER_GAMMA0,0.342608779668808,93,0.05281383916735649,93
FROZEN,S1A_IW_GRDH_1SDV_20200127T102510_20200127T102539_030985_038EEF_rtc,2020-01-27T10:25:24.604770+00:00,2020-01-27,2020Q1,S1A,113,ascending,X1_build_slab__v1,positive_control,LINEAR_POWER_GAMMA0,0.3538215458393097,67,0.07572406530380249,67
FROZEN,S1A_IW_GRDH_1SDV_20200127T102510_20200127T102539_030985_038EEF_rtc,2020-01-27T10:25:24.604770+00:00,2020-01-27,2020Q1,S1A,113,ascending,X2_build_site__v1,positive_control,LINEAR_POWER_GAMMA0,0.8199819326400757,155,0.13420680165290833,155
FROZEN,S1A_IW_GRDH_1SDV_20200201T103322_20200201T103351_031058_03916A_rtc,2020-02-01T10:33:37.201062+00:00,2020-02-01,2020Q1,S1A,11,ascending,T1_ntt_fdc__v1,treatment,LINEAR_POWER_GAMMA0,3.2967076301574707,307,1.8252387046813965,307
FROZEN,S1A_IW_GRDH_1SDV_20200201T103322_20200201T103351_031058_03916A_rtc,2020-02-01T10:33:37.201062+00:00,2020-02-01,2020Q1,S1A,11,ascending,C1_hkex_dc__v1,control,LINEAR_POWER_GAMMA0,0.3307022452354431,55,0.09724538773298264,55
FROZEN,S1A_IW_GRDH_1SDV_20200201T103322_20200201T103351_031058_03916A_rtc,2020-02-01T10:33:37.201062+00:00,2020-02-01,2020Q1,S1A,11,ascending,C2b_amc__v2,positive_control,LINEAR_POWER_GAMMA0,1.8096590042114258,260,0.2695291340351105,260
FROZEN,S1A_IW_GRDH_1SDV_20200201T103322_20200201T103351_031058_03916A_rtc,2020-02-01T10:33:37.201062+00:00,2020-02-01,2020Q1,S1A,11,ascending,P1_vacant__v1,placebo,LINEAR_POWER_GAMMA0,0.20544254779815674,93,0.09085827320814133,93
FROZEN,S1A_IW_GRDH_1SDV_20200201T103322_20200201T103351_031058_03916A_rtc,2020-02-01T10:33:37.201062+00:00,2020-02-01,2020Q1,S1A,11,ascending,X1_build_slab__v1,positive_control,LINEAR_POWER_GAMMA0,0.5190632939338684,67,0.10027240216732025,67
FROZEN,S1A_IW_GRDH_1SDV_20200201T103322_20200201T103351_031058_03916A_rtc,2020-02-01T10:33:37.201062+00:00,2020-02-01,2020Q1,S1A,11,ascending,X2_build_site__v1,positive_control,LINEAR_POWER_GAMMA0,0.8199000358581543,155,0.12267160415649414,155
FROZEN,S1A_IW_GRDH_1SDV_20200208T102509_20200208T102538_031160_03950D_rtc,2020-02-08T10:25:24.313089+00:00,2020-02-08,2020Q1,S1A,113,ascending,T1_ntt_fdc__v1,treatment,LINEAR_POWER_GAMMA0,1.6017404794692993,307,0.7136020660400391,307
FROZEN,S1A_IW_GRDH_1SDV_20200208T102509_20200208T102538_031160_03950D_rtc,2020-02-08T10:25:24.313089+00:00,2020-02-08,2020Q1,S1A,113,ascending,C1_hkex_dc__v1,control,LINEAR_POWER_GAMMA0,0.3111787736415863,55,0.06982145458459854,55
FROZEN,S1A_IW_GRDH_1SDV_20200208T102509_20200208T102538_031160_03950D_rtc,2020-02-08T10:25:24.313089+00:00,2020-02-08,2020Q1,S1A,113,ascending,C2b_amc__v2,positive_control,LINEAR_POWER_GAMMA0,1.3022829294204712,260,0.2555523216724396,260
FROZEN,S1A_IW_GRDH_1SDV_20200208T102509_20200208T102538_031160_03950D_rtc,2020-02-08T10:25:24.313089+00:00,2020-02-08,2020Q1,S1A,113,ascending,P1_vacant__v1,placebo,LINEAR_POWER_GAMMA0,0.235200896859169,93,0.05555601418018341,93
FROZEN,S1A_IW_GRDH_1SDV_20200208T102509_20200208T102538_031160_03950D_rtc,2020-02-08T10:25:24.313089+00:00,2020-02-08,2020Q1,S1A,113,ascending,X1_build_slab__v1,positive_control,LINEAR_POWER_GAMMA0,0.3818293511867523,67,0.06410986185073853,67
FROZEN,S1A_IW_GRDH_1SDV_20200208T102509_20200208T102538_031160_03950D_rtc,2020-02-08T10:25:24.313089+00:00,2020-02-08,2020Q1,S1A,113,ascending,X2_build_site__v1,positive_control,LINEAR_POWER_GAMMA0,0.7216300964355469,155,0.12366370111703873,155
FROZEN,S1A_IW_GRDH_1SDV_20200213T103322_20200213T103351_031233_03977C_rtc,2020-02-13T10:33:36.814103+00:00,2020-02-13,2020Q1,S1A,11,ascending,T1_ntt_fdc__v1,treatment,LINEAR_POWER_GAMMA0,3.7010955810546875,307,1.9184370040893555,307
FROZEN,S1A_IW_GRDH_1SDV_20200213T103322_20200213T103351_031233_03977C_rtc,2020-02-13T10:33:36.814103+00:00,2020-02-13,2020Q1,S1A,11,ascending,C1_hkex_dc__v1,control,LINEAR_POWER_GAMMA0,0.41879624128341675,55,0.09696239233016968,55
FROZEN,S1A_IW_GRDH_1SDV_20200213T103322_20200213T103351_031233_03977C_rtc,2020-02-13T10:33:36.814103+00:00,2020-02-13,2020Q1,S1A,11,ascending,C2b_amc__v2,positive_control,LINEAR_POWER_GAMMA0,1.5056664943695068,260,0.2733772397041321,260
FROZEN,S1A_IW_GRDH_1SDV_20200213T103322_20200213T103351_031233_03977C_rtc,2020-02-13T10:33:36.814103+00:00,2020-02-13,2020Q1,S1A,11,ascending,P1_vacant__v1,placebo,LINEAR_POWER_GAMMA0,0.33664917945861816,93,0.07539433240890503,93
FROZEN,S1A_IW_GRDH_1SDV_20200213T103322_20200213T103351_031233_03977C_rtc,2020-02-13T10:33:36.814103+00:00,2020-02-13,2020Q1,S1A,11,ascending,X1_build_slab__v1,positive_control,LINEAR_POWER_GAMMA0,0.6120054125785828,67,0.09498492628335953,67
FROZEN,S1A_IW_GRDH_1SDV_20200213T103322_20200213T103351_031233_03977C_rtc,2020-02-13T10:33:36.814103+00:00,2020-02-13,2020Q1,S1A,11,ascending,X2_build_site__v1,positive_control,LINEAR_POWER_GAMMA0,1.279647707939148,155,0.136979877948761,155
FROZEN,S1A_IW_GRDH_1SDV_20200225T103322_20200225T103351_031408_039D88_rtc,2020-02-25T10:33:36.621434+00:00,2020-02-25,2020Q1,S1A,11,ascending,T1_ntt_fdc__v1,treatment,LINEAR_POWER_GAMMA0,3.763016700744629,307,1.8330575227737427,307
FROZEN,S1A_IW_GRDH_1SDV_20200225T103322_20200225T103351_031408_039D88_rtc,2020-02-25T10:33:36.621434+00:00,2020-02-25,2020Q1,S1A,11,ascending,C1_hkex_dc__v1,control,LINEAR_POWER_GAMMA0,0.34735652804374695,55,0.10077329725027084,55
FROZEN,S1A_IW_GRDH_1SDV_20200225T103322_20200225T103351_031408_039D88_rtc,2020-02-25T10:33:36.621434+00:00,2020-02-25,2020Q1,S1A,11,ascending,C2b_amc__v2,positive_control,LINEAR_POWER_GAMMA0,1.568281888961792,260,0.3174779415130615,260
FROZEN,S1A_IW_GRDH_1SDV_20200225T103322_20200225T103351_031408_039D88_rtc,2020-02-25T10:33:36.621434+00:00,2020-02-25,2020Q1,S1A,11,ascending,P1_vacant__v1,placebo,LINEAR_POWER_GAMMA0,0.2601534426212311,93,0.07705892622470856,93
FROZEN,S1A_IW_GRDH_1SDV_20200225T103322_20200225T103351_031408_039D88_rtc,2020-02-25T10:33:36.621434+00:00,2020-02-25,2020Q1,S1A,11,ascending,X1_build_slab__v1,positive_control,LINEAR_POWER_GAMMA0,0.6209468245506287,67,0.12642385065555573,67
FROZEN,S1A_IW_GRDH_1SDV_20200225T103322_20200225T103351_031408_039D88_rtc,2020-02-25T10:33:36.621434+00:00,2020-02-25,2020Q1,S1A,11,ascending,X2_build_site__v1,positive_control,LINEAR_POWER_GAMMA0,0.6950893402099609,155,0.13608723878860474,155
FROZEN,S1A_IW_GRDH_1SDV_20200303T102509_20200303T102538_031510_03A11D_rtc,2020-03-03T10:25:24.031287+00:00,2020-03-03,2020Q1,S1A,113,ascending,T1_ntt_fdc__v1,treatment,LINEAR_POWER_GAMMA0,1.5164650678634644,307,0.6804099678993225,307
FROZEN,S1A_IW_GRDH_1SDV_20200303T102509_20200303T102538_031510_03A11D_rtc,2020-03-03T10:25:24.031287+00:00,2020-03-03,2020Q1,S1A,113,ascending,C1_hkex_dc__v1,control,LINEAR_POWER_GAMMA0,0.3105168640613556,55,0.0729975625872612,55
FROZEN,S1A_IW_GRDH_1SDV_20200303T102509_20200303T102538_031510_03A11D_rtc,2020-03-03T10:25:24.031287+00:00,2020-03-03,2020Q1,S1A,113,ascending,C2b_amc__v2,positive_control,LINEAR_POWER_GAMMA0,1.0129910707473755,260,0.282925546169281,260
FROZEN,S1A_IW_GRDH_1SDV_20200303T102509_20200303T102538_031510_03A11D_rtc,2020-03-03T10:25:24.031287+00:00,2020-03-03,2020Q1,S1A,113,ascending,P1_vacant__v1,placebo,LINEAR_POWER_GAMMA0,0.2790506184101105,93,0.049704670906066895,93
FROZEN,S1A_IW_GRDH_1SDV_20200303T102509_20200303T102538_031510_03A11D_rtc,2020-03-03T10:25:24.031287+00:00,2020-03-03,2020Q1,S1A,113,ascending,X1_build_slab__v1,positive_control,LINEAR_POWER_GAMMA0,0.33978623151779175,67,0.08833115547895432,67
FROZEN,S1A_IW_GRDH_1SDV_20200303T102509_20200303T102538_031510_03A11D_rtc,2020-03-03T10:25:24.031287+00:00,2020-03-03,2020Q1,S1A,113,ascending,X2_build_site__v1,positive_control,LINEAR_POWER_GAMMA0,0.5989648699760437,155,0.13578592240810394,155
FROZEN,S1A_IW_GRDH_1SDV_20200308T103322_20200308T103351_031583_03A393_rtc,2020-03-08T10:33:36.838340+00:00,2020-03-08,2020Q1,S1A,11,ascending,T1_ntt_fdc__v1,treatment,LINEAR_POWER_GAMMA0,3.5944669246673584,307,1.899924397468567,307
FROZEN,S1A_IW_GRDH_1SDV_20200308T103322_20200308T103351_031583_03A393_rtc,2020-03-08T10:33:36.838340+00:00,2020-03-08,2020Q1,S1A,11,ascending,C1_hkex_dc__v1,control,LINEAR_POWER_GAMMA0,0.3605113923549652,55,0.09959433227777481,55
FROZEN,S1A_IW_GRDH_1SDV_20200308T103322_20200308T103351_031583_03A393_rtc,2020-03-08T10:33:36.838340+00:00,2020-03-08,2020Q1,S1A,11,ascending,C2b_amc__v2,positive_control,LINEAR_POWER_GAMMA0,1.6340895891189575,260,0.27970805764198303,260
FROZEN,S1A_IW_GRDH_1SDV_20200308T103322_20200308T103351_031583_03A393_rtc,2020-03-08T10:33:36.838340+00:00,2020-03-08,2020Q1,S1A,11,ascending,P1_vacant__v1,placebo,LINEAR_POWER_GAMMA0,0.3696760833263397,93,0.07502959668636322,93
FROZEN,S1A_IW_GRDH_1SDV_20200308T103322_20200308T103351_031583_03A393_rtc,2020-03-08T10:33:36.838340+00:00,2020-03-08,2020Q1,S1A,11,ascending,X1_build_slab__v1,positive_control,LINEAR_POWER_GAMMA0,0.8378780484199524,67,0.11800011247396469,67
FROZEN,S1A_IW_GRDH_1SDV_20200308T103322_20200308T103351_031583_03A393_rtc,2020-03-08T10:33:36.838340+00:00,2020-03-08,2020Q1,S1A,11,ascending,X2_build_site__v1,positive_control,LINEAR_POWER_GAMMA0,0.912181556224823,155,0.13357529044151306,155
FROZEN,S1A_IW_GRDH_1SDV_20200315T102509_20200315T102538_031685_03A72D_rtc,2020-03-15T10:25:24.196770+00:00,2020-03-15,2020Q1,S1A,113,ascending,T1_ntt_fdc__v1,treatment,LINEAR_POWER_GAMMA0,1.4085203409194946,307,0.7282875180244446,307
FROZEN,S1A_IW_GRDH_1SDV_20200315T102509_20200315T102538_031685_03A72D_rtc,2020-03-15T10:25:24.196770+00:00,2020-03-15,2020Q1,S1A,113,ascending,C1_hkex_dc__v1,control,LINEAR_POWER_GAMMA0,0.3122978210449219,55,0.06848977506160736,55
FROZEN,S1A_IW_GRDH_1SDV_20200315T102509_20200315T102538_031685_03A72D_rtc,2020-03-15T10:25:24.196770+00:00,2020-03-15,2020Q1,S1A,113,ascending,C2b_amc__v2,positive_control,LINEAR_POWER_GAMMA0,1.0300593376159668,260,0.28582412004470825,260
FROZEN,S1A_IW_GRDH_1SDV_20200315T102509_20200315T102538_031685_03A72D_rtc,2020-03-15T10:25:24.196770+00:00,2020-03-15,2020Q1,S1A,113,ascending,P1_vacant__v1,placebo,LINEAR_POWER_GAMMA0,0.22848275303840637,93,0.04700121656060219,93
FROZEN,S1A_IW_GRDH_1SDV_20200315T102509_20200315T102538_031685_03A72D_rtc,2020-03-15T10:25:24.196770+00:00,2020-03-15,2020Q1,S1A,113,ascending,X1_build_slab__v1,positive_control,LINEAR_POWER_GAMMA0,0.5861194133758545,67,0.11136603355407715,67
FROZEN,S1A_IW_GRDH_1SDV_20200315T102509_20200315T102538_031685_03A72D_rtc,2020-03-15T10:25:24.196770+00:00,2020-03-15,2020Q1,S1A,113,ascending,X2_build_site__v1,positive_control,LINEAR_POWER_GAMMA0,0.787743330001831,155,0.1478530913591385,155
FROZEN,S1A_IW_GRDH_1SDV_20200320T103322_20200320T103351_031758_03A9B4_rtc,2020-03-20T10:33:37.008722+00:00,2020-03-20,2020Q1,S1A,11,ascending,T1_ntt_fdc__v1,treatment,LINEAR_POWER_GAMMA0,3.4078898429870605,307,1.8468661308288574,307
FROZEN,S1A_IW_GRDH_1SDV_20200320T103322_20200320T103351_031758_03A9B4_rtc,2020-03-20T10:33:37.008722+00:00,2020-03-20,2020Q1,S1A,11,ascending,C1_hkex_dc__v1,control,LINEAR_POWER_GAMMA0,0.3855108916759491,55,0.10278774797916412,55
FROZEN,S1A_IW_GRDH_1SDV_20200320T103322_20200320T103351_031758_03A9B4_rtc,2020-03-20T10:33:37.008722+00:00,2020-03-20,2020Q1,S1A,11,ascending,C2b_amc__v2,positive_control,LINEAR_POWER_GAMMA0,1.6643223762512207,260,0.29030531644821167,260
FROZEN,S1A_IW_GRDH_1SDV_20200320T103322_20200320T103351_031758_03A9B4_rtc,2020-03-20T10:33:37.008722+00:00,2020-03-20,2020Q1,S1A,11,ascending,P1_vacant__v1,placebo,LINEAR_POWER_GAMMA0,0.2862134873867035,93,0.07552921026945114,93
FROZEN,S1A_IW_GRDH_1SDV_20200320T103322_20200320T103351_031758_03A9B4_rtc,2020-03-20T10:33:37.008722+00:00,2020-03-20,2020Q1,S1A,11,ascending,X1_build_slab__v1,positive_control,LINEAR_POWER_GAMMA0,0.6199992299079895,67,0.20027866959571838,67
FROZEN,S1A_IW_GRDH_1SDV_20200320T103322_20200320T103351_031758_03A9B4_rtc,2020-03-20T10:33:37.008722+00:00,2020-03-20,2020Q1,S1A,11,ascending,X2_build_site__v1,positive_control,LINEAR_POWER_GAMMA0,0.7118319869041443,155,0.16883400082588196,155
FROZEN,S1A_IW_GRDH_1SDV_20200327T102509_20200327T102538_031860_03AD56_rtc,2020-03-27T10:25:24.268889+00:00,2020-03-27,2020Q1,S1A,113,ascending,T1_ntt_fdc__v1,treatment,LINEAR_POWER_GAMMA0,1.5699462890625,307,0.6639232039451599,307
FROZEN,S1A_IW_GRDH_1SDV_20200327T102509_20200327T102538_031860_03AD56_rtc,2020-03-27T10:25:24.268889+00:00,2020-03-27,2020Q1,S1A,113,ascending,C1_hkex_dc__v1,control,LINEAR_POWER_GAMMA0,0.4102494418621063,55,0.10053163021802902,55
FROZEN,S1A_IW_GRDH_1SDV_20200327T102509_20200327T102538_031860_03AD56_rtc,2020-03-27T10:25:24.268889+00:00,2020-03-27,2020Q1,S1A,113,ascending,C2b_amc__v2,positive_control,LINEAR_POWER_GAMMA0,1.2391290664672852,260,0.27258071303367615,260
FROZEN,S1A_IW_GRDH_1SDV_20200327T102509_20200327T102538_031860_03AD56_rtc,2020-03-27T10:25:24.268889+00:00,2020-03-27,2020Q1,S1A,113,ascending,P1_vacant__v1,placebo,LINEAR_POWER_GAMMA0,0.2186914086341858,93,0.05160434916615486,93
FROZEN,S1A_IW_GRDH_1SDV_20200327T102509_20200327T102538_031860_03AD56_rtc,2020-03-27T10:25:24.268889+00:00,2020-03-27,2020Q1,S1A,113,ascending,X1_build_slab__v1,positive_control,LINEAR_POWER_GAMMA0,0.5972640514373779,67,0.13124990463256836,67
FROZEN,S1A_IW_GRDH_1SDV_20200327T102509_20200327T102538_031860_03AD56_rtc,2020-03-27T10:25:24.268889+00:00,2020-03-27,2020Q1,S1A,113,ascending,X2_build_site__v1,positive_control,LINEAR_POWER_GAMMA0,0.7478530406951904,155,0.15845228731632233,155
FROZEN,S1A_IW_GRDH_1SDV_20200401T103322_20200401T103351_031933_03AFDE_rtc,2020-04-01T10:33:37.196284+00:00,2020-04-01,2020Q2,S1A,11,ascending,T1_ntt_fdc__v1,treatment,LINEAR_POWER_GAMMA0,3.4368183612823486,307,1.934409499168396,307
FROZEN,S1A_IW_GRDH_1SDV_20200401T103322_20200401T103351_031933_03AFDE_rtc,2020-04-01T10:33:37.196284+00:00,2020-04-01,2020Q2,S1A,11,ascending,C1_hkex_dc__v1,control,LINEAR_POWER_GAMMA0,0.39252084493637085,55,0.11515214294195175,55
FROZEN,S1A_IW_GRDH_1SDV_20200401T103322_20200401T103351_031933_03AFDE_rtc,2020-04-01T10:33:37.196284+00:00,2020-04-01,2020Q2,S1A,11,ascending,C2b_amc__v2,positive_control,LINEAR_POWER_GAMMA0,1.6500526666641235,260,0.323358416557312,260
FROZEN,S1A_IW_GRDH_1SDV_20200401T103322_20200401T103351_031933_03AFDE_rtc,2020-04-01T10:33:37.196284+00:00,2020-04-01,2020Q2,S1A,11,ascending,P1_vacant__v1,placebo,LINEAR_POWER_GAMMA0,0.3792191743850708,93,0.074860118329525,93
FROZEN,S1A_IW_GRDH_1SDV_20200401T103322_20200401T103351_031933_03AFDE_rtc,2020-04-01T10:33:37.196284+00:00,2020-04-01,2020Q2,S1A,11,ascending,X1_build_slab__v1,positive_control,LINEAR_POWER_GAMMA0,1.0102825164794922,67,0.272199422121048,67
FROZEN,S1A_IW_GRDH_1SDV_20200401T103322_20200401T103351_031933_03AFDE_rtc,2020-04-01T10:33:37.196284+00:00,2020-04-01,2020Q2,S1A,11,ascending,X2_build_site__v1,positive_control,LINEAR_POWER_GAMMA0,0.8262825012207031,155,0.19354470074176788,155
FROZEN,S1A_IW_GRDH_1SDV_20200408T102509_20200408T102538_032035_03B384_rtc,2020-04-08T10:25:24.487993+00:00,2020-04-08,2020Q2,S1A,113,ascending,T1_ntt_fdc__v1,treatment,LINEAR_POWER_GAMMA0,1.6595667600631714,307,0.740916907787323,307
FROZEN,S1A_IW_GRDH_1SDV_20200408T102509_20200408T102538_032035_03B384_rtc,2020-04-08T10:25:24.487993+00:00,2020-04-08,2020Q2,S1A,113,ascending,C1_hkex_dc__v1,control,LINEAR_POWER_GAMMA0,0.36362168192863464,55,0.05844108387827873,55
FROZEN,S1A_IW_GRDH_1SDV_20200408T102509_20200408T102538_032035_03B384_rtc,2020-04-08T10:25:24.487993+00:00,2020-04-08,2020Q2,S1A,113,ascending,C2b_amc__v2,positive_control,LINEAR_POWER_GAMMA0,1.1665092706680298,260,0.2585435211658478,260
FROZEN,S1A_IW_GRDH_1SDV_20200408T102509_20200408T102538_032035_03B384_rtc,2020-04-08T10:25:24.487993+00:00,2020-04-08,2020Q2,S1A,113,ascending,P1_vacant__v1,placebo,LINEAR_POWER_GAMMA0,0.49141302704811096,93,0.05870722234249115,93
FROZEN,S1A_IW_GRDH_1SDV_20200408T102509_20200408T102538_032035_03B384_rtc,2020-04-08T10:25:24.487993+00:00,2020-04-08,2020Q2,S1A,113,ascending,X1_build_slab__v1,positive_control,LINEAR_POWER_GAMMA0,0.5527614951133728,67,0.16500882804393768,67
FROZEN,S1A_IW_GRDH_1SDV_20200408T102509_20200408T102538_032035_03B384_rtc,2020-04-08T10:25:24.487993+00:00,2020-04-08,2020Q2,S1A,113,ascending,X2_build_site__v1,positive_control,LINEAR_POWER_GAMMA0,0.730603039264679,155,0.17943471670150757,155
FROZEN,S1A_IW_GRDH_1SDV_20200413T103323_20200413T103352_032108_03B608_rtc,2020-04-13T10:33:37.538361+00:00,2020-04-13,2020Q2,S1A,11,ascending,T1_ntt_fdc__v1,treatment,LINEAR_POWER_GAMMA0,3.2385623455047607,307,1.937160611152649,307
FROZEN,S1A_IW_GRDH_1SDV_20200413T103323_20200413T103352_032108_03B608_rtc,2020-04-13T10:33:37.538361+00:00,2020-04-13,2020Q2,S1A,11,ascending,C1_hkex_dc__v1,control,LINEAR_POWER_GAMMA0,0.3153737783432007,55,0.09718429297208786,55
FROZEN,S1A_IW_GRDH_1SDV_20200413T103323_20200413T103352_032108_03B608_rtc,2020-04-13T10:33:37.538361+00:00,2020-04-13,2020Q2,S1A,11,ascending,C2b_amc__v2,positive_control,LINEAR_POWER_GAMMA0,1.5427508354187012,260,0.28114351630210876,260
FROZEN,S1A_IW_GRDH_1SDV_20200413T103323_20200413T103352_032108_03B608_rtc,2020-04-13T10:33:37.538361+00:00,2020-04-13,2020Q2,S1A,11,ascending,P1_vacant__v1,placebo,LINEAR_POWER_GAMMA0,0.20982089638710022,93,0.07914190739393234,93
FROZEN,S1A_IW_GRDH_1SDV_20200413T103323_20200413T103352_032108_03B608_rtc,2020-04-13T10:33:37.538361+00:00,2020-04-13,2020Q2,S1A,11,ascending,X1_build_slab__v1,positive_control,LINEAR_POWER_GAMMA0,0.6515541076660156,67,0.23839055001735687,67
FROZEN,S1A_IW_GRDH_1SDV_20200413T103323_20200413T103352_032108_03B608_rtc,2020-04-13T10:33:37.538361+00:00,2020-04-13,2020Q2,S1A,11,ascending,X2_build_site__v1,positive_control,LINEAR_POWER_GAMMA0,0.6157019734382629,155,0.1771063208580017,155
FROZEN,S1A_IW_GRDH_1SDV_20200420T102510_20200420T102539_032210_03B9A9_rtc,2020-04-20T10:25:25.081552+00:00,2020-04-20,2020Q2,S1A,113,ascending,T1_ntt_fdc__v1,treatment,LINEAR_POWER_GAMMA0,1.6009173393249512,307,0.6687833070755005,307
FROZEN,S1A_IW_GRDH_1SDV_20200420T102510_20200420T102539_032210_03B9A9_rtc,2020-04-20T10:25:25.081552+00:00,2020-04-20,2020Q2,S1A,113,ascending,C1_hkex_dc__v1,control,LINEAR_POWER_GAMMA0,0.345355749130249,55,0.09981092810630798,55
FROZEN,S1A_IW_GRDH_1SDV_20200420T102510_20200420T102539_032210_03B9A9_rtc,2020-04-20T10:25:25.081552+00:00,2020-04-20,2020Q2,S1A,113,ascending,C2b_amc__v2,positive_control,LINEAR_POWER_GAMMA0,1.131521224975586,260,0.2965664863586426,260
FROZEN,S1A_IW_GRDH_1SDV_20200420T102510_20200420T102539_032210_03B9A9_rtc,2020-04-20T10:25:25.081552+00:00,2020-04-20,2020Q2,S1A,113,ascending,P1_vacant__v1,placebo,LINEAR_POWER_GAMMA0,0.2644597887992859,93,0.05415567383170128,93
FROZEN,S1A_IW_GRDH_1SDV_20200420T102510_20200420T102539_032210_03B9A9_rtc,2020-04-20T10:25:25.081552+00:00,2020-04-20,2020Q2,S1A,113,ascending,X1_build_slab__v1,positive_control,LINEAR_POWER_GAMMA0,0.5263593196868896,67,0.2730342447757721,67
FROZEN,S1A_IW_GRDH_1SDV_20200420T102510_20200420T102539_032210_03B9A9_rtc,2020-04-20T10:25:25.081552+00:00,2020-04-20,2020Q2,S1A,113,ascending,X2_build_site__v1,positive_control,LINEAR_POWER_GAMMA0,0.6421247124671936,155,0.21843522787094116,155
FROZEN,S1A_IW_GRDH_1SDV_20200425T103323_20200425T103352_032283_03BC2C_rtc,2020-04-25T10:33:38.045809+00:00,2020-04-25,2020Q2,S1A,11,ascending,T1_ntt_fdc__v1,treatment,LINEAR_POWER_GAMMA0,3.5638391971588135,307,1.9071065187454224,307
FROZEN,S1A_IW_GRDH_1SDV_20200425T103323_20200425T103352_032283_03BC2C_rtc,2020-04-25T10:33:38.045809+00:00,2020-04-25,2020Q2,S1A,11,ascending,C1_hkex_dc__v1,control,LINEAR_POWER_GAMMA0,0.34264662861824036,55,0.10711479932069778,55
FROZEN,S1A_IW_GRDH_1SDV_20200425T103323_20200425T103352_032283_03BC2C_rtc,2020-04-25T10:33:38.045809+00:00,2020-04-25,2020Q2,S1A,11,ascending,C2b_amc__v2,positive_control,LINEAR_POWER_GAMMA0,1.5719040632247925,260,0.36781439185142517,260
FROZEN,S1A_IW_GRDH_1SDV_20200425T103323_20200425T103352_032283_03BC2C_rtc,2020-04-25T10:33:38.045809+00:00,2020-04-25,2020Q2,S1A,11,ascending,P1_vacant__v1,placebo,LINEAR_POWER_GAMMA0,0.2358274906873703,93,0.06640870869159698,93
FROZEN,S1A_IW_GRDH_1SDV_20200425T103323_20200425T103352_032283_03BC2C_rtc,2020-04-25T10:33:38.045809+00:00,2020-04-25,2020Q2,S1A,11,ascending,X1_build_slab__v1,positive_control,LINEAR_POWER_GAMMA0,0.7493374347686768,67,0.1699458509683609,67
FROZEN,S1A_IW_GRDH_1SDV_20200425T103323_20200425T103352_032283_03BC2C_rtc,2020-04-25T10:33:38.045809+00:00,2020-04-25,2020Q2,S1A,11,ascending,X2_build_site__v1,positive_control,LINEAR_POWER_GAMMA0,0.6550835371017456,155,0.1541009545326233,155
FROZEN,S1A_IW_GRDH_1SDV_20200502T102511_20200502T102540_032385_03BFD3_rtc,2020-05-02T10:25:25.645886+00:00,2020-05-02,2020Q2,S1A,113,ascending,T1_ntt_fdc__v1,treatment,LINEAR_POWER_GAMMA0,1.3428871631622314,307,0.627159059047699,307
FROZEN,S1A_IW_GRDH_1SDV_20200502T102511_20200502T102540_032385_03BFD3_rtc,2020-05-02T10:25:25.645886+00:00,2020-05-02,2020Q2,S1A,113,ascending,C1_hkex_dc__v1,control,LINEAR_POWER_GAMMA0,0.3379710018634796,55,0.05856039747595787,55
FROZEN,S1A_IW_GRDH_1SDV_20200502T102511_20200502T102540_032385_03BFD3_rtc,2020-05-02T10:25:25.645886+00:00,2020-05-02,2020Q2,S1A,113,ascending,C2b_amc__v2,positive_control,LINEAR_POWER_GAMMA0,1.5041545629501343,260,0.3176441788673401,260
FROZEN,S1A_IW_GRDH_1SDV_20200502T102511_20200502T102540_032385_03BFD3_rtc,2020-05-02T10:25:25.645886+00:00,2020-05-02,2020Q2,S1A,113,ascending,P1_vacant__v1,placebo,LINEAR_POWER_GAMMA0,0.3080570101737976,93,0.05624496936798096,93
FROZEN,S1A_IW_GRDH_1SDV_20200502T102511_20200502T102540_032385_03BFD3_rtc,2020-05-02T10:25:25.645886+00:00,2020-05-02,2020Q2,S1A,113,ascending,X1_build_slab__v1,positive_control,LINEAR_POWER_GAMMA0,0.4546433985233307,67,0.1457647979259491,67
FROZEN,S1A_IW_GRDH_1SDV_20200502T102511_20200502T102540_032385_03BFD3_rtc,2020-05-02T10:25:25.645886+00:00,2020-05-02,2020Q2,S1A,113,ascending,X2_build_site__v1,positive_control,LINEAR_POWER_GAMMA0,0.7034479975700378,155,0.18834060430526733,155
FROZEN,S1A_IW_GRDH_1SDV_20200507T103323_20200507T103352_032458_03C23E_rtc,2020-05-07T10:33:38.476180+00:00,2020-05-07,2020Q2,S1A,11,ascending,T1_ntt_fdc__v1,treatment,LINEAR_POWER_GAMMA0,4.17257022857666,307,1.7399691343307495,307
FROZEN,S1A_IW_GRDH_1SDV_20200507T103323_20200507T103352_032458_03C23E_rtc,2020-05-07T10:33:38.476180+00:00,2020-05-07,2020Q2,S1A,11,ascending,C1_hkex_dc__v1,control,LINEAR_POWER_GAMMA0,0.3325415253639221,55,0.1036723256111145,55
FROZEN,S1A_IW_GRDH_1SDV_20200507T103323_20200507T103352_032458_03C23E_rtc,2020-05-07T10:33:38.476180+00:00,2020-05-07,2020Q2,S1A,11,ascending,C2b_amc__v2,positive_control,LINEAR_POWER_GAMMA0,2.0970778465270996,260,0.549504280090332,260
FROZEN,S1A_IW_GRDH_1SDV_20200507T103323_20200507T103352_032458_03C23E_rtc,2020-05-07T10:33:38.476180+00:00,2020-05-07,2020Q2,S1A,11,ascending,P1_vacant__v1,placebo,LINEAR_POWER_GAMMA0,0.2513728439807892,93,0.06913097202777863,93
FROZEN,S1A_IW_GRDH_1SDV_20200507T103323_20200507T103352_032458_03C23E_rtc,2020-05-07T10:33:38.476180+00:00,2020-05-07,2020Q2,S1A,11,ascending,X1_build_slab__v1,positive_control,LINEAR_POWER_GAMMA0,0.713257908821106,67,0.15551339089870453,67
FROZEN,S1A_IW_GRDH_1SDV_20200507T103323_20200507T103352_032458_03C23E_rtc,2020-05-07T10:33:38.476180+00:00,2020-05-07,2020Q2,S1A,11,ascending,X2_build_site__v1,positive_control,LINEAR_POWER_GAMMA0,0.6475082039833069,155,0.14367260038852692,155
FROZEN,S1A_IW_GRDH_1SDV_20200514T102511_20200514T102540_032560_03C567_rtc,2020-05-14T10:25:26.321640+00:00,2020-05-14,2020Q2,S1A,113,ascending,T1_ntt_fdc__v1,treatment,LINEAR_POWER_GAMMA0,1.647113561630249,307,0.672670304775238,307
FROZEN,S1A_IW_GRDH_1SDV_20200514T102511_20200514T102540_032560_03C567_rtc,2020-05-14T10:25:26.321640+00:00,2020-05-14,2020Q2,S1A,113,ascending,C1_hkex_dc__v1,control,LINEAR_POWER_GAMMA0,0.3244570791721344,55,0.08477702736854553,55
FROZEN,S1A_IW_GRDH_1SDV_20200514T102511_20200514T102540_032560_03C567_rtc,2020-05-14T10:25:26.321640+00:00,2020-05-14,2020Q2,S1A,113,ascending,C2b_amc__v2,positive_control,LINEAR_POWER_GAMMA0,1.7977755069732666,260,0.34226498007774353,260
FROZEN,S1A_IW_GRDH_1SDV_20200514T102511_20200514T102540_032560_03C567_rtc,2020-05-14T10:25:26.321640+00:00,2020-05-14,2020Q2,S1A,113,ascending,P1_vacant__v1,placebo,LINEAR_POWER_GAMMA0,0.1812787801027298,93,0.0640963539481163,93
FROZEN,S1A_IW_GRDH_1SDV_20200514T102511_20200514T102540_032560_03C567_rtc,2020-05-14T10:25:26.321640+00:00,2020-05-14,2020Q2,S1A,113,ascending,X1_build_slab__v1,positive_control,LINEAR_POWER_GAMMA0,0.8310679793357849,67,0.12951165437698364,67
FROZEN,S1A_IW_GRDH_1SDV_20200514T102511_20200514T102540_032560_03C567_rtc,2020-05-14T10:25:26.321640+00:00,2020-05-14,2020Q2,S1A,113,ascending,X2_build_site__v1,positive_control,LINEAR_POWER_GAMMA0,1.0784239768981934,155,0.17941530048847198,155
FROZEN,S1A_IW_GRDH_1SDV_20200526T102512_20200526T102541_032735_03CAB6_rtc,2020-05-26T10:25:27.069964+00:00,2020-05-26,2020Q2,S1A,113,ascending,T1_ntt_fdc__v1,treatment,LINEAR_POWER_GAMMA0,1.6579622030258179,307,0.698698103427887,307
FROZEN,S1A_IW_GRDH_1SDV_20200526T102512_20200526T102541_032735_03CAB6_rtc,2020-05-26T10:25:27.069964+00:00,2020-05-26,2020Q2,S1A,113,ascending,C1_hkex_dc__v1,control,LINEAR_POWER_GAMMA0,0.380870521068573,55,0.08101949840784073,55
FROZEN,S1A_IW_GRDH_1SDV_20200526T102512_20200526T102541_032735_03CAB6_rtc,2020-05-26T10:25:27.069964+00:00,2020-05-26,2020Q2,S1A,113,ascending,C2b_amc__v2,positive_control,LINEAR_POWER_GAMMA0,2.5015275478363037,260,0.5225302577018738,260
FROZEN,S1A_IW_GRDH_1SDV_20200526T102512_20200526T102541_032735_03CAB6_rtc,2020-05-26T10:25:27.069964+00:00,2020-05-26,2020Q2,S1A,113,ascending,P1_vacant__v1,placebo,LINEAR_POWER_GAMMA0,0.3907412886619568,93,0.06923031806945801,93
FROZEN,S1A_IW_GRDH_1SDV_20200526T102512_20200526T102541_032735_03CAB6_rtc,2020-05-26T10:25:27.069964+00:00,2020-05-26,2020Q2,S1A,113,ascending,X1_build_slab__v1,positive_control,LINEAR_POWER_GAMMA0,0.5448899269104004,67,0.1544363647699356,67
FROZEN,S1A_IW_GRDH_1SDV_20200526T102512_20200526T102541_032735_03CAB6_rtc,2020-05-26T10:25:27.069964+00:00,2020-05-26,2020Q2,S1A,113,ascending,X2_build_site__v1,positive_control,LINEAR_POWER_GAMMA0,0.9573409557342529,155,0.1982700675725937,155
FROZEN,S1A_IW_GRDH_1SDV_20200531T103325_20200531T103354_032808_03CCD8_rtc,2020-05-31T10:33:40.051673+00:00,2020-05-31,2020Q2,S1A,11,ascending,T1_ntt_fdc__v1,treatment,LINEAR_POWER_GAMMA0,3.9405641555786133,307,1.8505706787109375,307
FROZEN,S1A_IW_GRDH_1SDV_20200531T103325_20200531T103354_032808_03CCD8_rtc,2020-05-31T10:33:40.051673+00:00,2020-05-31,2020Q2,S1A,11,ascending,C1_hkex_dc__v1,control,LINEAR_POWER_GAMMA0,0.33457136154174805,55,0.10271923989057541,55
FROZEN,S1A_IW_GRDH_1SDV_20200531T103325_20200531T103354_032808_03CCD8_rtc,2020-05-31T10:33:40.051673+00:00,2020-05-31,2020Q2,S1A,11,ascending,C2b_amc__v2,positive_control,LINEAR_POWER_GAMMA0,2.409214973449707,260,0.5102401375770569,260
FROZEN,S1A_IW_GRDH_1SDV_20200531T103325_20200531T103354_032808_03CCD8_rtc,2020-05-31T10:33:40.051673+00:00,2020-05-31,2020Q2,S1A,11,ascending,P1_vacant__v1,placebo,LINEAR_POWER_GAMMA0,0.2890250086784363,93,0.07214042544364929,93
FROZEN,S1A_IW_GRDH_1SDV_20200531T103325_20200531T103354_032808_03CCD8_rtc,2020-05-31T10:33:40.051673+00:00,2020-05-31,2020Q2,S1A,11,ascending,X1_build_slab__v1,positive_control,LINEAR_POWER_GAMMA0,0.7254672646522522,67,0.2493293583393097,67
FROZEN,S1A_IW_GRDH_1SDV_20200531T103325_20200531T103354_032808_03CCD8_rtc,2020-05-31T10:33:40.051673+00:00,2020-05-31,2020Q2,S1A,11,ascending,X2_build_site__v1,positive_control,LINEAR_POWER_GAMMA0,0.7278168797492981,155,0.19386428594589233,155
FROZEN,S1A_IW_GRDH_1SDV_20200607T102513_20200607T102542_032910_03CFE3_rtc,2020-06-07T10:25:27.713122+00:00,2020-06-07,2020Q2,S1A,113,ascending,T1_ntt_fdc__v1,treatment,LINEAR_POWER_GAMMA0,2.009774684906006,307,0.7895308136940002,307
FROZEN,S1A_IW_GRDH_1SDV_20200607T102513_20200607T102542_032910_03CFE3_rtc,2020-06-07T10:25:27.713122+00:00,2020-06-07,2020Q2,S1A,113,ascending,C1_hkex_dc__v1,control,LINEAR_POWER_GAMMA0,0.36956313252449036,55,0.06983746588230133,55
FROZEN,S1A_IW_GRDH_1SDV_20200607T102513_20200607T102542_032910_03CFE3_rtc,2020-06-07T10:25:27.713122+00:00,2020-06-07,2020Q2,S1A,113,ascending,C2b_amc__v2,positive_control,LINEAR_POWER_GAMMA0,2.365844249725342,260,0.47961747646331787,260
FROZEN,S1A_IW_GRDH_1SDV_20200607T102513_20200607T102542_032910_03CFE3_rtc,2020-06-07T10:25:27.713122+00:00,2020-06-07,2020Q2,S1A,113,ascending,P1_vacant__v1,placebo,LINEAR_POWER_GAMMA0,0.4595544934272766,93,0.07080245763063431,93
FROZEN,S1A_IW_GRDH_1SDV_20200607T102513_20200607T102542_032910_03CFE3_rtc,2020-06-07T10:25:27.713122+00:00,2020-06-07,2020Q2,S1A,113,ascending,X1_build_slab__v1,positive_control,LINEAR_POWER_GAMMA0,0.8323545455932617,67,0.19927313923835754,67
FROZEN,S1A_IW_GRDH_1SDV_20200607T102513_20200607T102542_032910_03CFE3_rtc,2020-06-07T10:25:27.713122+00:00,2020-06-07,2020Q2,S1A,113,ascending,X2_build_site__v1,positive_control,LINEAR_POWER_GAMMA0,1.3077971935272217,155,0.22347524762153625,155
FROZEN,S1A_IW_GRDH_1SDV_20200612T103326_20200612T103355_032983_03D205_rtc,2020-06-12T10:33:40.833234+00:00,2020-06-12,2020Q2,S1A,11,ascending,T1_ntt_fdc__v1,treatment,LINEAR_POWER_GAMMA0,3.7920939922332764,307,1.8238701820373535,307
FROZEN,S1A_IW_GRDH_1SDV_20200612T103326_20200612T103355_032983_03D205_rtc,2020-06-12T10:33:40.833234+00:00,2020-06-12,2020Q2,S1A,11,ascending,C1_hkex_dc__v1,control,LINEAR_POWER_GAMMA0,0.27960723638534546,55,0.09826938807964325,55
FROZEN,S1A_IW_GRDH_1SDV_20200612T103326_20200612T103355_032983_03D205_rtc,2020-06-12T10:33:40.833234+00:00,2020-06-12,2020Q2,S1A,11,ascending,C2b_amc__v2,positive_control,LINEAR_POWER_GAMMA0,2.1956677436828613,260,0.5174685716629028,260
FROZEN,S1A_IW_GRDH_1SDV_20200612T103326_20200612T103355_032983_03D205_rtc,2020-06-12T10:33:40.833234+00:00,2020-06-12,2020Q2,S1A,11,ascending,P1_vacant__v1,placebo,LINEAR_POWER_GAMMA0,0.5442749857902527,93,0.08647872507572174,93
FROZEN,S1A_IW_GRDH_1SDV_20200612T103326_20200612T103355_032983_03D205_rtc,2020-06-12T10:33:40.833234+00:00,2020-06-12,2020Q2,S1A,11,ascending,X1_build_slab__v1,positive_control,LINEAR_POWER_GAMMA0,0.45494842529296875,67,0.2651676833629608,67
FROZEN,S1A_IW_GRDH_1SDV_20200612T103326_20200612T103355_032983_03D205_rtc,2020-06-12T10:33:40.833234+00:00,2020-06-12,2020Q2,S1A,11,ascending,X2_build_site__v1,positive_control,LINEAR_POWER_GAMMA0,0.6201013326644897,155,0.18915314972400665,155
FROZEN,S1A_IW_GRDH_1SDV_20200619T102513_20200619T102542_033085_03D52B_rtc,2020-06-19T10:25:28.481090+00:00,2020-06-19,2020Q2,S1A,113,ascending,T1_ntt_fdc__v1,treatment,LINEAR_POWER_GAMMA0,1.377150535583496,307,0.6559303998947144,307
FROZEN,S1A_IW_GRDH_1SDV_20200619T102513_20200619T102542_033085_03D52B_rtc,2020-06-19T10:25:28.481090+00:00,2020-06-19,2020Q2,S1A,113,ascending,C1_hkex_dc__v1,control,LINEAR_POWER_GAMMA0,0.6228258013725281,55,0.10005182027816772,55
FROZEN,S1A_IW_GRDH_1SDV_20200619T102513_20200619T102542_033085_03D52B_rtc,2020-06-19T10:25:28.481090+00:00,2020-06-19,2020Q2,S1A,113,ascending,C2b_amc__v2,positive_control,LINEAR_POWER_GAMMA0,1.8535226583480835,260,0.5223559141159058,260
FROZEN,S1A_IW_GRDH_1SDV_20200619T102513_20200619T102542_033085_03D52B_rtc,2020-06-19T10:25:28.481090+00:00,2020-06-19,2020Q2,S1A,113,ascending,P1_vacant__v1,placebo,LINEAR_POWER_GAMMA0,0.2623996138572693,93,0.0768844336271286,93
FROZEN,S1A_IW_GRDH_1SDV_20200619T102513_20200619T102542_033085_03D52B_rtc,2020-06-19T10:25:28.481090+00:00,2020-06-19,2020Q2,S1A,113,ascending,X1_build_slab__v1,positive_control,LINEAR_POWER_GAMMA0,0.5568559169769287,67,0.19572098553180695,67
FROZEN,S1A_IW_GRDH_1SDV_20200619T102513_20200619T102542_033085_03D52B_rtc,2020-06-19T10:25:28.481090+00:00,2020-06-19,2020Q2,S1A,113,ascending,X2_build_site__v1,positive_control,LINEAR_POWER_GAMMA0,0.7997982501983643,155,0.23463118076324463,155
FROZEN,S1A_IW_GRDH_1SDV_20200624T103326_20200624T103356_033158_03D75A_rtc,2020-06-24T10:33:41.489254+00:00,2020-06-24,2020Q2,S1A,11,ascending,T1_ntt_fdc__v1,treatment,LINEAR_POWER_GAMMA0,3.86114764213562,307,1.7981277704238892,307
FROZEN,S1A_IW_GRDH_1SDV_20200624T103326_20200624T103356_033158_03D75A_rtc,2020-06-24T10:33:41.489254+00:00,2020-06-24,2020Q2,S1A,11,ascending,C1_hkex_dc__v1,control,LINEAR_POWER_GAMMA0,0.35940316319465637,55,0.10479924827814102,55
FROZEN,S1A_IW_GRDH_1SDV_20200624T103326_20200624T103356_033158_03D75A_rtc,2020-06-24T10:33:41.489254+00:00,2020-06-24,2020Q2,S1A,11,ascending,C2b_amc__v2,positive_control,LINEAR_POWER_GAMMA0,2.144227981567383,260,0.3726211488246918,260
FROZEN,S1A_IW_GRDH_1SDV_20200624T103326_20200624T103356_033158_03D75A_rtc,2020-06-24T10:33:41.489254+00:00,2020-06-24,2020Q2,S1A,11,ascending,P1_vacant__v1,placebo,LINEAR_POWER_GAMMA0,0.24655750393867493,93,0.07684149593114853,93
FROZEN,S1A_IW_GRDH_1SDV_20200624T103326_20200624T103356_033158_03D75A_rtc,2020-06-24T10:33:41.489254+00:00,2020-06-24,2020Q2,S1A,11,ascending,X1_build_slab__v1,positive_control,LINEAR_POWER_GAMMA0,0.46734797954559326,67,0.19603857398033142,67
FROZEN,S1A_IW_GRDH_1SDV_20200624T103326_20200624T103356_033158_03D75A_rtc,2020-06-24T10:33:41.489254+00:00,2020-06-24,2020Q2,S1A,11,ascending,X2_build_site__v1,positive_control,LINEAR_POWER_GAMMA0,0.550532877445221,155,0.1576394885778427,155
FROZEN,S1A_IW_GRDH_1SDV_20200701T102514_20200701T102543_033260_03DA7A_rtc,2020-07-01T10:25:28.951733+00:00,2020-07-01,2020Q3,S1A,113,ascending,T1_ntt_fdc__v1,treatment,LINEAR_POWER_GAMMA0,1.5790907144546509,307,0.6382623314857483,307
FROZEN,S1A_IW_GRDH_1SDV_20200701T102514_20200701T102543_033260_03DA7A_rtc,2020-07-01T10:25:28.951733+00:00,2020-07-01,2020Q3,S1A,113,ascending,C1_hkex_dc__v1,control,LINEAR_POWER_GAMMA0,0.2981320023536682,55,0.06631174683570862,55
FROZEN,S1A_IW_GRDH_1SDV_20200701T102514_20200701T102543_033260_03DA7A_rtc,2020-07-01T10:25:28.951733+00:00,2020-07-01,2020Q3,S1A,113,ascending,C2b_amc__v2,positive_control,LINEAR_POWER_GAMMA0,2.27982234954834,260,0.43963029980659485,260
FROZEN,S1A_IW_GRDH_1SDV_20200701T102514_20200701T102543_033260_03DA7A_rtc,2020-07-01T10:25:28.951733+00:00,2020-07-01,2020Q3,S1A,113,ascending,P1_vacant__v1,placebo,LINEAR_POWER_GAMMA0,0.2588077485561371,93,0.07351276278495789,93
FROZEN,S1A_IW_GRDH_1SDV_20200701T102514_20200701T102543_033260_03DA7A_rtc,2020-07-01T10:25:28.951733+00:00,2020-07-01,2020Q3,S1A,113,ascending,X1_build_slab__v1,positive_control,LINEAR_POWER_GAMMA0,0.49250900745391846,67,0.17578187584877014,67
FROZEN,S1A_IW_GRDH_1SDV_20200701T102514_20200701T102543_033260_03DA7A_rtc,2020-07-01T10:25:28.951733+00:00,2020-07-01,2020Q3,S1A,113,ascending,X2_build_site__v1,positive_control,LINEAR_POWER_GAMMA0,0.6549363732337952,155,0.19079193472862244,155
FROZEN,S1A_IW_GRDH_1SDV_20200706T103327_20200706T103356_033333_03DCA5_rtc,2020-07-06T10:33:42.069116+00:00,2020-07-06,2020Q3,S1A,11,ascending,T1_ntt_fdc__v1,treatment,LINEAR_POWER_GAMMA0,4.097565650939941,307,1.8919639587402344,307
FROZEN,S1A_IW_GRDH_1SDV_20200706T103327_20200706T103356_033333_03DCA5_rtc,2020-07-06T10:33:42.069116+00:00,2020-07-06,2020Q3,S1A,11,ascending,C1_hkex_dc__v1,control,LINEAR_POWER_GAMMA0,0.35669681429862976,55,0.11308473348617554,55
FROZEN,S1A_IW_GRDH_1SDV_20200706T103327_20200706T103356_033333_03DCA5_rtc,2020-07-06T10:33:42.069116+00:00,2020-07-06,2020Q3,S1A,11,ascending,C2b_amc__v2,positive_control,LINEAR_POWER_GAMMA0,1.9424099922180176,260,0.4733748733997345,260
FROZEN,S1A_IW_GRDH_1SDV_20200706T103327_20200706T103356_033333_03DCA5_rtc,2020-07-06T10:33:42.069116+00:00,2020-07-06,2020Q3,S1A,11,ascending,P1_vacant__v1,placebo,LINEAR_POWER_GAMMA0,0.23225003480911255,93,0.07397104799747467,93
FROZEN,S1A_IW_GRDH_1SDV_20200706T103327_20200706T103356_033333_03DCA5_rtc,2020-07-06T10:33:42.069116+00:00,2020-07-06,2020Q3,S1A,11,ascending,X1_build_slab__v1,positive_control,LINEAR_POWER_GAMMA0,0.854418933391571,67,0.2547871470451355,67
FROZEN,S1A_IW_GRDH_1SDV_20200706T103327_20200706T103356_033333_03DCA5_rtc,2020-07-06T10:33:42.069116+00:00,2020-07-06,2020Q3,S1A,11,ascending,X2_build_site__v1,positive_control,LINEAR_POWER_GAMMA0,0.7466981410980225,155,0.2091447412967682,155
FROZEN,S1A_IW_GRDH_1SDV_20200713T102515_20200713T102544_033435_03DFCE_rtc,2020-07-13T10:25:29.744019+00:00,2020-07-13,2020Q3,S1A,113,ascending,T1_ntt_fdc__v1,treatment,LINEAR_POWER_GAMMA0,1.595416784286499,307,0.6206353902816772,307
FROZEN,S1A_IW_GRDH_1SDV_20200713T102515_20200713T102544_033435_03DFCE_rtc,2020-07-13T10:25:29.744019+00:00,2020-07-13,2020Q3,S1A,113,ascending,C1_hkex_dc__v1,control,LINEAR_POWER_GAMMA0,0.3356422483921051,55,0.06834173947572708,55
FROZEN,S1A_IW_GRDH_1SDV_20200713T102515_20200713T102544_033435_03DFCE_rtc,2020-07-13T10:25:29.744019+00:00,2020-07-13,2020Q3,S1A,113,ascending,C2b_amc__v2,positive_control,LINEAR_POWER_GAMMA0,1.7537951469421387,260,0.4031563401222229,260
FROZEN,S1A_IW_GRDH_1SDV_20200713T102515_20200713T102544_033435_03DFCE_rtc,2020-07-13T10:25:29.744019+00:00,2020-07-13,2020Q3,S1A,113,ascending,P1_vacant__v1,placebo,LINEAR_POWER_GAMMA0,0.44913938641548157,93,0.05691990256309509,93
FROZEN,S1A_IW_GRDH_1SDV_20200713T102515_20200713T102544_033435_03DFCE_rtc,2020-07-13T10:25:29.744019+00:00,2020-07-13,2020Q3,S1A,113,ascending,X1_build_slab__v1,positive_control,LINEAR_POWER_GAMMA0,0.4778706133365631,67,0.16186147928237915,67
FROZEN,S1A_IW_GRDH_1SDV_20200713T102515_20200713T102544_033435_03DFCE_rtc,2020-07-13T10:25:29.744019+00:00,2020-07-13,2020Q3,S1A,113,ascending,X2_build_site__v1,positive_control,LINEAR_POWER_GAMMA0,0.6995959281921387,155,0.1897340565919876,155
FROZEN,S1A_IW_GRDH_1SDV_20200718T103328_20200718T103357_033508_03E1FF_rtc,2020-07-18T10:33:42.841956+00:00,2020-07-18,2020Q3,S1A,11,ascending,T1_ntt_fdc__v1,treatment,LINEAR_POWER_GAMMA0,4.000279903411865,307,1.909887671470642,307
FROZEN,S1A_IW_GRDH_1SDV_20200718T103328_20200718T103357_033508_03E1FF_rtc,2020-07-18T10:33:42.841956+00:00,2020-07-18,2020Q3,S1A,11,ascending,C1_hkex_dc__v1,control,LINEAR_POWER_GAMMA0,0.3611317276954651,55,0.11523721367120743,55
FROZEN,S1A_IW_GRDH_1SDV_20200718T103328_20200718T103357_033508_03E1FF_rtc,2020-07-18T10:33:42.841956+00:00,2020-07-18,2020Q3,S1A,11,ascending,C2b_amc__v2,positive_control,LINEAR_POWER_GAMMA0,1.5914936065673828,260,0.4443688988685608,260
FROZEN,S1A_IW_GRDH_1SDV_20200718T103328_20200718T103357_033508_03E1FF_rtc,2020-07-18T10:33:42.841956+00:00,2020-07-18,2020Q3,S1A,11,ascending,P1_vacant__v1,placebo,LINEAR_POWER_GAMMA0,0.26745063066482544,93,0.08194632083177567,93
FROZEN,S1A_IW_GRDH_1SDV_20200718T103328_20200718T103357_033508_03E1FF_rtc,2020-07-18T10:33:42.841956+00:00,2020-07-18,2020Q3,S1A,11,ascending,X1_build_slab__v1,positive_control,LINEAR_POWER_GAMMA0,0.7980571985244751,67,0.24428324401378632,67
FROZEN,S1A_IW_GRDH_1SDV_20200718T103328_20200718T103357_033508_03E1FF_rtc,2020-07-18T10:33:42.841956+00:00,2020-07-18,2020Q3,S1A,11,ascending,X2_build_site__v1,positive_control,LINEAR_POWER_GAMMA0,0.7812081575393677,155,0.19931592047214508,155
FROZEN,S1A_IW_GRDH_1SDV_20200725T102516_20200725T102545_033610_03E52E_rtc,2020-07-25T10:25:30.683286+00:00,2020-07-25,2020Q3,S1A,113,ascending,T1_ntt_fdc__v1,treatment,LINEAR_POWER_GAMMA0,1.6547191143035889,307,0.61395663022995,307
FROZEN,S1A_IW_GRDH_1SDV_20200725T102516_20200725T102545_033610_03E52E_rtc,2020-07-25T10:25:30.683286+00:00,2020-07-25,2020Q3,S1A,113,ascending,C1_hkex_dc__v1,control,LINEAR_POWER_GAMMA0,0.3079017400741577,55,0.07180102914571762,55
FROZEN,S1A_IW_GRDH_1SDV_20200725T102516_20200725T102545_033610_03E52E_rtc,2020-07-25T10:25:30.683286+00:00,2020-07-25,2020Q3,S1A,113,ascending,C2b_amc__v2,positive_control,LINEAR_POWER_GAMMA0,1.6490025520324707,260,0.39087894558906555,260
FROZEN,S1A_IW_GRDH_1SDV_20200725T102516_20200725T102545_033610_03E52E_rtc,2020-07-25T10:25:30.683286+00:00,2020-07-25,2020Q3,S1A,113,ascending,P1_vacant__v1,placebo,LINEAR_POWER_GAMMA0,0.644085168838501,93,0.08510316163301468,93
FROZEN,S1A_IW_GRDH_1SDV_20200725T102516_20200725T102545_033610_03E52E_rtc,2020-07-25T10:25:30.683286+00:00,2020-07-25,2020Q3,S1A,113,ascending,X1_build_slab__v1,positive_control,LINEAR_POWER_GAMMA0,0.8073167204856873,67,0.1694577932357788,67
FROZEN,S1A_IW_GRDH_1SDV_20200725T102516_20200725T102545_033610_03E52E_rtc,2020-07-25T10:25:30.683286+00:00,2020-07-25,2020Q3,S1A,113,ascending,X2_build_site__v1,positive_control,LINEAR_POWER_GAMMA0,0.8251957297325134,155,0.1864534616470337,155
FROZEN,S1A_IW_GRDH_1SDV_20200730T103329_20200730T103358_033683_03E75D_rtc,2020-07-30T10:33:43.737315+00:00,2020-07-30,2020Q3,S1A,11,ascending,T1_ntt_fdc__v1,treatment,LINEAR_POWER_GAMMA0,3.6900105476379395,307,2.009004831314087,307
FROZEN,S1A_IW_GRDH_1SDV_20200730T103329_20200730T103358_033683_03E75D_rtc,2020-07-30T10:33:43.737315+00:00,2020-07-30,2020Q3,S1A,11,ascending,C1_hkex_dc__v1,control,LINEAR_POWER_GAMMA0,0.34430328011512756,55,0.1105341985821724,55
FROZEN,S1A_IW_GRDH_1SDV_20200730T103329_20200730T103358_033683_03E75D_rtc,2020-07-30T10:33:43.737315+00:00,2020-07-30,2020Q3,S1A,11,ascending,C2b_amc__v2,positive_control,LINEAR_POWER_GAMMA0,2.400954484939575,260,0.49275854229927063,260
FROZEN,S1A_IW_GRDH_1SDV_20200730T103329_20200730T103358_033683_03E75D_rtc,2020-07-30T10:33:43.737315+00:00,2020-07-30,2020Q3,S1A,11,ascending,P1_vacant__v1,placebo,LINEAR_POWER_GAMMA0,0.2620905041694641,93,0.06834327429533005,93
FROZEN,S1A_IW_GRDH_1SDV_20200730T103329_20200730T103358_033683_03E75D_rtc,2020-07-30T10:33:43.737315+00:00,2020-07-30,2020Q3,S1A,11,ascending,X1_build_slab__v1,positive_control,LINEAR_POWER_GAMMA0,0.8162412643432617,67,0.30482521653175354,67
FROZEN,S1A_IW_GRDH_1SDV_20200730T103329_20200730T103358_033683_03E75D_rtc,2020-07-30T10:33:43.737315+00:00,2020-07-30,2020Q3,S1A,11,ascending,X2_build_site__v1,positive_control,LINEAR_POWER_GAMMA0,0.7782825231552124,155,0.23055528104305267,155
FROZEN,S1A_IW_GRDH_1SDV_20200806T102516_20200806T102545_033785_03EA96_rtc,2020-08-06T10:25:31.222864+00:00,2020-08-06,2020Q3,S1A,113,ascending,T1_ntt_fdc__v1,treatment,LINEAR_POWER_GAMMA0,1.6976985931396484,307,0.682124674320221,307
FROZEN,S1A_IW_GRDH_1SDV_20200806T102516_20200806T102545_033785_03EA96_rtc,2020-08-06T10:25:31.222864+00:00,2020-08-06,2020Q3,S1A,113,ascending,C1_hkex_dc__v1,control,LINEAR_POWER_GAMMA0,0.36437562108039856,55,0.07875876873731613,55
FROZEN,S1A_IW_GRDH_1SDV_20200806T102516_20200806T102545_033785_03EA96_rtc,2020-08-06T10:25:31.222864+00:00,2020-08-06,2020Q3,S1A,113,ascending,C2b_amc__v2,positive_control,LINEAR_POWER_GAMMA0,2.352569103240967,260,0.5290272235870361,260
FROZEN,S1A_IW_GRDH_1SDV_20200806T102516_20200806T102545_033785_03EA96_rtc,2020-08-06T10:25:31.222864+00:00,2020-08-06,2020Q3,S1A,113,ascending,P1_vacant__v1,placebo,LINEAR_POWER_GAMMA0,0.33680450916290283,93,0.06432963162660599,93
FROZEN,S1A_IW_GRDH_1SDV_20200806T102516_20200806T102545_033785_03EA96_rtc,2020-08-06T10:25:31.222864+00:00,2020-08-06,2020Q3,S1A,113,ascending,X1_build_slab__v1,positive_control,LINEAR_POWER_GAMMA0,0.5420461297035217,67,0.16369034349918365,67
FROZEN,S1A_IW_GRDH_1SDV_20200806T102516_20200806T102545_033785_03EA96_rtc,2020-08-06T10:25:31.222864+00:00,2020-08-06,2020Q3,S1A,113,ascending,X2_build_site__v1,positive_control,LINEAR_POWER_GAMMA0,0.8882232904434204,155,0.19665616750717163,155
FROZEN,S1A_IW_GRDH_1SDV_20200811T103329_20200811T103358_033858_03ED1D_rtc,2020-08-11T10:33:44.319171+00:00,2020-08-11,2020Q3,S1A,11,ascending,T1_ntt_fdc__v1,treatment,LINEAR_POWER_GAMMA0,3.5135061740875244,307,1.9332523345947266,307
FROZEN,S1A_IW_GRDH_1SDV_20200811T103329_20200811T103358_033858_03ED1D_rtc,2020-08-11T10:33:44.319171+00:00,2020-08-11,2020Q3,S1A,11,ascending,C1_hkex_dc__v1,control,LINEAR_POWER_GAMMA0,0.3519039750099182,55,0.10833795368671417,55
FROZEN,S1A_IW_GRDH_1SDV_20200811T103329_20200811T103358_033858_03ED1D_rtc,2020-08-11T10:33:44.319171+00:00,2020-08-11,2020Q3,S1A,11,ascending,C2b_amc__v2,positive_control,LINEAR_POWER_GAMMA0,1.9718022346496582,260,0.4157547056674957,260
FROZEN,S1A_IW_GRDH_1SDV_20200811T103329_20200811T103358_033858_03ED1D_rtc,2020-08-11T10:33:44.319171+00:00,2020-08-11,2020Q3,S1A,11,ascending,P1_vacant__v1,placebo,LINEAR_POWER_GAMMA0,0.21711209416389465,93,0.07464346289634705,93
FROZEN,S1A_IW_GRDH_1SDV_20200811T103329_20200811T103358_033858_03ED1D_rtc,2020-08-11T10:33:44.319171+00:00,2020-08-11,2020Q3,S1A,11,ascending,X1_build_slab__v1,positive_control,LINEAR_POWER_GAMMA0,1.792508840560913,67,0.25895464420318604,67
FROZEN,S1A_IW_GRDH_1SDV_20200811T103329_20200811T103358_033858_03ED1D_rtc,2020-08-11T10:33:44.319171+00:00,2020-08-11,2020Q3,S1A,11,ascending,X2_build_site__v1,positive_control,LINEAR_POWER_GAMMA0,1.281176209449768,155,0.20846673846244812,155
FROZEN,S1A_IW_GRDH_1SDV_20200818T102517_20200818T102546_033960_03F0BB_rtc,2020-08-18T10:25:31.904487+00:00,2020-08-18,2020Q3,S1A,113,ascending,T1_ntt_fdc__v1,treatment,LINEAR_POWER_GAMMA0,2.1221094131469727,307,0.7708471417427063,307
FROZEN,S1A_IW_GRDH_1SDV_20200818T102517_20200818T102546_033960_03F0BB_rtc,2020-08-18T10:25:31.904487+00:00,2020-08-18,2020Q3,S1A,113,ascending,C1_hkex_dc__v1,control,LINEAR_POWER_GAMMA0,0.384309858083725,55,0.07963317632675171,55
FROZEN,S1A_IW_GRDH_1SDV_20200818T102517_20200818T102546_033960_03F0BB_rtc,2020-08-18T10:25:31.904487+00:00,2020-08-18,2020Q3,S1A,113,ascending,C2b_amc__v2,positive_control,LINEAR_POWER_GAMMA0,2.7887420654296875,260,0.557216227054596,260
FROZEN,S1A_IW_GRDH_1SDV_20200818T102517_20200818T102546_033960_03F0BB_rtc,2020-08-18T10:25:31.904487+00:00,2020-08-18,2020Q3,S1A,113,ascending,P1_vacant__v1,placebo,LINEAR_POWER_GAMMA0,0.42462268471717834,93,0.08120565116405487,93
FROZEN,S1A_IW_GRDH_1SDV_20200818T102517_20200818T102546_033960_03F0BB_rtc,2020-08-18T10:25:31.904487+00:00,2020-08-18,2020Q3,S1A,113,ascending,X1_build_slab__v1,positive_control,LINEAR_POWER_GAMMA0,0.6534876823425293,67,0.14567871391773224,67
FROZEN,S1A_IW_GRDH_1SDV_20200818T102517_20200818T102546_033960_03F0BB_rtc,2020-08-18T10:25:31.904487+00:00,2020-08-18,2020Q3,S1A,113,ascending,X2_build_site__v1,positive_control,LINEAR_POWER_GAMMA0,1.2288063764572144,155,0.18245232105255127,155
FROZEN,S1A_IW_GRDH_1SDV_20200823T103330_20200823T103359_034033_03F346_rtc,2020-08-23T10:33:45.021792+00:00,2020-08-23,2020Q3,S1A,11,ascending,T1_ntt_fdc__v1,treatment,LINEAR_POWER_GAMMA0,3.4626591205596924,307,1.8807750940322876,307
FROZEN,S1A_IW_GRDH_1SDV_20200823T103330_20200823T103359_034033_03F346_rtc,2020-08-23T10:33:45.021792+00:00,2020-08-23,2020Q3,S1A,11,ascending,C1_hkex_dc__v1,control,LINEAR_POWER_GAMMA0,0.31864309310913086,55,0.10448148846626282,55
FROZEN,S1A_IW_GRDH_1SDV_20200823T103330_20200823T103359_034033_03F346_rtc,2020-08-23T10:33:45.021792+00:00,2020-08-23,2020Q3,S1A,11,ascending,C2b_amc__v2,positive_control,LINEAR_POWER_GAMMA0,1.9667181968688965,260,0.4311135411262512,260
FROZEN,S1A_IW_GRDH_1SDV_20200823T103330_20200823T103359_034033_03F346_rtc,2020-08-23T10:33:45.021792+00:00,2020-08-23,2020Q3,S1A,11,ascending,P1_vacant__v1,placebo,LINEAR_POWER_GAMMA0,0.2343854010105133,93,0.08088057488203049,93
FROZEN,S1A_IW_GRDH_1SDV_20200823T103330_20200823T103359_034033_03F346_rtc,2020-08-23T10:33:45.021792+00:00,2020-08-23,2020Q3,S1A,11,ascending,X1_build_slab__v1,positive_control,LINEAR_POWER_GAMMA0,0.5573798418045044,67,0.2388835996389389,67
FROZEN,S1A_IW_GRDH_1SDV_20200823T103330_20200823T103359_034033_03F346_rtc,2020-08-23T10:33:45.021792+00:00,2020-08-23,2020Q3,S1A,11,ascending,X2_build_site__v1,positive_control,LINEAR_POWER_GAMMA0,0.6845648884773254,155,0.19358637928962708,155
FROZEN,S1A_IW_GRDH_1SDV_20200830T102518_20200830T102547_034135_03F6E8_rtc,2020-08-30T10:25:32.727627+00:00,2020-08-30,2020Q3,S1A,113,ascending,T1_ntt_fdc__v1,treatment,LINEAR_POWER_GAMMA0,1.5334222316741943,307,0.6277792453765869,307
FROZEN,S1A_IW_GRDH_1SDV_20200830T102518_20200830T102547_034135_03F6E8_rtc,2020-08-30T10:25:32.727627+00:00,2020-08-30,2020Q3,S1A,113,ascending,C1_hkex_dc__v1,control,LINEAR_POWER_GAMMA0,0.2832740843296051,55,0.06653426587581635,55
FROZEN,S1A_IW_GRDH_1SDV_20200830T102518_20200830T102547_034135_03F6E8_rtc,2020-08-30T10:25:32.727627+00:00,2020-08-30,2020Q3,S1A,113,ascending,C2b_amc__v2,positive_control,LINEAR_POWER_GAMMA0,1.9140695333480835,260,0.42860516905784607,260
FROZEN,S1A_IW_GRDH_1SDV_20200830T102518_20200830T102547_034135_03F6E8_rtc,2020-08-30T10:25:32.727627+00:00,2020-08-30,2020Q3,S1A,113,ascending,P1_vacant__v1,placebo,LINEAR_POWER_GAMMA0,0.23872791230678558,93,0.05206042528152466,93
FROZEN,S1A_IW_GRDH_1SDV_20200830T102518_20200830T102547_034135_03F6E8_rtc,2020-08-30T10:25:32.727627+00:00,2020-08-30,2020Q3,S1A,113,ascending,X1_build_slab__v1,positive_control,LINEAR_POWER_GAMMA0,0.44725948572158813,67,0.16152623295783997,67
FROZEN,S1A_IW_GRDH_1SDV_20200830T102518_20200830T102547_034135_03F6E8_rtc,2020-08-30T10:25:32.727627+00:00,2020-08-30,2020Q3,S1A,113,ascending,X2_build_site__v1,positive_control,LINEAR_POWER_GAMMA0,0.7002191543579102,155,0.16898217797279358,155
FROZEN,S1A_IW_GRDH_1SDV_20200904T103331_20200904T103400_034208_03F96D_rtc,2020-09-04T10:33:45.568853+00:00,2020-09-04,2020Q3,S1A,11,ascending,T1_ntt_fdc__v1,treatment,LINEAR_POWER_GAMMA0,3.8577964305877686,307,1.7159048318862915,307
FROZEN,S1A_IW_GRDH_1SDV_20200904T103331_20200904T103400_034208_03F96D_rtc,2020-09-04T10:33:45.568853+00:00,2020-09-04,2020Q3,S1A,11,ascending,C1_hkex_dc__v1,control,LINEAR_POWER_GAMMA0,0.34198692440986633,55,0.10210229456424713,55
FROZEN,S1A_IW_GRDH_1SDV_20200904T103331_20200904T103400_034208_03F96D_rtc,2020-09-04T10:33:45.568853+00:00,2020-09-04,2020Q3,S1A,11,ascending,C2b_amc__v2,positive_control,LINEAR_POWER_GAMMA0,1.867978811264038,260,0.40513840317726135,260
FROZEN,S1A_IW_GRDH_1SDV_20200904T103331_20200904T103400_034208_03F96D_rtc,2020-09-04T10:33:45.568853+00:00,2020-09-04,2020Q3,S1A,11,ascending,P1_vacant__v1,placebo,LINEAR_POWER_GAMMA0,0.29780688881874084,93,0.07079658657312393,93
FROZEN,S1A_IW_GRDH_1SDV_20200904T103331_20200904T103400_034208_03F96D_rtc,2020-09-04T10:33:45.568853+00:00,2020-09-04,2020Q3,S1A,11,ascending,X1_build_slab__v1,positive_control,LINEAR_POWER_GAMMA0,0.623833179473877,67,0.3429424464702606,67
FROZEN,S1A_IW_GRDH_1SDV_20200904T103331_20200904T103400_034208_03F96D_rtc,2020-09-04T10:33:45.568853+00:00,2020-09-04,2020Q3,S1A,11,ascending,X2_build_site__v1,positive_control,LINEAR_POWER_GAMMA0,0.8658610582351685,155,0.2347637116909027,155
FROZEN,S1A_IW_GRDH_1SDV_20200911T102518_20200911T102547_034310_03FD07_rtc,2020-09-11T10:25:33.169444+00:00,2020-09-11,2020Q3,S1A,113,ascending,T1_ntt_fdc__v1,treatment,LINEAR_POWER_GAMMA0,1.7874761819839478,307,0.7370650172233582,307
FROZEN,S1A_IW_GRDH_1SDV_20200911T102518_20200911T102547_034310_03FD07_rtc,2020-09-11T10:25:33.169444+00:00,2020-09-11,2020Q3,S1A,113,ascending,C1_hkex_dc__v1,control,LINEAR_POWER_GAMMA0,0.30633944272994995,55,0.08404541015625,55
FROZEN,S1A_IW_GRDH_1SDV_20200911T102518_20200911T102547_034310_03FD07_rtc,2020-09-11T10:25:33.169444+00:00,2020-09-11,2020Q3,S1A,113,ascending,C2b_amc__v2,positive_control,LINEAR_POWER_GAMMA0,1.5940589904785156,260,0.459445595741272,260
FROZEN,S1A_IW_GRDH_1SDV_20200911T102518_20200911T102547_034310_03FD07_rtc,2020-09-11T10:25:33.169444+00:00,2020-09-11,2020Q3,S1A,113,ascending,P1_vacant__v1,placebo,LINEAR_POWER_GAMMA0,0.28088438510894775,93,0.057239044457674026,93
FROZEN,S1A_IW_GRDH_1SDV_20200911T102518_20200911T102547_034310_03FD07_rtc,2020-09-11T10:25:33.169444+00:00,2020-09-11,2020Q3,S1A,113,ascending,X1_build_slab__v1,positive_control,LINEAR_POWER_GAMMA0,0.5090069770812988,67,0.1522037535905838,67
FROZEN,S1A_IW_GRDH_1SDV_20200911T102518_20200911T102547_034310_03FD07_rtc,2020-09-11T10:25:33.169444+00:00,2020-09-11,2020Q3,S1A,113,ascending,X2_build_site__v1,positive_control,LINEAR_POWER_GAMMA0,0.7740596532821655,155,0.17684540152549744,155
FROZEN,S1A_IW_GRDH_1SDV_20200916T103331_20200916T103400_034383_03FF95_rtc,2020-09-16T10:33:46.006198+00:00,2020-09-16,2020Q3,S1A,11,ascending,T1_ntt_fdc__v1,treatment,LINEAR_POWER_GAMMA0,3.946683406829834,307,1.7753753662109375,307
FROZEN,S1A_IW_GRDH_1SDV_20200916T103331_20200916T103400_034383_03FF95_rtc,2020-09-16T10:33:46.006198+00:00,2020-09-16,2020Q3,S1A,11,ascending,C1_hkex_dc__v1,control,LINEAR_POWER_GAMMA0,0.35788145661354065,55,0.12049485743045807,55
FROZEN,S1A_IW_GRDH_1SDV_20200916T103331_20200916T103400_034383_03FF95_rtc,2020-09-16T10:33:46.006198+00:00,2020-09-16,2020Q3,S1A,11,ascending,C2b_amc__v2,positive_control,LINEAR_POWER_GAMMA0,1.6256541013717651,260,0.559092104434967,260
FROZEN,S1A_IW_GRDH_1SDV_20200916T103331_20200916T103400_034383_03FF95_rtc,2020-09-16T10:33:46.006198+00:00,2020-09-16,2020Q3,S1A,11,ascending,P1_vacant__v1,placebo,LINEAR_POWER_GAMMA0,0.26342833042144775,93,0.08651049435138702,93
FROZEN,S1A_IW_GRDH_1SDV_20200916T103331_20200916T103400_034383_03FF95_rtc,2020-09-16T10:33:46.006198+00:00,2020-09-16,2020Q3,S1A,11,ascending,X1_build_slab__v1,positive_control,LINEAR_POWER_GAMMA0,0.7004637718200684,67,0.31240594387054443,67
FROZEN,S1A_IW_GRDH_1SDV_20200916T103331_20200916T103400_034383_03FF95_rtc,2020-09-16T10:33:46.006198+00:00,2020-09-16,2020Q3,S1A,11,ascending,X2_build_site__v1,positive_control,LINEAR_POWER_GAMMA0,0.7591652870178223,155,0.24438437819480896,155
FROZEN,S1A_IW_GRDH_1SDV_20200923T102519_20200923T102548_034485_04033C_rtc,2020-09-23T10:25:33.542190+00:00,2020-09-23,2020Q3,S1A,113,ascending,T1_ntt_fdc__v1,treatment,LINEAR_POWER_GAMMA0,1.5399678945541382,307,0.596152663230896,307
FROZEN,S1A_IW_GRDH_1SDV_20200923T102519_20200923T102548_034485_04033C_rtc,2020-09-23T10:25:33.542190+00:00,2020-09-23,2020Q3,S1A,113,ascending,C1_hkex_dc__v1,control,LINEAR_POWER_GAMMA0,0.3178836405277252,55,0.073662668466568,55
FROZEN,S1A_IW_GRDH_1SDV_20200923T102519_20200923T102548_034485_04033C_rtc,2020-09-23T10:25:33.542190+00:00,2020-09-23,2020Q3,S1A,113,ascending,C2b_amc__v2,positive_control,LINEAR_POWER_GAMMA0,1.4925155639648438,260,0.4537183940410614,260
FROZEN,S1A_IW_GRDH_1SDV_20200923T102519_20200923T102548_034485_04033C_rtc,2020-09-23T10:25:33.542190+00:00,2020-09-23,2020Q3,S1A,113,ascending,P1_vacant__v1,placebo,LINEAR_POWER_GAMMA0,0.22840282320976257,93,0.06590592861175537,93
FROZEN,S1A_IW_GRDH_1SDV_20200923T102519_20200923T102548_034485_04033C_rtc,2020-09-23T10:25:33.542190+00:00,2020-09-23,2020Q3,S1A,113,ascending,X1_build_slab__v1,positive_control,LINEAR_POWER_GAMMA0,0.40963658690452576,67,0.23269122838974,67
FROZEN,S1A_IW_GRDH_1SDV_20200923T102519_20200923T102548_034485_04033C_rtc,2020-09-23T10:25:33.542190+00:00,2020-09-23,2020Q3,S1A,113,ascending,X2_build_site__v1,positive_control,LINEAR_POWER_GAMMA0,0.7407354712486267,155,0.20359794795513153,155
FROZEN,S1A_IW_GRDH_1SDV_20200928T103331_20200928T103400_034558_0405C6_rtc,2020-09-28T10:33:46.374259+00:00,2020-09-28,2020Q3,S1A,11,ascending,T1_ntt_fdc__v1,treatment,LINEAR_POWER_GAMMA0,3.95635724067688,307,1.806325912475586,307
FROZEN,S1A_IW_GRDH_1SDV_20200928T103331_20200928T103400_034558_0405C6_rtc,2020-09-28T10:33:46.374259+00:00,2020-09-28,2020Q3,S1A,11,ascending,C1_hkex_dc__v1,control,LINEAR_POWER_GAMMA0,0.46597060561180115,55,0.11208700388669968,55
FROZEN,S1A_IW_GRDH_1SDV_20200928T103331_20200928T103400_034558_0405C6_rtc,2020-09-28T10:33:46.374259+00:00,2020-09-28,2020Q3,S1A,11,ascending,C2b_amc__v2,positive_control,LINEAR_POWER_GAMMA0,1.9931485652923584,260,0.45401012897491455,260
FROZEN,S1A_IW_GRDH_1SDV_20200928T103331_20200928T103400_034558_0405C6_rtc,2020-09-28T10:33:46.374259+00:00,2020-09-28,2020Q3,S1A,11,ascending,P1_vacant__v1,placebo,LINEAR_POWER_GAMMA0,0.35472938418388367,93,0.08427762240171432,93
FROZEN,S1A_IW_GRDH_1SDV_20200928T103331_20200928T103400_034558_0405C6_rtc,2020-09-28T10:33:46.374259+00:00,2020-09-28,2020Q3,S1A,11,ascending,X1_build_slab__v1,positive_control,LINEAR_POWER_GAMMA0,0.8418557643890381,67,0.19498008489608765,67
FROZEN,S1A_IW_GRDH_1SDV_20200928T103331_20200928T103400_034558_0405C6_rtc,2020-09-28T10:33:46.374259+00:00,2020-09-28,2020Q3,S1A,11,ascending,X2_build_site__v1,positive_control,LINEAR_POWER_GAMMA0,0.8864792585372925,155,0.18234939873218536,155
FROZEN,S1A_IW_GRDH_1SDV_20201005T102519_20201005T102548_034660_04095F_rtc,2020-10-05T10:25:33.828751+00:00,2020-10-05,2020Q4,S1A,113,ascending,T1_ntt_fdc__v1,treatment,LINEAR_POWER_GAMMA0,1.626098871231079,307,0.6670493483543396,307
FROZEN,S1A_IW_GRDH_1SDV_20201005T102519_20201005T102548_034660_04095F_rtc,2020-10-05T10:25:33.828751+00:00,2020-10-05,2020Q4,S1A,113,ascending,C1_hkex_dc__v1,control,LINEAR_POWER_GAMMA0,0.37510618567466736,55,0.10179063677787781,55
FROZEN,S1A_IW_GRDH_1SDV_20201005T102519_20201005T102548_034660_04095F_rtc,2020-10-05T10:25:33.828751+00:00,2020-10-05,2020Q4,S1A,113,ascending,C2b_amc__v2,positive_control,LINEAR_POWER_GAMMA0,1.7361496686935425,260,0.38084876537323,260
FROZEN,S1A_IW_GRDH_1SDV_20201005T102519_20201005T102548_034660_04095F_rtc,2020-10-05T10:25:33.828751+00:00,2020-10-05,2020Q4,S1A,113,ascending,P1_vacant__v1,placebo,LINEAR_POWER_GAMMA0,0.2551566958427429,93,0.05978171154856682,93
FROZEN,S1A_IW_GRDH_1SDV_20201005T102519_20201005T102548_034660_04095F_rtc,2020-10-05T10:25:33.828751+00:00,2020-10-05,2020Q4,S1A,113,ascending,X1_build_slab__v1,positive_control,LINEAR_POWER_GAMMA0,0.4102569818496704,67,0.18332558870315552,67
FROZEN,S1A_IW_GRDH_1SDV_20201005T102519_20201005T102548_034660_04095F_rtc,2020-10-05T10:25:33.828751+00:00,2020-10-05,2020Q4,S1A,113,ascending,X2_build_site__v1,positive_control,LINEAR_POWER_GAMMA0,0.6333127021789551,155,0.1880834400653839,155
FROZEN,S1A_IW_GRDH_1SDV_20201010T103332_20201010T103401_034733_040BE5_rtc,2020-10-10T10:33:46.698957+00:00,2020-10-10,2020Q4,S1A,11,ascending,T1_ntt_fdc__v1,treatment,LINEAR_POWER_GAMMA0,2.91434383392334,307,1.852780818939209,307
FROZEN,S1A_IW_GRDH_1SDV_20201010T103332_20201010T103401_034733_040BE5_rtc,2020-10-10T10:33:46.698957+00:00,2020-10-10,2020Q4,S1A,11,ascending,C1_hkex_dc__v1,control,LINEAR_POWER_GAMMA0,0.331039160490036,55,0.08951634168624878,55
FROZEN,S1A_IW_GRDH_1SDV_20201010T103332_20201010T103401_034733_040BE5_rtc,2020-10-10T10:33:46.698957+00:00,2020-10-10,2020Q4,S1A,11,ascending,C2b_amc__v2,positive_control,LINEAR_POWER_GAMMA0,1.5072286128997803,260,0.3929206430912018,260
FROZEN,S1A_IW_GRDH_1SDV_20201010T103332_20201010T103401_034733_040BE5_rtc,2020-10-10T10:33:46.698957+00:00,2020-10-10,2020Q4,S1A,11,ascending,P1_vacant__v1,placebo,LINEAR_POWER_GAMMA0,0.20084865391254425,93,0.0793636292219162,93
FROZEN,S1A_IW_GRDH_1SDV_20201010T103332_20201010T103401_034733_040BE5_rtc,2020-10-10T10:33:46.698957+00:00,2020-10-10,2020Q4,S1A,11,ascending,X1_build_slab__v1,positive_control,LINEAR_POWER_GAMMA0,0.41132277250289917,67,0.2371147871017456,67
FROZEN,S1A_IW_GRDH_1SDV_20201010T103332_20201010T103401_034733_040BE5_rtc,2020-10-10T10:33:46.698957+00:00,2020-10-10,2020Q4,S1A,11,ascending,X2_build_site__v1,positive_control,LINEAR_POWER_GAMMA0,0.5945377945899963,155,0.19161127507686615,155
FROZEN,S1A_IW_GRDH_1SDV_20201017T102519_20201017T102548_034835_040F83_rtc,2020-10-17T10:25:33.942288+00:00,2020-10-17,2020Q4,S1A,113,ascending,T1_ntt_fdc__v1,treatment,LINEAR_POWER_GAMMA0,1.5676358938217163,307,0.6694914698600769,307
FROZEN,S1A_IW_GRDH_1SDV_20201017T102519_20201017T102548_034835_040F83_rtc,2020-10-17T10:25:33.942288+00:00,2020-10-17,2020Q4,S1A,113,ascending,C1_hkex_dc__v1,control,LINEAR_POWER_GAMMA0,0.3124997913837433,55,0.06642965972423553,55
FROZEN,S1A_IW_GRDH_1SDV_20201017T102519_20201017T102548_034835_040F83_rtc,2020-10-17T10:25:33.942288+00:00,2020-10-17,2020Q4,S1A,113,ascending,C2b_amc__v2,positive_control,LINEAR_POWER_GAMMA0,1.4695640802383423,260,0.35901638865470886,260
FROZEN,S1A_IW_GRDH_1SDV_20201017T102519_20201017T102548_034835_040F83_rtc,2020-10-17T10:25:33.942288+00:00,2020-10-17,2020Q4,S1A,113,ascending,P1_vacant__v1,placebo,LINEAR_POWER_GAMMA0,0.24588170647621155,93,0.07397908717393875,93
FROZEN,S1A_IW_GRDH_1SDV_20201017T102519_20201017T102548_034835_040F83_rtc,2020-10-17T10:25:33.942288+00:00,2020-10-17,2020Q4,S1A,113,ascending,X1_build_slab__v1,positive_control,LINEAR_POWER_GAMMA0,0.41374170780181885,67,0.17645439505577087,67
FROZEN,S1A_IW_GRDH_1SDV_20201017T102519_20201017T102548_034835_040F83_rtc,2020-10-17T10:25:33.942288+00:00,2020-10-17,2020Q4,S1A,113,ascending,X2_build_site__v1,positive_control,LINEAR_POWER_GAMMA0,0.8295140266418457,155,0.20477570593357086,155
FROZEN,S1A_IW_GRDH_1SDV_20201022T103332_20201022T103401_034908_0411F7_rtc,2020-10-22T10:33:46.549035+00:00,2020-10-22,2020Q4,S1A,11,ascending,T1_ntt_fdc__v1,treatment,LINEAR_POWER_GAMMA0,3.1508004665374756,307,1.894474983215332,307
FROZEN,S1A_IW_GRDH_1SDV_20201022T103332_20201022T103401_034908_0411F7_rtc,2020-10-22T10:33:46.549035+00:00,2020-10-22,2020Q4,S1A,11,ascending,C1_hkex_dc__v1,control,LINEAR_POWER_GAMMA0,0.33482760190963745,55,0.11201276630163193,55
FROZEN,S1A_IW_GRDH_1SDV_20201022T103332_20201022T103401_034908_0411F7_rtc,2020-10-22T10:33:46.549035+00:00,2020-10-22,2020Q4,S1A,11,ascending,C2b_amc__v2,positive_control,LINEAR_POWER_GAMMA0,1.8214489221572876,260,0.40899160504341125,260
FROZEN,S1A_IW_GRDH_1SDV_20201022T103332_20201022T103401_034908_0411F7_rtc,2020-10-22T10:33:46.549035+00:00,2020-10-22,2020Q4,S1A,11,ascending,P1_vacant__v1,placebo,LINEAR_POWER_GAMMA0,0.2479112297296524,93,0.0744994506239891,93
FROZEN,S1A_IW_GRDH_1SDV_20201022T103332_20201022T103401_034908_0411F7_rtc,2020-10-22T10:33:46.549035+00:00,2020-10-22,2020Q4,S1A,11,ascending,X1_build_slab__v1,positive_control,LINEAR_POWER_GAMMA0,0.4742785692214966,67,0.22559499740600586,67
FROZEN,S1A_IW_GRDH_1SDV_20201022T103332_20201022T103401_034908_0411F7_rtc,2020-10-22T10:33:46.549035+00:00,2020-10-22,2020Q4,S1A,11,ascending,X2_build_site__v1,positive_control,LINEAR_POWER_GAMMA0,0.616127073764801,155,0.20946094393730164,155
FROZEN,S1A_IW_GRDH_1SDV_20201029T102519_20201029T102548_035010_04157B_rtc,2020-10-29T10:25:33.935939+00:00,2020-10-29,2020Q4,S1A,113,ascending,T1_ntt_fdc__v1,treatment,LINEAR_POWER_GAMMA0,1.5791542530059814,307,0.7269893288612366,307
FROZEN,S1A_IW_GRDH_1SDV_20201029T102519_20201029T102548_035010_04157B_rtc,2020-10-29T10:25:33.935939+00:00,2020-10-29,2020Q4,S1A,113,ascending,C1_hkex_dc__v1,control,LINEAR_POWER_GAMMA0,0.3289633095264435,55,0.07470691949129105,55
FROZEN,S1A_IW_GRDH_1SDV_20201029T102519_20201029T102548_035010_04157B_rtc,2020-10-29T10:25:33.935939+00:00,2020-10-29,2020Q4,S1A,113,ascending,C2b_amc__v2,positive_control,LINEAR_POWER_GAMMA0,1.4703878164291382,260,0.33325570821762085,260
FROZEN,S1A_IW_GRDH_1SDV_20201029T102519_20201029T102548_035010_04157B_rtc,2020-10-29T10:25:33.935939+00:00,2020-10-29,2020Q4,S1A,113,ascending,P1_vacant__v1,placebo,LINEAR_POWER_GAMMA0,0.22381052374839783,93,0.0634051114320755,93
FROZEN,S1A_IW_GRDH_1SDV_20201029T102519_20201029T102548_035010_04157B_rtc,2020-10-29T10:25:33.935939+00:00,2020-10-29,2020Q4,S1A,113,ascending,X1_build_slab__v1,positive_control,LINEAR_POWER_GAMMA0,0.8055400252342224,67,0.1724756360054016,67
FROZEN,S1A_IW_GRDH_1SDV_20201029T102519_20201029T102548_035010_04157B_rtc,2020-10-29T10:25:33.935939+00:00,2020-10-29,2020Q4,S1A,113,ascending,X2_build_site__v1,positive_control,LINEAR_POWER_GAMMA0,0.9466625452041626,155,0.19534757733345032,155
FROZEN,S1A_IW_GRDH_1SDV_20201103T103332_20201103T103401_035083_041801_rtc,2020-11-03T10:33:46.544430+00:00,2020-11-03,2020Q4,S1A,11,ascending,T1_ntt_fdc__v1,treatment,LINEAR_POWER_GAMMA0,3.449291467666626,307,1.7689443826675415,307
FROZEN,S1A_IW_GRDH_1SDV_20201103T103332_20201103T103401_035083_041801_rtc,2020-11-03T10:33:46.544430+00:00,2020-11-03,2020Q4,S1A,11,ascending,C1_hkex_dc__v1,control,LINEAR_POWER_GAMMA0,0.36643972992897034,55,0.11480195820331573,55
FROZEN,S1A_IW_GRDH_1SDV_20201103T103332_20201103T103401_035083_041801_rtc,2020-11-03T10:33:46.544430+00:00,2020-11-03,2020Q4,S1A,11,ascending,C2b_amc__v2,positive_control,LINEAR_POWER_GAMMA0,1.766413688659668,260,0.43964922428131104,260
FROZEN,S1A_IW_GRDH_1SDV_20201103T103332_20201103T103401_035083_041801_rtc,2020-11-03T10:33:46.544430+00:00,2020-11-03,2020Q4,S1A,11,ascending,P1_vacant__v1,placebo,LINEAR_POWER_GAMMA0,0.22150185704231262,93,0.0797652080655098,93
FROZEN,S1A_IW_GRDH_1SDV_20201103T103332_20201103T103401_035083_041801_rtc,2020-11-03T10:33:46.544430+00:00,2020-11-03,2020Q4,S1A,11,ascending,X1_build_slab__v1,positive_control,LINEAR_POWER_GAMMA0,0.9220504760742188,67,0.25849777460098267,67
FROZEN,S1A_IW_GRDH_1SDV_20201103T103332_20201103T103401_035083_041801_rtc,2020-11-03T10:33:46.544430+00:00,2020-11-03,2020Q4,S1A,11,ascending,X2_build_site__v1,positive_control,LINEAR_POWER_GAMMA0,0.8230535984039307,155,0.2072123885154724,155
FROZEN,S1A_IW_GRDH_1SDV_20201110T102519_20201110T102548_035185_041B94_rtc,2020-11-10T10:25:33.674287+00:00,2020-11-10,2020Q4,S1A,113,ascending,T1_ntt_fdc__v1,treatment,LINEAR_POWER_GAMMA0,1.656633734703064,307,0.5885971188545227,307
FROZEN,S1A_IW_GRDH_1SDV_20201110T102519_20201110T102548_035185_041B94_rtc,2020-11-10T10:25:33.674287+00:00,2020-11-10,2020Q4,S1A,113,ascending,C1_hkex_dc__v1,control,LINEAR_POWER_GAMMA0,0.3398137092590332,55,0.08238404989242554,55
FROZEN,S1A_IW_GRDH_1SDV_20201110T102519_20201110T102548_035185_041B94_rtc,2020-11-10T10:25:33.674287+00:00,2020-11-10,2020Q4,S1A,113,ascending,C2b_amc__v2,positive_control,LINEAR_POWER_GAMMA0,1.5260283946990967,260,0.33844515681266785,260
FROZEN,S1A_IW_GRDH_1SDV_20201110T102519_20201110T102548_035185_041B94_rtc,2020-11-10T10:25:33.674287+00:00,2020-11-10,2020Q4,S1A,113,ascending,P1_vacant__v1,placebo,LINEAR_POWER_GAMMA0,0.18267996609210968,93,0.05700600519776344,93
FROZEN,S1A_IW_GRDH_1SDV_20201110T102519_20201110T102548_035185_041B94_rtc,2020-11-10T10:25:33.674287+00:00,2020-11-10,2020Q4,S1A,113,ascending,X1_build_slab__v1,positive_control,LINEAR_POWER_GAMMA0,0.47901302576065063,67,0.23276415467262268,67
FROZEN,S1A_IW_GRDH_1SDV_20201110T102519_20201110T102548_035185_041B94_rtc,2020-11-10T10:25:33.674287+00:00,2020-11-10,2020Q4,S1A,113,ascending,X2_build_site__v1,positive_control,LINEAR_POWER_GAMMA0,0.7287357449531555,155,0.2322714477777481,155
FROZEN,S1A_IW_GRDH_1SDV_20201115T103331_20201115T103400_035258_041E1C_rtc,2020-11-15T10:33:46.349426+00:00,2020-11-15,2020Q4,S1A,11,ascending,T1_ntt_fdc__v1,treatment,LINEAR_POWER_GAMMA0,3.4244186878204346,307,1.7258976697921753,307
FROZEN,S1A_IW_GRDH_1SDV_20201115T103331_20201115T103400_035258_041E1C_rtc,2020-11-15T10:33:46.349426+00:00,2020-11-15,2020Q4,S1A,11,ascending,C1_hkex_dc__v1,control,LINEAR_POWER_GAMMA0,0.32503730058670044,55,0.11732640862464905,55
FROZEN,S1A_IW_GRDH_1SDV_20201115T103331_20201115T103400_035258_041E1C_rtc,2020-11-15T10:33:46.349426+00:00,2020-11-15,2020Q4,S1A,11,ascending,C2b_amc__v2,positive_control,LINEAR_POWER_GAMMA0,1.8919769525527954,260,0.331352174282074,260
FROZEN,S1A_IW_GRDH_1SDV_20201115T103331_20201115T103400_035258_041E1C_rtc,2020-11-15T10:33:46.349426+00:00,2020-11-15,2020Q4,S1A,11,ascending,P1_vacant__v1,placebo,LINEAR_POWER_GAMMA0,0.2490566372871399,93,0.06747023016214371,93
FROZEN,S1A_IW_GRDH_1SDV_20201115T103331_20201115T103400_035258_041E1C_rtc,2020-11-15T10:33:46.349426+00:00,2020-11-15,2020Q4,S1A,11,ascending,X1_build_slab__v1,positive_control,LINEAR_POWER_GAMMA0,0.5670766830444336,67,0.24055705964565277,67
FROZEN,S1A_IW_GRDH_1SDV_20201115T103331_20201115T103400_035258_041E1C_rtc,2020-11-15T10:33:46.349426+00:00,2020-11-15,2020Q4,S1A,11,ascending,X2_build_site__v1,positive_control,LINEAR_POWER_GAMMA0,0.5729301571846008,155,0.18219324946403503,155
FROZEN,S1A_IW_GRDH_1SDV_20201122T102518_20201122T102547_035360_04219E_rtc,2020-11-22T10:25:33.348838+00:00,2020-11-22,2020Q4,S1A,113,ascending,T1_ntt_fdc__v1,treatment,LINEAR_POWER_GAMMA0,1.607675552368164,307,0.6789471507072449,307
FROZEN,S1A_IW_GRDH_1SDV_20201122T102518_20201122T102547_035360_04219E_rtc,2020-11-22T10:25:33.348838+00:00,2020-11-22,2020Q4,S1A,113,ascending,C1_hkex_dc__v1,control,LINEAR_POWER_GAMMA0,0.338593453168869,55,0.05461765453219414,55
FROZEN,S1A_IW_GRDH_1SDV_20201122T102518_20201122T102547_035360_04219E_rtc,2020-11-22T10:25:33.348838+00:00,2020-11-22,2020Q4,S1A,113,ascending,C2b_amc__v2,positive_control,LINEAR_POWER_GAMMA0,1.0824706554412842,260,0.33193111419677734,260
FROZEN,S1A_IW_GRDH_1SDV_20201122T102518_20201122T102547_035360_04219E_rtc,2020-11-22T10:25:33.348838+00:00,2020-11-22,2020Q4,S1A,113,ascending,P1_vacant__v1,placebo,LINEAR_POWER_GAMMA0,0.2554449737071991,93,0.06841190904378891,93
FROZEN,S1A_IW_GRDH_1SDV_20201122T102518_20201122T102547_035360_04219E_rtc,2020-11-22T10:25:33.348838+00:00,2020-11-22,2020Q4,S1A,113,ascending,X1_build_slab__v1,positive_control,LINEAR_POWER_GAMMA0,0.5832282900810242,67,0.20369574427604675,67
FROZEN,S1A_IW_GRDH_1SDV_20201122T102518_20201122T102547_035360_04219E_rtc,2020-11-22T10:25:33.348838+00:00,2020-11-22,2020Q4,S1A,113,ascending,X2_build_site__v1,positive_control,LINEAR_POWER_GAMMA0,0.7853009700775146,155,0.20548659563064575,155
FROZEN,S1A_IW_GRDH_1SDV_20201127T103331_20201127T103400_035433_042426_rtc,2020-11-27T10:33:45.836231+00:00,2020-11-27,2020Q4,S1A,11,ascending,T1_ntt_fdc__v1,treatment,LINEAR_POWER_GAMMA0,3.9147472381591797,307,1.63609778881073,307
FROZEN,S1A_IW_GRDH_1SDV_20201127T103331_20201127T103400_035433_042426_rtc,2020-11-27T10:33:45.836231+00:00,2020-11-27,2020Q4,S1A,11,ascending,C1_hkex_dc__v1,control,LINEAR_POWER_GAMMA0,0.37947753071784973,55,0.10488105565309525,55
FROZEN,S1A_IW_GRDH_1SDV_20201127T103331_20201127T103400_035433_042426_rtc,2020-11-27T10:33:45.836231+00:00,2020-11-27,2020Q4,S1A,11,ascending,C2b_amc__v2,positive_control,LINEAR_POWER_GAMMA0,1.4772106409072876,260,0.40183454751968384,260
FROZEN,S1A_IW_GRDH_1SDV_20201127T103331_20201127T103400_035433_042426_rtc,2020-11-27T10:33:45.836231+00:00,2020-11-27,2020Q4,S1A,11,ascending,P1_vacant__v1,placebo,LINEAR_POWER_GAMMA0,0.181406170129776,93,0.07176899909973145,93
FROZEN,S1A_IW_GRDH_1SDV_20201127T103331_20201127T103400_035433_042426_rtc,2020-11-27T10:33:45.836231+00:00,2020-11-27,2020Q4,S1A,11,ascending,X1_build_slab__v1,positive_control,LINEAR_POWER_GAMMA0,0.5454326868057251,67,0.26996657252311707,67
FROZEN,S1A_IW_GRDH_1SDV_20201127T103331_20201127T103400_035433_042426_rtc,2020-11-27T10:33:45.836231+00:00,2020-11-27,2020Q4,S1A,11,ascending,X2_build_site__v1,positive_control,LINEAR_POWER_GAMMA0,0.531792163848877,155,0.1977568417787552,155
FROZEN,S1A_IW_GRDH_1SDV_20201204T102518_20201204T102547_035535_04279E_rtc,2020-12-04T10:25:32.942704+00:00,2020-12-04,2020Q4,S1A,113,ascending,T1_ntt_fdc__v1,treatment,LINEAR_POWER_GAMMA0,1.565905213356018,307,0.6384443640708923,307
FROZEN,S1A_IW_GRDH_1SDV_20201204T102518_20201204T102547_035535_04279E_rtc,2020-12-04T10:25:32.942704+00:00,2020-12-04,2020Q4,S1A,113,ascending,C1_hkex_dc__v1,control,LINEAR_POWER_GAMMA0,0.3082447350025177,55,0.05990023910999298,55
FROZEN,S1A_IW_GRDH_1SDV_20201204T102518_20201204T102547_035535_04279E_rtc,2020-12-04T10:25:32.942704+00:00,2020-12-04,2020Q4,S1A,113,ascending,C2b_amc__v2,positive_control,LINEAR_POWER_GAMMA0,1.2808864116668701,260,0.2982833981513977,260
FROZEN,S1A_IW_GRDH_1SDV_20201204T102518_20201204T102547_035535_04279E_rtc,2020-12-04T10:25:32.942704+00:00,2020-12-04,2020Q4,S1A,113,ascending,P1_vacant__v1,placebo,LINEAR_POWER_GAMMA0,0.22211866080760956,93,0.05823429673910141,93
FROZEN,S1A_IW_GRDH_1SDV_20201204T102518_20201204T102547_035535_04279E_rtc,2020-12-04T10:25:32.942704+00:00,2020-12-04,2020Q4,S1A,113,ascending,X1_build_slab__v1,positive_control,LINEAR_POWER_GAMMA0,0.672363817691803,67,0.19832715392112732,67
FROZEN,S1A_IW_GRDH_1SDV_20201204T102518_20201204T102547_035535_04279E_rtc,2020-12-04T10:25:32.942704+00:00,2020-12-04,2020Q4,S1A,113,ascending,X2_build_site__v1,positive_control,LINEAR_POWER_GAMMA0,0.697160005569458,155,0.21680046617984772,155
FROZEN,S1A_IW_GRDH_1SDV_20201209T103331_20201209T103400_035608_042A35_rtc,2020-12-09T10:33:45.512823+00:00,2020-12-09,2020Q4,S1A,11,ascending,T1_ntt_fdc__v1,treatment,LINEAR_POWER_GAMMA0,3.4532713890075684,307,1.615233063697815,307
FROZEN,S1A_IW_GRDH_1SDV_20201209T103331_20201209T103400_035608_042A35_rtc,2020-12-09T10:33:45.512823+00:00,2020-12-09,2020Q4,S1A,11,ascending,C1_hkex_dc__v1,control,LINEAR_POWER_GAMMA0,0.413823664188385,55,0.11073929816484451,55
FROZEN,S1A_IW_GRDH_1SDV_20201209T103331_20201209T103400_035608_042A35_rtc,2020-12-09T10:33:45.512823+00:00,2020-12-09,2020Q4,S1A,11,ascending,C2b_amc__v2,positive_control,LINEAR_POWER_GAMMA0,1.6019251346588135,260,0.3324129581451416,260
FROZEN,S1A_IW_GRDH_1SDV_20201209T103331_20201209T103400_035608_042A35_rtc,2020-12-09T10:33:45.512823+00:00,2020-12-09,2020Q4,S1A,11,ascending,P1_vacant__v1,placebo,LINEAR_POWER_GAMMA0,0.22928553819656372,93,0.09257420897483826,93
FROZEN,S1A_IW_GRDH_1SDV_20201209T103331_20201209T103400_035608_042A35_rtc,2020-12-09T10:33:45.512823+00:00,2020-12-09,2020Q4,S1A,11,ascending,X1_build_slab__v1,positive_control,LINEAR_POWER_GAMMA0,0.849530816078186,67,0.2785031795501709,67
FROZEN,S1A_IW_GRDH_1SDV_20201209T103331_20201209T103400_035608_042A35_rtc,2020-12-09T10:33:45.512823+00:00,2020-12-09,2020Q4,S1A,11,ascending,X2_build_site__v1,positive_control,LINEAR_POWER_GAMMA0,0.7251319885253906,155,0.21929991245269775,155
FROZEN,S1A_IW_GRDH_1SDV_20201216T102517_20201216T102547_035710_042DBA_rtc,2020-12-16T10:25:32.502011+00:00,2020-12-16,2020Q4,S1A,113,ascending,T1_ntt_fdc__v1,treatment,LINEAR_POWER_GAMMA0,1.5005210638046265,307,0.6588100790977478,307
FROZEN,S1A_IW_GRDH_1SDV_20201216T102517_20201216T102547_035710_042DBA_rtc,2020-12-16T10:25:32.502011+00:00,2020-12-16,2020Q4,S1A,113,ascending,C1_hkex_dc__v1,control,LINEAR_POWER_GAMMA0,0.3299134075641632,55,0.0644507184624672,55
FROZEN,S1A_IW_GRDH_1SDV_20201216T102517_20201216T102547_035710_042DBA_rtc,2020-12-16T10:25:32.502011+00:00,2020-12-16,2020Q4,S1A,113,ascending,C2b_amc__v2,positive_control,LINEAR_POWER_GAMMA0,1.520135760307312,260,0.297726035118103,260
FROZEN,S1A_IW_GRDH_1SDV_20201216T102517_20201216T102547_035710_042DBA_rtc,2020-12-16T10:25:32.502011+00:00,2020-12-16,2020Q4,S1A,113,ascending,P1_vacant__v1,placebo,LINEAR_POWER_GAMMA0,0.3499281704425812,93,0.05099637061357498,93
FROZEN,S1A_IW_GRDH_1SDV_20201216T102517_20201216T102547_035710_042DBA_rtc,2020-12-16T10:25:32.502011+00:00,2020-12-16,2020Q4,S1A,113,ascending,X1_build_slab__v1,positive_control,LINEAR_POWER_GAMMA0,0.729141891002655,67,0.2314477115869522,67
FROZEN,S1A_IW_GRDH_1SDV_20201216T102517_20201216T102547_035710_042DBA_rtc,2020-12-16T10:25:32.502011+00:00,2020-12-16,2020Q4,S1A,113,ascending,X2_build_site__v1,positive_control,LINEAR_POWER_GAMMA0,0.8874245882034302,155,0.2303350418806076,155
FROZEN,S1A_IW_GRDH_1SDV_20201221T103330_20201221T103359_035783_043036_rtc,2020-12-21T10:33:44.958012+00:00,2020-12-21,2020Q4,S1A,11,ascending,T1_ntt_fdc__v1,treatment,LINEAR_POWER_GAMMA0,2.87626314163208,307,1.635245442390442,307
FROZEN,S1A_IW_GRDH_1SDV_20201221T103330_20201221T103359_035783_043036_rtc,2020-12-21T10:33:44.958012+00:00,2020-12-21,2020Q4,S1A,11,ascending,C1_hkex_dc__v1,control,LINEAR_POWER_GAMMA0,0.3245784342288971,55,0.09215407073497772,55
FROZEN,S1A_IW_GRDH_1SDV_20201221T103330_20201221T103359_035783_043036_rtc,2020-12-21T10:33:44.958012+00:00,2020-12-21,2020Q4,S1A,11,ascending,C2b_amc__v2,positive_control,LINEAR_POWER_GAMMA0,1.3597426414489746,260,0.3954963684082031,260
FROZEN,S1A_IW_GRDH_1SDV_20201221T103330_20201221T103359_035783_043036_rtc,2020-12-21T10:33:44.958012+00:00,2020-12-21,2020Q4,S1A,11,ascending,P1_vacant__v1,placebo,LINEAR_POWER_GAMMA0,0.23554763197898865,93,0.0760226845741272,93
FROZEN,S1A_IW_GRDH_1SDV_20201221T103330_20201221T103359_035783_043036_rtc,2020-12-21T10:33:44.958012+00:00,2020-12-21,2020Q4,S1A,11,ascending,X1_build_slab__v1,positive_control,LINEAR_POWER_GAMMA0,0.6640697121620178,67,0.29535964131355286,67
FROZEN,S1A_IW_GRDH_1SDV_20201221T103330_20201221T103359_035783_043036_rtc,2020-12-21T10:33:44.958012+00:00,2020-12-21,2020Q4,S1A,11,ascending,X2_build_site__v1,positive_control,LINEAR_POWER_GAMMA0,0.7063912749290466,155,0.2237471044063568,155
FROZEN,S1A_IW_GRDH_1SDV_20201228T102517_20201228T102546_035885_0433CF_rtc,2020-12-28T10:25:31.929417+00:00,2020-12-28,2020Q4,S1A,113,ascending,T1_ntt_fdc__v1,treatment,LINEAR_POWER_GAMMA0,1.705864667892456,307,0.710667610168457,307
FROZEN,S1A_IW_GRDH_1SDV_20201228T102517_20201228T102546_035885_0433CF_rtc,2020-12-28T10:25:31.929417+00:00,2020-12-28,2020Q4,S1A,113,ascending,C1_hkex_dc__v1,control,LINEAR_POWER_GAMMA0,0.38322699069976807,55,0.0678219422698021,55
FROZEN,S1A_IW_GRDH_1SDV_20201228T102517_20201228T102546_035885_0433CF_rtc,2020-12-28T10:25:31.929417+00:00,2020-12-28,2020Q4,S1A,113,ascending,C2b_amc__v2,positive_control,LINEAR_POWER_GAMMA0,1.094113826751709,260,0.33725640177726746,260
FROZEN,S1A_IW_GRDH_1SDV_20201228T102517_20201228T102546_035885_0433CF_rtc,2020-12-28T10:25:31.929417+00:00,2020-12-28,2020Q4,S1A,113,ascending,P1_vacant__v1,placebo,LINEAR_POWER_GAMMA0,0.21817435324192047,93,0.059900764375925064,93
FROZEN,S1A_IW_GRDH_1SDV_20201228T102517_20201228T102546_035885_0433CF_rtc,2020-12-28T10:25:31.929417+00:00,2020-12-28,2020Q4,S1A,113,ascending,X1_build_slab__v1,positive_control,LINEAR_POWER_GAMMA0,1.161525845527649,67,0.22452983260154724,67
FROZEN,S1A_IW_GRDH_1SDV_20201228T102517_20201228T102546_035885_0433CF_rtc,2020-12-28T10:25:31.929417+00:00,2020-12-28,2020Q4,S1A,113,ascending,X2_build_site__v1,positive_control,LINEAR_POWER_GAMMA0,0.9607319235801697,155,0.20848743617534637,155
FROZEN,S1A_IW_GRDH_1SDV_20210102T103329_20210102T103358_035958_04364A_rtc,2021-01-02T10:33:44.370954+00:00,2021-01-02,2021Q1,S1A,11,ascending,T1_ntt_fdc__v1,treatment,LINEAR_POWER_GAMMA0,3.209458827972412,307,1.6806765794754028,307
FROZEN,S1A_IW_GRDH_1SDV_20210102T103329_20210102T103358_035958_04364A_rtc,2021-01-02T10:33:44.370954+00:00,2021-01-02,2021Q1,S1A,11,ascending,C1_hkex_dc__v1,control,LINEAR_POWER_GAMMA0,0.48114848136901855,55,0.10513436794281006,55
FROZEN,S1A_IW_GRDH_1SDV_20210102T103329_20210102T103358_035958_04364A_rtc,2021-01-02T10:33:44.370954+00:00,2021-01-02,2021Q1,S1A,11,ascending,C2b_amc__v2,positive_control,LINEAR_POWER_GAMMA0,1.3026251792907715,260,0.25927600264549255,260
FROZEN,S1A_IW_GRDH_1SDV_20210102T103329_20210102T103358_035958_04364A_rtc,2021-01-02T10:33:44.370954+00:00,2021-01-02,2021Q1,S1A,11,ascending,P1_vacant__v1,placebo,LINEAR_POWER_GAMMA0,0.25528302788734436,93,0.08297935128211975,93
FROZEN,S1A_IW_GRDH_1SDV_20210102T103329_20210102T103358_035958_04364A_rtc,2021-01-02T10:33:44.370954+00:00,2021-01-02,2021Q1,S1A,11,ascending,X1_build_slab__v1,positive_control,LINEAR_POWER_GAMMA0,0.7333444356918335,67,0.27143892645835876,67
FROZEN,S1A_IW_GRDH_1SDV_20210102T103329_20210102T103358_035958_04364A_rtc,2021-01-02T10:33:44.370954+00:00,2021-01-02,2021Q1,S1A,11,ascending,X2_build_site__v1,positive_control,LINEAR_POWER_GAMMA0,0.7337794303894043,155,0.2266179770231247,155
FROZEN,S1A_IW_GRDH_1SDV_20210109T102516_20210109T102545_036060_0439E2_rtc,2021-01-09T10:25:31.265526+00:00,2021-01-09,2021Q1,S1A,113,ascending,T1_ntt_fdc__v1,treatment,LINEAR_POWER_GAMMA0,1.3429914712905884,307,0.5661051273345947,307
FROZEN,S1A_IW_GRDH_1SDV_20210109T102516_20210109T102545_036060_0439E2_rtc,2021-01-09T10:25:31.265526+00:00,2021-01-09,2021Q1,S1A,113,ascending,C1_hkex_dc__v1,control,LINEAR_POWER_GAMMA0,0.3175816237926483,55,0.051253531128168106,55
FROZEN,S1A_IW_GRDH_1SDV_20210109T102516_20210109T102545_036060_0439E2_rtc,2021-01-09T10:25:31.265526+00:00,2021-01-09,2021Q1,S1A,113,ascending,C2b_amc__v2,positive_control,LINEAR_POWER_GAMMA0,0.9119347929954529,260,0.29319876432418823,260
FROZEN,S1A_IW_GRDH_1SDV_20210109T102516_20210109T102545_036060_0439E2_rtc,2021-01-09T10:25:31.265526+00:00,2021-01-09,2021Q1,S1A,113,ascending,P1_vacant__v1,placebo,LINEAR_POWER_GAMMA0,0.2611336410045624,93,0.058227699249982834,93
FROZEN,S1A_IW_GRDH_1SDV_20210109T102516_20210109T102545_036060_0439E2_rtc,2021-01-09T10:25:31.265526+00:00,2021-01-09,2021Q1,S1A,113,ascending,X1_build_slab__v1,positive_control,LINEAR_POWER_GAMMA0,0.9024367928504944,67,0.23783938586711884,67
FROZEN,S1A_IW_GRDH_1SDV_20210109T102516_20210109T102545_036060_0439E2_rtc,2021-01-09T10:25:31.265526+00:00,2021-01-09,2021Q1,S1A,113,ascending,X2_build_site__v1,positive_control,LINEAR_POWER_GAMMA0,0.926982045173645,155,0.21222738921642303,155
FROZEN,S1A_IW_GRDH_1SDV_20210114T103329_20210114T103358_036133_043C75_rtc,2021-01-14T10:33:43.810118+00:00,2021-01-14,2021Q1,S1A,11,ascending,T1_ntt_fdc__v1,treatment,LINEAR_POWER_GAMMA0,3.2809031009674072,307,1.6944047212600708,307
FROZEN,S1A_IW_GRDH_1SDV_20210114T103329_20210114T103358_036133_043C75_rtc,2021-01-14T10:33:43.810118+00:00,2021-01-14,2021Q1,S1A,11,ascending,C1_hkex_dc__v1,control,LINEAR_POWER_GAMMA0,0.32773518562316895,55,0.09819291532039642,55
FROZEN,S1A_IW_GRDH_1SDV_20210114T103329_20210114T103358_036133_043C75_rtc,2021-01-14T10:33:43.810118+00:00,2021-01-14,2021Q1,S1A,11,ascending,C2b_amc__v2,positive_control,LINEAR_POWER_GAMMA0,1.446899175643921,260,0.344342976808548,260
FROZEN,S1A_IW_GRDH_1SDV_20210114T103329_20210114T103358_036133_043C75_rtc,2021-01-14T10:33:43.810118+00:00,2021-01-14,2021Q1,S1A,11,ascending,P1_vacant__v1,placebo,LINEAR_POWER_GAMMA0,0.21722465753555298,93,0.0830119326710701,93
FROZEN,S1A_IW_GRDH_1SDV_20210114T103329_20210114T103358_036133_043C75_rtc,2021-01-14T10:33:43.810118+00:00,2021-01-14,2021Q1,S1A,11,ascending,X1_build_slab__v1,positive_control,LINEAR_POWER_GAMMA0,0.7585489749908447,67,0.24986958503723145,67
FROZEN,S1A_IW_GRDH_1SDV_20210114T103329_20210114T103358_036133_043C75_rtc,2021-01-14T10:33:43.810118+00:00,2021-01-14,2021Q1,S1A,11,ascending,X2_build_site__v1,positive_control,LINEAR_POWER_GAMMA0,0.6410582065582275,155,0.2125394493341446,155
FROZEN,S1A_IW_GRDH_1SDV_20210121T102516_20210121T102545_036235_043FFD_rtc,2021-01-21T10:25:30.705992+00:00,2021-01-21,2021Q1,S1A,113,ascending,T1_ntt_fdc__v1,treatment,LINEAR_POWER_GAMMA0,1.6086703538894653,307,0.5896135568618774,307
FROZEN,S1A_IW_GRDH_1SDV_20210121T102516_20210121T102545_036235_043FFD_rtc,2021-01-21T10:25:30.705992+00:00,2021-01-21,2021Q1,S1A,113,ascending,C1_hkex_dc__v1,control,LINEAR_POWER_GAMMA0,0.3589650094509125,55,0.05758168175816536,55
FROZEN,S1A_IW_GRDH_1SDV_20210121T102516_20210121T102545_036235_043FFD_rtc,2021-01-21T10:25:30.705992+00:00,2021-01-21,2021Q1,S1A,113,ascending,C2b_amc__v2,positive_control,LINEAR_POWER_GAMMA0,1.0739635229110718,260,0.2708977460861206,260
FROZEN,S1A_IW_GRDH_1SDV_20210121T102516_20210121T102545_036235_043FFD_rtc,2021-01-21T10:25:30.705992+00:00,2021-01-21,2021Q1,S1A,113,ascending,P1_vacant__v1,placebo,LINEAR_POWER_GAMMA0,0.24400880932807922,93,0.054930537939071655,93
FROZEN,S1A_IW_GRDH_1SDV_20210121T102516_20210121T102545_036235_043FFD_rtc,2021-01-21T10:25:30.705992+00:00,2021-01-21,2021Q1,S1A,113,ascending,X1_build_slab__v1,positive_control,LINEAR_POWER_GAMMA0,0.8817113637924194,67,0.2911652624607086,67
FROZEN,S1A_IW_GRDH_1SDV_20210121T102516_20210121T102545_036235_043FFD_rtc,2021-01-21T10:25:30.705992+00:00,2021-01-21,2021Q1,S1A,113,ascending,X2_build_site__v1,positive_control,LINEAR_POWER_GAMMA0,0.8438238501548767,155,0.24677768349647522,155
FROZEN,S1A_IW_GRDH_1SDV_20210126T103328_20210126T103357_036308_044287_rtc,2021-01-26T10:33:43.416451+00:00,2021-01-26,2021Q1,S1A,11,ascending,T1_ntt_fdc__v1,treatment,LINEAR_POWER_GAMMA0,4.186647891998291,307,1.6916309595108032,307
FROZEN,S1A_IW_GRDH_1SDV_20210126T103328_20210126T103357_036308_044287_rtc,2021-01-26T10:33:43.416451+00:00,2021-01-26,2021Q1,S1A,11,ascending,C1_hkex_dc__v1,control,LINEAR_POWER_GAMMA0,0.32823923230171204,55,0.0999961569905281,55
FROZEN,S1A_IW_GRDH_1SDV_20210126T103328_20210126T103357_036308_044287_rtc,2021-01-26T10:33:43.416451+00:00,2021-01-26,2021Q1,S1A,11,ascending,C2b_amc__v2,positive_control,LINEAR_POWER_GAMMA0,1.1190497875213623,260,0.37131112813949585,260
FROZEN,S1A_IW_GRDH_1SDV_20210126T103328_20210126T103357_036308_044287_rtc,2021-01-26T10:33:43.416451+00:00,2021-01-26,2021Q1,S1A,11,ascending,P1_vacant__v1,placebo,LINEAR_POWER_GAMMA0,0.2619270086288452,93,0.08362487703561783,93
FROZEN,S1A_IW_GRDH_1SDV_20210126T103328_20210126T103357_036308_044287_rtc,2021-01-26T10:33:43.416451+00:00,2021-01-26,2021Q1,S1A,11,ascending,X1_build_slab__v1,positive_control,LINEAR_POWER_GAMMA0,0.5871270895004272,67,0.2756268084049225,67
FROZEN,S1A_IW_GRDH_1SDV_20210126T103328_20210126T103357_036308_044287_rtc,2021-01-26T10:33:43.416451+00:00,2021-01-26,2021Q1,S1A,11,ascending,X2_build_site__v1,positive_control,LINEAR_POWER_GAMMA0,0.5915964245796204,155,0.22693848609924316,155
FROZEN,S1A_IW_GRDH_1SDV_20210202T102515_20210202T102544_036410_04460C_rtc,2021-02-02T10:25:30.406173+00:00,2021-02-02,2021Q1,S1A,113,ascending,T1_ntt_fdc__v1,treatment,LINEAR_POWER_GAMMA0,1.9190216064453125,307,0.6553701162338257,307
FROZEN,S1A_IW_GRDH_1SDV_20210202T102515_20210202T102544_036410_04460C_rtc,2021-02-02T10:25:30.406173+00:00,2021-02-02,2021Q1,S1A,113,ascending,C1_hkex_dc__v1,control,LINEAR_POWER_GAMMA0,0.36653244495391846,55,0.05566543713212013,55
FROZEN,S1A_IW_GRDH_1SDV_20210202T102515_20210202T102544_036410_04460C_rtc,2021-02-02T10:25:30.406173+00:00,2021-02-02,2021Q1,S1A,113,ascending,C2b_amc__v2,positive_control,LINEAR_POWER_GAMMA0,1.018733263015747,260,0.27352336049079895,260
FROZEN,S1A_IW_GRDH_1SDV_20210202T102515_20210202T102544_036410_04460C_rtc,2021-02-02T10:25:30.406173+00:00,2021-02-02,2021Q1,S1A,113,ascending,P1_vacant__v1,placebo,LINEAR_POWER_GAMMA0,0.23016086220741272,93,0.05271643400192261,93
FROZEN,S1A_IW_GRDH_1SDV_20210202T102515_20210202T102544_036410_04460C_rtc,2021-02-02T10:25:30.406173+00:00,2021-02-02,2021Q1,S1A,113,ascending,X1_build_slab__v1,positive_control,LINEAR_POWER_GAMMA0,0.9393671751022339,67,0.29823175072669983,67
FROZEN,S1A_IW_GRDH_1SDV_20210202T102515_20210202T102544_036410_04460C_rtc,2021-02-02T10:25:30.406173+00:00,2021-02-02,2021Q1,S1A,113,ascending,X2_build_site__v1,positive_control,LINEAR_POWER_GAMMA0,0.7682890892028809,155,0.24925200641155243,155
FROZEN,S1A_IW_GRDH_1SDV_20210207T103328_20210207T103357_036483_044895_rtc,2021-02-07T10:33:43.044457+00:00,2021-02-07,2021Q1,S1A,11,ascending,T1_ntt_fdc__v1,treatment,LINEAR_POWER_GAMMA0,4.23035192489624,307,1.6753183603286743,307
FROZEN,S1A_IW_GRDH_1SDV_20210207T103328_20210207T103357_036483_044895_rtc,2021-02-07T10:33:43.044457+00:00,2021-02-07,2021Q1,S1A,11,ascending,C1_hkex_dc__v1,control,LINEAR_POWER_GAMMA0,0.3068687915802002,55,0.10572264343500137,55
FROZEN,S1A_IW_GRDH_1SDV_20210207T103328_20210207T103357_036483_044895_rtc,2021-02-07T10:33:43.044457+00:00,2021-02-07,2021Q1,S1A,11,ascending,C2b_amc__v2,positive_control,LINEAR_POWER_GAMMA0,0.9841234683990479,260,0.26969483494758606,260
FROZEN,S1A_IW_GRDH_1SDV_20210207T103328_20210207T103357_036483_044895_rtc,2021-02-07T10:33:43.044457+00:00,2021-02-07,2021Q1,S1A,11,ascending,P1_vacant__v1,placebo,LINEAR_POWER_GAMMA0,0.24238835275173187,93,0.09398985654115677,93
FROZEN,S1A_IW_GRDH_1SDV_20210207T103328_20210207T103357_036483_044895_rtc,2021-02-07T10:33:43.044457+00:00,2021-02-07,2021Q1,S1A,11,ascending,X1_build_slab__v1,positive_control,LINEAR_POWER_GAMMA0,0.7414513826370239,67,0.29337278008461,67
FROZEN,S1A_IW_GRDH_1SDV_20210207T103328_20210207T103357_036483_044895_rtc,2021-02-07T10:33:43.044457+00:00,2021-02-07,2021Q1,S1A,11,ascending,X2_build_site__v1,positive_control,LINEAR_POWER_GAMMA0,0.7252790927886963,155,0.23515014350414276,155
FROZEN,S1A_IW_GRDH_1SDV_20210214T102515_20210214T102544_036585_044C2C_rtc,2021-02-14T10:25:30.052123+00:00,2021-02-14,2021Q1,S1A,113,ascending,T1_ntt_fdc__v1,treatment,LINEAR_POWER_GAMMA0,1.7477539777755737,307,0.797435998916626,307
FROZEN,S1A_IW_GRDH_1SDV_20210214T102515_20210214T102544_036585_044C2C_rtc,2021-02-14T10:25:30.052123+00:00,2021-02-14,2021Q1,S1A,113,ascending,C1_hkex_dc__v1,control,LINEAR_POWER_GAMMA0,0.3150675892829895,55,0.048074401915073395,55
FROZEN,S1A_IW_GRDH_1SDV_20210214T102515_20210214T102544_036585_044C2C_rtc,2021-02-14T10:25:30.052123+00:00,2021-02-14,2021Q1,S1A,113,ascending,C2b_amc__v2,positive_control,LINEAR_POWER_GAMMA0,0.9601857662200928,260,0.23152178525924683,260
FROZEN,S1A_IW_GRDH_1SDV_20210214T102515_20210214T102544_036585_044C2C_rtc,2021-02-14T10:25:30.052123+00:00,2021-02-14,2021Q1,S1A,113,ascending,P1_vacant__v1,placebo,LINEAR_POWER_GAMMA0,0.17663629353046417,93,0.06270959973335266,93
FROZEN,S1A_IW_GRDH_1SDV_20210214T102515_20210214T102544_036585_044C2C_rtc,2021-02-14T10:25:30.052123+00:00,2021-02-14,2021Q1,S1A,113,ascending,X1_build_slab__v1,positive_control,LINEAR_POWER_GAMMA0,0.8084715008735657,67,0.2413453310728073,67
FROZEN,S1A_IW_GRDH_1SDV_20210214T102515_20210214T102544_036585_044C2C_rtc,2021-02-14T10:25:30.052123+00:00,2021-02-14,2021Q1,S1A,113,ascending,X2_build_site__v1,positive_control,LINEAR_POWER_GAMMA0,0.6179457902908325,155,0.20804142951965332,155
FROZEN,S1A_IW_GRDH_1SDV_20210219T103328_20210219T103357_036658_044EB4_rtc,2021-02-19T10:33:42.626575+00:00,2021-02-19,2021Q1,S1A,11,ascending,T1_ntt_fdc__v1,treatment,LINEAR_POWER_GAMMA0,3.442019462585449,307,1.6362332105636597,307
FROZEN,S1A_IW_GRDH_1SDV_20210219T103328_20210219T103357_036658_044EB4_rtc,2021-02-19T10:33:42.626575+00:00,2021-02-19,2021Q1,S1A,11,ascending,C1_hkex_dc__v1,control,LINEAR_POWER_GAMMA0,0.3532887399196625,55,0.09702195972204208,55
FROZEN,S1A_IW_GRDH_1SDV_20210219T103328_20210219T103357_036658_044EB4_rtc,2021-02-19T10:33:42.626575+00:00,2021-02-19,2021Q1,S1A,11,ascending,C2b_amc__v2,positive_control,LINEAR_POWER_GAMMA0,1.168001413345337,260,0.32555559277534485,260
FROZEN,S1A_IW_GRDH_1SDV_20210219T103328_20210219T103357_036658_044EB4_rtc,2021-02-19T10:33:42.626575+00:00,2021-02-19,2021Q1,S1A,11,ascending,P1_vacant__v1,placebo,LINEAR_POWER_GAMMA0,0.21187925338745117,93,0.08106439560651779,93
FROZEN,S1A_IW_GRDH_1SDV_20210219T103328_20210219T103357_036658_044EB4_rtc,2021-02-19T10:33:42.626575+00:00,2021-02-19,2021Q1,S1A,11,ascending,X1_build_slab__v1,positive_control,LINEAR_POWER_GAMMA0,0.8588675260543823,67,0.33278411626815796,67
FROZEN,S1A_IW_GRDH_1SDV_20210219T103328_20210219T103357_036658_044EB4_rtc,2021-02-19T10:33:42.626575+00:00,2021-02-19,2021Q1,S1A,11,ascending,X2_build_site__v1,positive_control,LINEAR_POWER_GAMMA0,0.6863719820976257,155,0.2527894675731659,155
FROZEN,S1A_IW_GRDH_1SDV_20210226T102515_20210226T102544_036760_045240_rtc,2021-02-26T10:25:29.889881+00:00,2021-02-26,2021Q1,S1A,113,ascending,T1_ntt_fdc__v1,treatment,LINEAR_POWER_GAMMA0,1.7606288194656372,307,0.8724589943885803,307
FROZEN,S1A_IW_GRDH_1SDV_20210226T102515_20210226T102544_036760_045240_rtc,2021-02-26T10:25:29.889881+00:00,2021-02-26,2021Q1,S1A,113,ascending,C1_hkex_dc__v1,control,LINEAR_POWER_GAMMA0,0.37842798233032227,55,0.06828353554010391,55
FROZEN,S1A_IW_GRDH_1SDV_20210226T102515_20210226T102544_036760_045240_rtc,2021-02-26T10:25:29.889881+00:00,2021-02-26,2021Q1,S1A,113,ascending,C2b_amc__v2,positive_control,LINEAR_POWER_GAMMA0,1.9010390043258667,260,0.3364345133304596,260
FROZEN,S1A_IW_GRDH_1SDV_20210226T102515_20210226T102544_036760_045240_rtc,2021-02-26T10:25:29.889881+00:00,2021-02-26,2021Q1,S1A,113,ascending,P1_vacant__v1,placebo,LINEAR_POWER_GAMMA0,0.3273230195045471,93,0.06038084998726845,93
FROZEN,S1A_IW_GRDH_1SDV_20210226T102515_20210226T102544_036760_045240_rtc,2021-02-26T10:25:29.889881+00:00,2021-02-26,2021Q1,S1A,113,ascending,X1_build_slab__v1,positive_control,LINEAR_POWER_GAMMA0,1.0833760499954224,67,0.41363659501075745,67
FROZEN,S1A_IW_GRDH_1SDV_20210226T102515_20210226T102544_036760_045240_rtc,2021-02-26T10:25:29.889881+00:00,2021-02-26,2021Q1,S1A,113,ascending,X2_build_site__v1,positive_control,LINEAR_POWER_GAMMA0,0.9718434810638428,155,0.2981414794921875,155
FROZEN,S1A_IW_GRDH_1SDV_20210303T103327_20210303T103357_036833_0454C1_rtc,2021-03-03T10:33:42.497268+00:00,2021-03-03,2021Q1,S1A,11,ascending,T1_ntt_fdc__v1,treatment,LINEAR_POWER_GAMMA0,3.863987922668457,307,1.759092092514038,307
FROZEN,S1A_IW_GRDH_1SDV_20210303T103327_20210303T103357_036833_0454C1_rtc,2021-03-03T10:33:42.497268+00:00,2021-03-03,2021Q1,S1A,11,ascending,C1_hkex_dc__v1,control,LINEAR_POWER_GAMMA0,0.3073047697544098,55,0.11316491663455963,55
FROZEN,S1A_IW_GRDH_1SDV_20210303T103327_20210303T103357_036833_0454C1_rtc,2021-03-03T10:33:42.497268+00:00,2021-03-03,2021Q1,S1A,11,ascending,C2b_amc__v2,positive_control,LINEAR_POWER_GAMMA0,1.3173595666885376,260,0.32938435673713684,260
FROZEN,S1A_IW_GRDH_1SDV_20210303T103327_20210303T103357_036833_0454C1_rtc,2021-03-03T10:33:42.497268+00:00,2021-03-03,2021Q1,S1A,11,ascending,P1_vacant__v1,placebo,LINEAR_POWER_GAMMA0,0.20309220254421234,93,0.07723808288574219,93
FROZEN,S1A_IW_GRDH_1SDV_20210303T103327_20210303T103357_036833_0454C1_rtc,2021-03-03T10:33:42.497268+00:00,2021-03-03,2021Q1,S1A,11,ascending,X1_build_slab__v1,positive_control,LINEAR_POWER_GAMMA0,0.7791418433189392,67,0.2714884579181671,67
FROZEN,S1A_IW_GRDH_1SDV_20210303T103327_20210303T103357_036833_0454C1_rtc,2021-03-03T10:33:42.497268+00:00,2021-03-03,2021Q1,S1A,11,ascending,X2_build_site__v1,positive_control,LINEAR_POWER_GAMMA0,0.665895938873291,155,0.2226557582616806,155
FROZEN,S1A_IW_GRDH_1SDV_20210310T102515_20210310T102544_036935_04585C_rtc,2021-03-10T10:25:29.929529+00:00,2021-03-10,2021Q1,S1A,113,ascending,T1_ntt_fdc__v1,treatment,LINEAR_POWER_GAMMA0,2.3288707733154297,307,1.0372183322906494,307
FROZEN,S1A_IW_GRDH_1SDV_20210310T102515_20210310T102544_036935_04585C_rtc,2021-03-10T10:25:29.929529+00:00,2021-03-10,2021Q1,S1A,113,ascending,C1_hkex_dc__v1,control,LINEAR_POWER_GAMMA0,0.35601750016212463,55,0.08104455471038818,55
FROZEN,S1A_IW_GRDH_1SDV_20210310T102515_20210310T102544_036935_04585C_rtc,2021-03-10T10:25:29.929529+00:00,2021-03-10,2021Q1,S1A,113,ascending,C2b_amc__v2,positive_control,LINEAR_POWER_GAMMA0,1.0441046953201294,260,0.2677915692329407,260
FROZEN,S1A_IW_GRDH_1SDV_20210310T102515_20210310T102544_036935_04585C_rtc,2021-03-10T10:25:29.929529+00:00,2021-03-10,2021Q1,S1A,113,ascending,P1_vacant__v1,placebo,LINEAR_POWER_GAMMA0,0.19233432412147522,93,0.07057788968086243,93
FROZEN,S1A_IW_GRDH_1SDV_20210310T102515_20210310T102544_036935_04585C_rtc,2021-03-10T10:25:29.929529+00:00,2021-03-10,2021Q1,S1A,113,ascending,X1_build_slab__v1,positive_control,LINEAR_POWER_GAMMA0,1.0687087774276733,67,0.28601863980293274,67
FROZEN,S1A_IW_GRDH_1SDV_20210310T102515_20210310T102544_036935_04585C_rtc,2021-03-10T10:25:29.929529+00:00,2021-03-10,2021Q1,S1A,113,ascending,X2_build_site__v1,positive_control,LINEAR_POWER_GAMMA0,0.8813410401344299,155,0.2405444234609604,155
FROZEN,S1A_IW_GRDH_1SDV_20210315T103328_20210315T103357_037008_045ADC_rtc,2021-03-15T10:33:42.602459+00:00,2021-03-15,2021Q1,S1A,11,ascending,T1_ntt_fdc__v1,treatment,LINEAR_POWER_GAMMA0,3.836615562438965,307,1.7519055604934692,307
FROZEN,S1A_IW_GRDH_1SDV_20210315T103328_20210315T103357_037008_045ADC_rtc,2021-03-15T10:33:42.602459+00:00,2021-03-15,2021Q1,S1A,11,ascending,C1_hkex_dc__v1,control,LINEAR_POWER_GAMMA0,0.3332282602787018,55,0.10166961699724197,55
FROZEN,S1A_IW_GRDH_1SDV_20210315T103328_20210315T103357_037008_045ADC_rtc,2021-03-15T10:33:42.602459+00:00,2021-03-15,2021Q1,S1A,11,ascending,C2b_amc__v2,positive_control,LINEAR_POWER_GAMMA0,1.2890220880508423,260,0.29396605491638184,260
FROZEN,S1A_IW_GRDH_1SDV_20210315T103328_20210315T103357_037008_045ADC_rtc,2021-03-15T10:33:42.602459+00:00,2021-03-15,2021Q1,S1A,11,ascending,P1_vacant__v1,placebo,LINEAR_POWER_GAMMA0,0.24862119555473328,93,0.08225218206644058,93
FROZEN,S1A_IW_GRDH_1SDV_20210315T103328_20210315T103357_037008_045ADC_rtc,2021-03-15T10:33:42.602459+00:00,2021-03-15,2021Q1,S1A,11,ascending,X1_build_slab__v1,positive_control,LINEAR_POWER_GAMMA0,2.1207170486450195,67,0.3665923774242401,67
FROZEN,S1A_IW_GRDH_1SDV_20210315T103328_20210315T103357_037008_045ADC_rtc,2021-03-15T10:33:42.602459+00:00,2021-03-15,2021Q1,S1A,11,ascending,X2_build_site__v1,positive_control,LINEAR_POWER_GAMMA0,1.2470461130142212,155,0.2754134237766266,155
FROZEN,S1A_IW_GRDH_1SDV_20210322T102515_20210322T102544_037110_045E6E_rtc,2021-03-22T10:25:30.080282+00:00,2021-03-22,2021Q1,S1A,113,ascending,T1_ntt_fdc__v1,treatment,LINEAR_POWER_GAMMA0,1.908893346786499,307,0.851039707660675,307
FROZEN,S1A_IW_GRDH_1SDV_20210322T102515_20210322T102544_037110_045E6E_rtc,2021-03-22T10:25:30.080282+00:00,2021-03-22,2021Q1,S1A,113,ascending,C1_hkex_dc__v1,control,LINEAR_POWER_GAMMA0,0.37040066719055176,55,0.07419592142105103,55
FROZEN,S1A_IW_GRDH_1SDV_20210322T102515_20210322T102544_037110_045E6E_rtc,2021-03-22T10:25:30.080282+00:00,2021-03-22,2021Q1,S1A,113,ascending,C2b_amc__v2,positive_control,LINEAR_POWER_GAMMA0,0.895745038986206,260,0.2827517092227936,260
FROZEN,S1A_IW_GRDH_1SDV_20210322T102515_20210322T102544_037110_045E6E_rtc,2021-03-22T10:25:30.080282+00:00,2021-03-22,2021Q1,S1A,113,ascending,P1_vacant__v1,placebo,LINEAR_POWER_GAMMA0,0.38158100843429565,93,0.06547795236110687,93
FROZEN,S1A_IW_GRDH_1SDV_20210322T102515_20210322T102544_037110_045E6E_rtc,2021-03-22T10:25:30.080282+00:00,2021-03-22,2021Q1,S1A,113,ascending,X1_build_slab__v1,positive_control,LINEAR_POWER_GAMMA0,0.9853677153587341,67,0.32693246006965637,67
FROZEN,S1A_IW_GRDH_1SDV_20210322T102515_20210322T102544_037110_045E6E_rtc,2021-03-22T10:25:30.080282+00:00,2021-03-22,2021Q1,S1A,113,ascending,X2_build_site__v1,positive_control,LINEAR_POWER_GAMMA0,0.8235925436019897,155,0.26543185114860535,155
FROZEN,S1A_IW_GRDH_1SDV_20210327T103328_20210327T103357_037183_0460EA_rtc,2021-03-27T10:33:42.934549+00:00,2021-03-27,2021Q1,S1A,11,ascending,T1_ntt_fdc__v1,treatment,LINEAR_POWER_GAMMA0,3.84816312789917,307,1.8121570348739624,307
FROZEN,S1A_IW_GRDH_1SDV_20210327T103328_20210327T103357_037183_0460EA_rtc,2021-03-27T10:33:42.934549+00:00,2021-03-27,2021Q1,S1A,11,ascending,C1_hkex_dc__v1,control,LINEAR_POWER_GAMMA0,0.3292064666748047,55,0.09767653793096542,55
FROZEN,S1A_IW_GRDH_1SDV_20210327T103328_20210327T103357_037183_0460EA_rtc,2021-03-27T10:33:42.934549+00:00,2021-03-27,2021Q1,S1A,11,ascending,C2b_amc__v2,positive_control,LINEAR_POWER_GAMMA0,1.2174923419952393,260,0.3401270806789398,260
FROZEN,S1A_IW_GRDH_1SDV_20210327T103328_20210327T103357_037183_0460EA_rtc,2021-03-27T10:33:42.934549+00:00,2021-03-27,2021Q1,S1A,11,ascending,P1_vacant__v1,placebo,LINEAR_POWER_GAMMA0,0.31871339678764343,93,0.0830988809466362,93
FROZEN,S1A_IW_GRDH_1SDV_20210327T103328_20210327T103357_037183_0460EA_rtc,2021-03-27T10:33:42.934549+00:00,2021-03-27,2021Q1,S1A,11,ascending,X1_build_slab__v1,positive_control,LINEAR_POWER_GAMMA0,0.9489917755126953,67,0.33165594935417175,67
FROZEN,S1A_IW_GRDH_1SDV_20210327T103328_20210327T103357_037183_0460EA_rtc,2021-03-27T10:33:42.934549+00:00,2021-03-27,2021Q1,S1A,11,ascending,X2_build_site__v1,positive_control,LINEAR_POWER_GAMMA0,0.7565423846244812,155,0.26090073585510254,155
FROZEN,S1A_IW_GRDH_1SDV_20210403T102515_20210403T102544_037285_046474_rtc,2021-04-03T10:25:30.321731+00:00,2021-04-03,2021Q2,S1A,113,ascending,T1_ntt_fdc__v1,treatment,LINEAR_POWER_GAMMA0,1.6957550048828125,307,0.7429544925689697,307
FROZEN,S1A_IW_GRDH_1SDV_20210403T102515_20210403T102544_037285_046474_rtc,2021-04-03T10:25:30.321731+00:00,2021-04-03,2021Q2,S1A,113,ascending,C1_hkex_dc__v1,control,LINEAR_POWER_GAMMA0,0.34509962797164917,55,0.06460181623697281,55
FROZEN,S1A_IW_GRDH_1SDV_20210403T102515_20210403T102544_037285_046474_rtc,2021-04-03T10:25:30.321731+00:00,2021-04-03,2021Q2,S1A,113,ascending,C2b_amc__v2,positive_control,LINEAR_POWER_GAMMA0,0.8373226523399353,260,0.23305866122245789,260
FROZEN,S1A_IW_GRDH_1SDV_20210403T102515_20210403T102544_037285_046474_rtc,2021-04-03T10:25:30.321731+00:00,2021-04-03,2021Q2,S1A,113,ascending,P1_vacant__v1,placebo,LINEAR_POWER_GAMMA0,0.2150658816099167,93,0.05634201318025589,93
FROZEN,S1A_IW_GRDH_1SDV_20210403T102515_20210403T102544_037285_046474_rtc,2021-04-03T10:25:30.321731+00:00,2021-04-03,2021Q2,S1A,113,ascending,X1_build_slab__v1,positive_control,LINEAR_POWER_GAMMA0,0.8174304962158203,67,0.2977823317050934,67
FROZEN,S1A_IW_GRDH_1SDV_20210403T102515_20210403T102544_037285_046474_rtc,2021-04-03T10:25:30.321731+00:00,2021-04-03,2021Q2,S1A,113,ascending,X2_build_site__v1,positive_control,LINEAR_POWER_GAMMA0,1.218963861465454,155,0.26702818274497986,155
FROZEN,S1A_IW_GRDH_1SDV_20210408T103328_20210408T103357_037358_0466F1_rtc,2021-04-08T10:33:43.329385+00:00,2021-04-08,2021Q2,S1A,11,ascending,T1_ntt_fdc__v1,treatment,LINEAR_POWER_GAMMA0,3.2695729732513428,307,1.88230299949646,307
FROZEN,S1A_IW_GRDH_1SDV_20210408T103328_20210408T103357_037358_0466F1_rtc,2021-04-08T10:33:43.329385+00:00,2021-04-08,2021Q2,S1A,11,ascending,C1_hkex_dc__v1,control,LINEAR_POWER_GAMMA0,0.3509308695793152,55,0.09869146347045898,55
FROZEN,S1A_IW_GRDH_1SDV_20210408T103328_20210408T103357_037358_0466F1_rtc,2021-04-08T10:33:43.329385+00:00,2021-04-08,2021Q2,S1A,11,ascending,C2b_amc__v2,positive_control,LINEAR_POWER_GAMMA0,1.0728412866592407,260,0.3513736426830292,260
FROZEN,S1A_IW_GRDH_1SDV_20210408T103328_20210408T103357_037358_0466F1_rtc,2021-04-08T10:33:43.329385+00:00,2021-04-08,2021Q2,S1A,11,ascending,P1_vacant__v1,placebo,LINEAR_POWER_GAMMA0,0.277865469455719,93,0.07967787235975266,93
FROZEN,S1A_IW_GRDH_1SDV_20210408T103328_20210408T103357_037358_0466F1_rtc,2021-04-08T10:33:43.329385+00:00,2021-04-08,2021Q2,S1A,11,ascending,X1_build_slab__v1,positive_control,LINEAR_POWER_GAMMA0,0.6943954825401306,67,0.3059970438480377,67
FROZEN,S1A_IW_GRDH_1SDV_20210408T103328_20210408T103357_037358_0466F1_rtc,2021-04-08T10:33:43.329385+00:00,2021-04-08,2021Q2,S1A,11,ascending,X2_build_site__v1,positive_control,LINEAR_POWER_GAMMA0,0.7142634987831116,155,0.25458481907844543,155
FROZEN,S1A_IW_GRDH_1SDV_20210415T102516_20210415T102545_037460_046A82_rtc,2021-04-15T10:25:30.792584+00:00,2021-04-15,2021Q2,S1A,113,ascending,T1_ntt_fdc__v1,treatment,LINEAR_POWER_GAMMA0,2.2766175270080566,307,1.035970687866211,307
FROZEN,S1A_IW_GRDH_1SDV_20210415T102516_20210415T102545_037460_046A82_rtc,2021-04-15T10:25:30.792584+00:00,2021-04-15,2021Q2,S1A,113,ascending,C1_hkex_dc__v1,control,LINEAR_POWER_GAMMA0,0.4160129427909851,55,0.08459831774234772,55
FROZEN,S1A_IW_GRDH_1SDV_20210415T102516_20210415T102545_037460_046A82_rtc,2021-04-15T10:25:30.792584+00:00,2021-04-15,2021Q2,S1A,113,ascending,C2b_amc__v2,positive_control,LINEAR_POWER_GAMMA0,1.130086898803711,260,0.34595346450805664,260
FROZEN,S1A_IW_GRDH_1SDV_20210415T102516_20210415T102545_037460_046A82_rtc,2021-04-15T10:25:30.792584+00:00,2021-04-15,2021Q2,S1A,113,ascending,P1_vacant__v1,placebo,LINEAR_POWER_GAMMA0,0.4534960389137268,93,0.09822014719247818,93
FROZEN,S1A_IW_GRDH_1SDV_20210415T102516_20210415T102545_037460_046A82_rtc,2021-04-15T10:25:30.792584+00:00,2021-04-15,2021Q2,S1A,113,ascending,X1_build_slab__v1,positive_control,LINEAR_POWER_GAMMA0,1.4720033407211304,67,0.3247207701206207,67
FROZEN,S1A_IW_GRDH_1SDV_20210415T102516_20210415T102545_037460_046A82_rtc,2021-04-15T10:25:30.792584+00:00,2021-04-15,2021Q2,S1A,113,ascending,X2_build_site__v1,positive_control,LINEAR_POWER_GAMMA0,1.4082094430923462,155,0.3052111268043518,155
FROZEN,S1A_IW_GRDH_1SDV_20210420T103329_20210420T103358_037533_046D04_rtc,2021-04-20T10:33:43.862496+00:00,2021-04-20,2021Q2,S1A,11,ascending,T1_ntt_fdc__v1,treatment,LINEAR_POWER_GAMMA0,3.5459444522857666,307,1.9333829879760742,307
FROZEN,S1A_IW_GRDH_1SDV_20210420T103329_20210420T103358_037533_046D04_rtc,2021-04-20T10:33:43.862496+00:00,2021-04-20,2021Q2,S1A,11,ascending,C1_hkex_dc__v1,control,LINEAR_POWER_GAMMA0,0.32345178723335266,55,0.1092846468091011,55
FROZEN,S1A_IW_GRDH_1SDV_20210420T103329_20210420T103358_037533_046D04_rtc,2021-04-20T10:33:43.862496+00:00,2021-04-20,2021Q2,S1A,11,ascending,C2b_amc__v2,positive_control,LINEAR_POWER_GAMMA0,0.9463859796524048,260,0.29526546597480774,260
FROZEN,S1A_IW_GRDH_1SDV_20210420T103329_20210420T103358_037533_046D04_rtc,2021-04-20T10:33:43.862496+00:00,2021-04-20,2021Q2,S1A,11,ascending,P1_vacant__v1,placebo,LINEAR_POWER_GAMMA0,0.2392604649066925,93,0.0819474309682846,93
FROZEN,S1A_IW_GRDH_1SDV_20210420T103329_20210420T103358_037533_046D04_rtc,2021-04-20T10:33:43.862496+00:00,2021-04-20,2021Q2,S1A,11,ascending,X1_build_slab__v1,positive_control,LINEAR_POWER_GAMMA0,1.6640604734420776,67,0.3171614408493042,67
FROZEN,S1A_IW_GRDH_1SDV_20210420T103329_20210420T103358_037533_046D04_rtc,2021-04-20T10:33:43.862496+00:00,2021-04-20,2021Q2,S1A,11,ascending,X2_build_site__v1,positive_control,LINEAR_POWER_GAMMA0,1.3332884311676025,155,0.23211802542209625,155
FROZEN,S1A_IW_GRDH_1SDV_20210427T102516_20210427T102545_037635_04709A_rtc,2021-04-27T10:25:31.239792+00:00,2021-04-27,2021Q2,S1A,113,ascending,T1_ntt_fdc__v1,treatment,LINEAR_POWER_GAMMA0,1.7830334901809692,307,0.8027299046516418,307
FROZEN,S1A_IW_GRDH_1SDV_20210427T102516_20210427T102545_037635_04709A_rtc,2021-04-27T10:25:31.239792+00:00,2021-04-27,2021Q2,S1A,113,ascending,C1_hkex_dc__v1,control,LINEAR_POWER_GAMMA0,0.38422662019729614,55,0.06285423785448074,55
FROZEN,S1A_IW_GRDH_1SDV_20210427T102516_20210427T102545_037635_04709A_rtc,2021-04-27T10:25:31.239792+00:00,2021-04-27,2021Q2,S1A,113,ascending,C2b_amc__v2,positive_control,LINEAR_POWER_GAMMA0,1.1659224033355713,260,0.29819950461387634,260
FROZEN,S1A_IW_GRDH_1SDV_20210427T102516_20210427T102545_037635_04709A_rtc,2021-04-27T10:25:31.239792+00:00,2021-04-27,2021Q2,S1A,113,ascending,P1_vacant__v1,placebo,LINEAR_POWER_GAMMA0,0.29223567247390747,93,0.07228630781173706,93
FROZEN,S1A_IW_GRDH_1SDV_20210427T102516_20210427T102545_037635_04709A_rtc,2021-04-27T10:25:31.239792+00:00,2021-04-27,2021Q2,S1A,113,ascending,X1_build_slab__v1,positive_control,LINEAR_POWER_GAMMA0,1.3426074981689453,67,0.4268350899219513,67
FROZEN,S1A_IW_GRDH_1SDV_20210427T102516_20210427T102545_037635_04709A_rtc,2021-04-27T10:25:31.239792+00:00,2021-04-27,2021Q2,S1A,113,ascending,X2_build_site__v1,positive_control,LINEAR_POWER_GAMMA0,1.6378417015075684,155,0.34731146693229675,155
FROZEN,S1A_IW_GRDH_1SDV_20210502T103329_20210502T103358_037708_047318_rtc,2021-05-02T10:33:44.191095+00:00,2021-05-02,2021Q2,S1A,11,ascending,T1_ntt_fdc__v1,treatment,LINEAR_POWER_GAMMA0,4.109966278076172,307,1.6542634963989258,307
FROZEN,S1A_IW_GRDH_1SDV_20210502T103329_20210502T103358_037708_047318_rtc,2021-05-02T10:33:44.191095+00:00,2021-05-02,2021Q2,S1A,11,ascending,C1_hkex_dc__v1,control,LINEAR_POWER_GAMMA0,0.2770847976207733,55,0.08346622437238693,55
FROZEN,S1A_IW_GRDH_1SDV_20210502T103329_20210502T103358_037708_047318_rtc,2021-05-02T10:33:44.191095+00:00,2021-05-02,2021Q2,S1A,11,ascending,C2b_amc__v2,positive_control,LINEAR_POWER_GAMMA0,1.0454730987548828,260,0.29921668767929077,260
FROZEN,S1A_IW_GRDH_1SDV_20210502T103329_20210502T103358_037708_047318_rtc,2021-05-02T10:33:44.191095+00:00,2021-05-02,2021Q2,S1A,11,ascending,P1_vacant__v1,placebo,LINEAR_POWER_GAMMA0,0.30308011174201965,93,0.07601500302553177,93
FROZEN,S1A_IW_GRDH_1SDV_20210502T103329_20210502T103358_037708_047318_rtc,2021-05-02T10:33:44.191095+00:00,2021-05-02,2021Q2,S1A,11,ascending,X1_build_slab__v1,positive_control,LINEAR_POWER_GAMMA0,0.7491117119789124,67,0.3290897011756897,67
FROZEN,S1A_IW_GRDH_1SDV_20210502T103329_20210502T103358_037708_047318_rtc,2021-05-02T10:33:44.191095+00:00,2021-05-02,2021Q2,S1A,11,ascending,X2_build_site__v1,positive_control,LINEAR_POWER_GAMMA0,0.7259238958358765,155,0.25109630823135376,155
FROZEN,S1A_IW_GRDH_1SDV_20210509T102517_20210509T102546_037810_04766C_rtc,2021-05-09T10:25:31.920708+00:00,2021-05-09,2021Q2,S1A,113,ascending,T1_ntt_fdc__v1,treatment,LINEAR_POWER_GAMMA0,1.6341873407363892,307,0.8037068843841553,307
FROZEN,S1A_IW_GRDH_1SDV_20210509T102517_20210509T102546_037810_04766C_rtc,2021-05-09T10:25:31.920708+00:00,2021-05-09,2021Q2,S1A,113,ascending,C1_hkex_dc__v1,control,LINEAR_POWER_GAMMA0,0.34730297327041626,55,0.05713864788413048,55
FROZEN,S1A_IW_GRDH_1SDV_20210509T102517_20210509T102546_037810_04766C_rtc,2021-05-09T10:25:31.920708+00:00,2021-05-09,2021Q2,S1A,113,ascending,C2b_amc__v2,positive_control,LINEAR_POWER_GAMMA0,0.8575001955032349,260,0.2494775950908661,260
FROZEN,S1A_IW_GRDH_1SDV_20210509T102517_20210509T102546_037810_04766C_rtc,2021-05-09T10:25:31.920708+00:00,2021-05-09,2021Q2,S1A,113,ascending,P1_vacant__v1,placebo,LINEAR_POWER_GAMMA0,0.20588302612304688,93,0.050248075276613235,93
FROZEN,S1A_IW_GRDH_1SDV_20210509T102517_20210509T102546_037810_04766C_rtc,2021-05-09T10:25:31.920708+00:00,2021-05-09,2021Q2,S1A,113,ascending,X1_build_slab__v1,positive_control,LINEAR_POWER_GAMMA0,0.9594643712043762,67,0.3773460388183594,67
FROZEN,S1A_IW_GRDH_1SDV_20210509T102517_20210509T102546_037810_04766C_rtc,2021-05-09T10:25:31.920708+00:00,2021-05-09,2021Q2,S1A,113,ascending,X2_build_site__v1,positive_control,LINEAR_POWER_GAMMA0,1.246630072593689,155,0.2734553813934326,155
FROZEN,S1A_IW_GRDH_1SDV_20210514T103330_20210514T103359_037883_047890_rtc,2021-05-14T10:33:44.887818+00:00,2021-05-14,2021Q2,S1A,11,ascending,T1_ntt_fdc__v1,treatment,LINEAR_POWER_GAMMA0,4.0124053955078125,307,1.8260120153427124,307
FROZEN,S1A_IW_GRDH_1SDV_20210514T103330_20210514T103359_037883_047890_rtc,2021-05-14T10:33:44.887818+00:00,2021-05-14,2021Q2,S1A,11,ascending,C1_hkex_dc__v1,control,LINEAR_POWER_GAMMA0,0.30391591787338257,55,0.09938523918390274,55
FROZEN,S1A_IW_GRDH_1SDV_20210514T103330_20210514T103359_037883_047890_rtc,2021-05-14T10:33:44.887818+00:00,2021-05-14,2021Q2,S1A,11,ascending,C2b_amc__v2,positive_control,LINEAR_POWER_GAMMA0,0.8854140639305115,260,0.3283005952835083,260
FROZEN,S1A_IW_GRDH_1SDV_20210514T103330_20210514T103359_037883_047890_rtc,2021-05-14T10:33:44.887818+00:00,2021-05-14,2021Q2,S1A,11,ascending,P1_vacant__v1,placebo,LINEAR_POWER_GAMMA0,0.2279144823551178,93,0.07581186294555664,93
FROZEN,S1A_IW_GRDH_1SDV_20210514T103330_20210514T103359_037883_047890_rtc,2021-05-14T10:33:44.887818+00:00,2021-05-14,2021Q2,S1A,11,ascending,X1_build_slab__v1,positive_control,LINEAR_POWER_GAMMA0,0.9420529007911682,67,0.37045177817344666,67
FROZEN,S1A_IW_GRDH_1SDV_20210514T103330_20210514T103359_037883_047890_rtc,2021-05-14T10:33:44.887818+00:00,2021-05-14,2021Q2,S1A,11,ascending,X2_build_site__v1,positive_control,LINEAR_POWER_GAMMA0,0.7691725492477417,155,0.2622443437576294,155
FROZEN,S1A_IW_GRDH_1SDV_20210521T102517_20210521T102546_037985_047BB3_rtc,2021-05-21T10:25:32.432242+00:00,2021-05-21,2021Q2,S1A,113,ascending,T1_ntt_fdc__v1,treatment,LINEAR_POWER_GAMMA0,1.5994306802749634,307,0.7544583678245544,307
FROZEN,S1A_IW_GRDH_1SDV_20210521T102517_20210521T102546_037985_047BB3_rtc,2021-05-21T10:25:32.432242+00:00,2021-05-21,2021Q2,S1A,113,ascending,C1_hkex_dc__v1,control,LINEAR_POWER_GAMMA0,0.36455240845680237,55,0.06010815128684044,55
FROZEN,S1A_IW_GRDH_1SDV_20210521T102517_20210521T102546_037985_047BB3_rtc,2021-05-21T10:25:32.432242+00:00,2021-05-21,2021Q2,S1A,113,ascending,C2b_amc__v2,positive_control,LINEAR_POWER_GAMMA0,0.6519410610198975,260,0.2833902835845947,260
FROZEN,S1A_IW_GRDH_1SDV_20210521T102517_20210521T102546_037985_047BB3_rtc,2021-05-21T10:25:32.432242+00:00,2021-05-21,2021Q2,S1A,113,ascending,P1_vacant__v1,placebo,LINEAR_POWER_GAMMA0,0.19630520045757294,93,0.0524931326508522,93
FROZEN,S1A_IW_GRDH_1SDV_20210521T102517_20210521T102546_037985_047BB3_rtc,2021-05-21T10:25:32.432242+00:00,2021-05-21,2021Q2,S1A,113,ascending,X1_build_slab__v1,positive_control,LINEAR_POWER_GAMMA0,0.8339451551437378,67,0.3538433313369751,67
FROZEN,S1A_IW_GRDH_1SDV_20210521T102517_20210521T102546_037985_047BB3_rtc,2021-05-21T10:25:32.432242+00:00,2021-05-21,2021Q2,S1A,113,ascending,X2_build_site__v1,positive_control,LINEAR_POWER_GAMMA0,0.9014182686805725,155,0.2683035433292389,155
FROZEN,S1A_IW_GRDH_1SDV_20210526T103331_20210526T103400_038058_047DDD_rtc,2021-05-26T10:33:45.585303+00:00,2021-05-26,2021Q2,S1A,11,ascending,T1_ntt_fdc__v1,treatment,LINEAR_POWER_GAMMA0,3.7695462703704834,307,1.718156337738037,307
FROZEN,S1A_IW_GRDH_1SDV_20210526T103331_20210526T103400_038058_047DDD_rtc,2021-05-26T10:33:45.585303+00:00,2021-05-26,2021Q2,S1A,11,ascending,C1_hkex_dc__v1,control,LINEAR_POWER_GAMMA0,0.3785763382911682,55,0.10851424932479858,55
FROZEN,S1A_IW_GRDH_1SDV_20210526T103331_20210526T103400_038058_047DDD_rtc,2021-05-26T10:33:45.585303+00:00,2021-05-26,2021Q2,S1A,11,ascending,C2b_amc__v2,positive_control,LINEAR_POWER_GAMMA0,1.2409940958023071,260,0.26370468735694885,260
FROZEN,S1A_IW_GRDH_1SDV_20210526T103331_20210526T103400_038058_047DDD_rtc,2021-05-26T10:33:45.585303+00:00,2021-05-26,2021Q2,S1A,11,ascending,P1_vacant__v1,placebo,LINEAR_POWER_GAMMA0,0.3546864986419678,93,0.08241170644760132,93
FROZEN,S1A_IW_GRDH_1SDV_20210526T103331_20210526T103400_038058_047DDD_rtc,2021-05-26T10:33:45.585303+00:00,2021-05-26,2021Q2,S1A,11,ascending,X1_build_slab__v1,positive_control,LINEAR_POWER_GAMMA0,6.7369842529296875,67,0.4326533377170563,67
FROZEN,S1A_IW_GRDH_1SDV_20210526T103331_20210526T103400_038058_047DDD_rtc,2021-05-26T10:33:45.585303+00:00,2021-05-26,2021Q2,S1A,11,ascending,X2_build_site__v1,positive_control,LINEAR_POWER_GAMMA0,4.7521820068359375,155,0.29902732372283936,155
FROZEN,S1A_IW_GRDH_1SDV_20210602T102518_20210602T102547_038160_0480F3_rtc,2021-06-02T10:25:33.163991+00:00,2021-06-02,2021Q2,S1A,113,ascending,T1_ntt_fdc__v1,treatment,LINEAR_POWER_GAMMA0,1.6987606287002563,307,0.7707940936088562,307
FROZEN,S1A_IW_GRDH_1SDV_20210602T102518_20210602T102547_038160_0480F3_rtc,2021-06-02T10:25:33.163991+00:00,2021-06-02,2021Q2,S1A,113,ascending,C1_hkex_dc__v1,control,LINEAR_POWER_GAMMA0,0.35107913613319397,55,0.06122000142931938,55
FROZEN,S1A_IW_GRDH_1SDV_20210602T102518_20210602T102547_038160_0480F3_rtc,2021-06-02T10:25:33.163991+00:00,2021-06-02,2021Q2,S1A,113,ascending,C2b_amc__v2,positive_control,LINEAR_POWER_GAMMA0,0.919529139995575,260,0.3463596999645233,260
FROZEN,S1A_IW_GRDH_1SDV_20210602T102518_20210602T102547_038160_0480F3_rtc,2021-06-02T10:25:33.163991+00:00,2021-06-02,2021Q2,S1A,113,ascending,P1_vacant__v1,placebo,LINEAR_POWER_GAMMA0,0.549540102481842,93,0.07270948588848114,93
FROZEN,S1A_IW_GRDH_1SDV_20210602T102518_20210602T102547_038160_0480F3_rtc,2021-06-02T10:25:33.163991+00:00,2021-06-02,2021Q2,S1A,113,ascending,X1_build_slab__v1,positive_control,LINEAR_POWER_GAMMA0,1.1758183240890503,67,0.39708444476127625,67
FROZEN,S1A_IW_GRDH_1SDV_20210602T102518_20210602T102547_038160_0480F3_rtc,2021-06-02T10:25:33.163991+00:00,2021-06-02,2021Q2,S1A,113,ascending,X2_build_site__v1,positive_control,LINEAR_POWER_GAMMA0,1.6172105073928833,155,0.30306944251060486,155
FROZEN,S1A_IW_GRDH_1SDV_20210607T103331_20210607T103400_038233_048310_rtc,2021-06-07T10:33:46.299078+00:00,2021-06-07,2021Q2,S1A,11,ascending,T1_ntt_fdc__v1,treatment,LINEAR_POWER_GAMMA0,3.311006546020508,307,1.6691502332687378,307
FROZEN,S1A_IW_GRDH_1SDV_20210607T103331_20210607T103400_038233_048310_rtc,2021-06-07T10:33:46.299078+00:00,2021-06-07,2021Q2,S1A,11,ascending,C1_hkex_dc__v1,control,LINEAR_POWER_GAMMA0,0.3151022493839264,55,0.11138805747032166,55
FROZEN,S1A_IW_GRDH_1SDV_20210607T103331_20210607T103400_038233_048310_rtc,2021-06-07T10:33:46.299078+00:00,2021-06-07,2021Q2,S1A,11,ascending,C2b_amc__v2,positive_control,LINEAR_POWER_GAMMA0,1.066361427307129,260,0.27531489729881287,260
FROZEN,S1A_IW_GRDH_1SDV_20210607T103331_20210607T103400_038233_048310_rtc,2021-06-07T10:33:46.299078+00:00,2021-06-07,2021Q2,S1A,11,ascending,P1_vacant__v1,placebo,LINEAR_POWER_GAMMA0,0.28903716802597046,93,0.07466349750757217,93
FROZEN,S1A_IW_GRDH_1SDV_20210607T103331_20210607T103400_038233_048310_rtc,2021-06-07T10:33:46.299078+00:00,2021-06-07,2021Q2,S1A,11,ascending,X1_build_slab__v1,positive_control,LINEAR_POWER_GAMMA0,1.9778895378112793,67,0.331770658493042,67
FROZEN,S1A_IW_GRDH_1SDV_20210607T103331_20210607T103400_038233_048310_rtc,2021-06-07T10:33:46.299078+00:00,2021-06-07,2021Q2,S1A,11,ascending,X2_build_site__v1,positive_control,LINEAR_POWER_GAMMA0,1.356142520904541,155,0.24653659760951996,155
FROZEN,S1A_IW_GRDH_1SDV_20210614T102519_20210614T102548_038335_048626_rtc,2021-06-14T10:25:34.093339+00:00,2021-06-14,2021Q2,S1A,113,ascending,T1_ntt_fdc__v1,treatment,LINEAR_POWER_GAMMA0,1.6269851922988892,307,0.7965705990791321,307
FROZEN,S1A_IW_GRDH_1SDV_20210614T102519_20210614T102548_038335_048626_rtc,2021-06-14T10:25:34.093339+00:00,2021-06-14,2021Q2,S1A,113,ascending,C1_hkex_dc__v1,control,LINEAR_POWER_GAMMA0,0.3203164041042328,55,0.05319712683558464,55
FROZEN,S1A_IW_GRDH_1SDV_20210614T102519_20210614T102548_038335_048626_rtc,2021-06-14T10:25:34.093339+00:00,2021-06-14,2021Q2,S1A,113,ascending,C2b_amc__v2,positive_control,LINEAR_POWER_GAMMA0,0.8011525273323059,260,0.2162085920572281,260
FROZEN,S1A_IW_GRDH_1SDV_20210614T102519_20210614T102548_038335_048626_rtc,2021-06-14T10:25:34.093339+00:00,2021-06-14,2021Q2,S1A,113,ascending,P1_vacant__v1,placebo,LINEAR_POWER_GAMMA0,0.18107770383358002,93,0.05765819922089577,93
FROZEN,S1A_IW_GRDH_1SDV_20210614T102519_20210614T102548_038335_048626_rtc,2021-06-14T10:25:34.093339+00:00,2021-06-14,2021Q2,S1A,113,ascending,X1_build_slab__v1,positive_control,LINEAR_POWER_GAMMA0,1.2394033670425415,67,0.2820260226726532,67
FROZEN,S1A_IW_GRDH_1SDV_20210614T102519_20210614T102548_038335_048626_rtc,2021-06-14T10:25:34.093339+00:00,2021-06-14,2021Q2,S1A,113,ascending,X2_build_site__v1,positive_control,LINEAR_POWER_GAMMA0,1.106406331062317,155,0.21699735522270203,155
FROZEN,S1A_IW_GRDH_1SDV_20210619T103332_20210619T103401_038408_048844_rtc,2021-06-19T10:33:47.106111+00:00,2021-06-19,2021Q2,S1A,11,ascending,T1_ntt_fdc__v1,treatment,LINEAR_POWER_GAMMA0,3.4539027214050293,307,1.763620376586914,307
FROZEN,S1A_IW_GRDH_1SDV_20210619T103332_20210619T103401_038408_048844_rtc,2021-06-19T10:33:47.106111+00:00,2021-06-19,2021Q2,S1A,11,ascending,C1_hkex_dc__v1,control,LINEAR_POWER_GAMMA0,0.3447067141532898,55,0.12769503891468048,55
FROZEN,S1A_IW_GRDH_1SDV_20210619T103332_20210619T103401_038408_048844_rtc,2021-06-19T10:33:47.106111+00:00,2021-06-19,2021Q2,S1A,11,ascending,C2b_amc__v2,positive_control,LINEAR_POWER_GAMMA0,1.0868679285049438,260,0.3251330852508545,260
FROZEN,S1A_IW_GRDH_1SDV_20210619T103332_20210619T103401_038408_048844_rtc,2021-06-19T10:33:47.106111+00:00,2021-06-19,2021Q2,S1A,11,ascending,P1_vacant__v1,placebo,LINEAR_POWER_GAMMA0,0.3337939381599426,93,0.07495331019163132,93
FROZEN,S1A_IW_GRDH_1SDV_20210619T103332_20210619T103401_038408_048844_rtc,2021-06-19T10:33:47.106111+00:00,2021-06-19,2021Q2,S1A,11,ascending,X1_build_slab__v1,positive_control,LINEAR_POWER_GAMMA0,2.048778533935547,67,0.48107466101646423,67
FROZEN,S1A_IW_GRDH_1SDV_20210619T103332_20210619T103401_038408_048844_rtc,2021-06-19T10:33:47.106111+00:00,2021-06-19,2021Q2,S1A,11,ascending,X2_build_site__v1,positive_control,LINEAR_POWER_GAMMA0,1.537501573562622,155,0.3273346424102783,155
FROZEN,S1A_IW_GRDH_1SDV_20210626T102520_20210626T102549_038510_048B62_rtc,2021-06-26T10:25:34.698660+00:00,2021-06-26,2021Q2,S1A,113,ascending,T1_ntt_fdc__v1,treatment,LINEAR_POWER_GAMMA0,4.346188068389893,307,1.6175365447998047,307
FROZEN,S1A_IW_GRDH_1SDV_20210626T102520_20210626T102549_038510_048B62_rtc,2021-06-26T10:25:34.698660+00:00,2021-06-26,2021Q2,S1A,113,ascending,C1_hkex_dc__v1,control,LINEAR_POWER_GAMMA0,0.3506852686405182,55,0.07253335416316986,55
FROZEN,S1A_IW_GRDH_1SDV_20210626T102520_20210626T102549_038510_048B62_rtc,2021-06-26T10:25:34.698660+00:00,2021-06-26,2021Q2,S1A,113,ascending,C2b_amc__v2,positive_control,LINEAR_POWER_GAMMA0,1.887233018875122,260,0.4031848609447479,260
FROZEN,S1A_IW_GRDH_1SDV_20210626T102520_20210626T102549_038510_048B62_rtc,2021-06-26T10:25:34.698660+00:00,2021-06-26,2021Q2,S1A,113,ascending,P1_vacant__v1,placebo,LINEAR_POWER_GAMMA0,0.3240208029747009,93,0.07724563777446747,93
FROZEN,S1A_IW_GRDH_1SDV_20210626T102520_20210626T102549_038510_048B62_rtc,2021-06-26T10:25:34.698660+00:00,2021-06-26,2021Q2,S1A,113,ascending,X1_build_slab__v1,positive_control,LINEAR_POWER_GAMMA0,1.4893525838851929,67,0.42482784390449524,67
FROZEN,S1A_IW_GRDH_1SDV_20210626T102520_20210626T102549_038510_048B62_rtc,2021-06-26T10:25:34.698660+00:00,2021-06-26,2021Q2,S1A,113,ascending,X2_build_site__v1,positive_control,LINEAR_POWER_GAMMA0,1.417258620262146,155,0.3013419806957245,155
FROZEN,S1A_IW_GRDH_1SDV_20210701T103333_20210701T103402_038583_048D7F_rtc,2021-07-01T10:33:47.798382+00:00,2021-07-01,2021Q3,S1A,11,ascending,T1_ntt_fdc__v1,treatment,LINEAR_POWER_GAMMA0,3.8411359786987305,307,1.7590105533599854,307
FROZEN,S1A_IW_GRDH_1SDV_20210701T103333_20210701T103402_038583_048D7F_rtc,2021-07-01T10:33:47.798382+00:00,2021-07-01,2021Q3,S1A,11,ascending,C1_hkex_dc__v1,control,LINEAR_POWER_GAMMA0,0.29942646622657776,55,0.11249946057796478,55
FROZEN,S1A_IW_GRDH_1SDV_20210701T103333_20210701T103402_038583_048D7F_rtc,2021-07-01T10:33:47.798382+00:00,2021-07-01,2021Q3,S1A,11,ascending,C2b_amc__v2,positive_control,LINEAR_POWER_GAMMA0,1.2275086641311646,260,0.32622891664505005,260
FROZEN,S1A_IW_GRDH_1SDV_20210701T103333_20210701T103402_038583_048D7F_rtc,2021-07-01T10:33:47.798382+00:00,2021-07-01,2021Q3,S1A,11,ascending,P1_vacant__v1,placebo,LINEAR_POWER_GAMMA0,0.2591879069805145,93,0.08170413225889206,93
FROZEN,S1A_IW_GRDH_1SDV_20210701T103333_20210701T103402_038583_048D7F_rtc,2021-07-01T10:33:47.798382+00:00,2021-07-01,2021Q3,S1A,11,ascending,X1_build_slab__v1,positive_control,LINEAR_POWER_GAMMA0,1.2709541320800781,67,0.3554002642631531,67
FROZEN,S1A_IW_GRDH_1SDV_20210701T103333_20210701T103402_038583_048D7F_rtc,2021-07-01T10:33:47.798382+00:00,2021-07-01,2021Q3,S1A,11,ascending,X2_build_site__v1,positive_control,LINEAR_POWER_GAMMA0,0.942876398563385,155,0.2557295858860016,155
FROZEN,S1A_IW_GRDH_1SDV_20210708T102520_20210708T102549_038685_0490A3_rtc,2021-07-08T10:25:35.335537+00:00,2021-07-08,2021Q3,S1A,113,ascending,T1_ntt_fdc__v1,treatment,LINEAR_POWER_GAMMA0,1.4888619184494019,307,0.77216637134552,307
FROZEN,S1A_IW_GRDH_1SDV_20210708T102520_20210708T102549_038685_0490A3_rtc,2021-07-08T10:25:35.335537+00:00,2021-07-08,2021Q3,S1A,113,ascending,C1_hkex_dc__v1,control,LINEAR_POWER_GAMMA0,0.3394193947315216,55,0.0795135423541069,55
FROZEN,S1A_IW_GRDH_1SDV_20210708T102520_20210708T102549_038685_0490A3_rtc,2021-07-08T10:25:35.335537+00:00,2021-07-08,2021Q3,S1A,113,ascending,C2b_amc__v2,positive_control,LINEAR_POWER_GAMMA0,1.3364319801330566,260,0.3001933693885803,260
FROZEN,S1A_IW_GRDH_1SDV_20210708T102520_20210708T102549_038685_0490A3_rtc,2021-07-08T10:25:35.335537+00:00,2021-07-08,2021Q3,S1A,113,ascending,P1_vacant__v1,placebo,LINEAR_POWER_GAMMA0,0.24015359580516815,93,0.06222546100616455,93
FROZEN,S1A_IW_GRDH_1SDV_20210708T102520_20210708T102549_038685_0490A3_rtc,2021-07-08T10:25:35.335537+00:00,2021-07-08,2021Q3,S1A,113,ascending,X1_build_slab__v1,positive_control,LINEAR_POWER_GAMMA0,1.8177685737609863,67,0.4281747341156006,67
FROZEN,S1A_IW_GRDH_1SDV_20210708T102520_20210708T102549_038685_0490A3_rtc,2021-07-08T10:25:35.335537+00:00,2021-07-08,2021Q3,S1A,113,ascending,X2_build_site__v1,positive_control,LINEAR_POWER_GAMMA0,1.3407185077667236,155,0.3350907862186432,155
FROZEN,S1A_IW_GRDH_1SDV_20210713T103333_20210713T103403_038758_0492CC_rtc,2021-07-13T10:33:48.504016+00:00,2021-07-13,2021Q3,S1A,11,ascending,T1_ntt_fdc__v1,treatment,LINEAR_POWER_GAMMA0,3.776228427886963,307,1.563515543937683,307
FROZEN,S1A_IW_GRDH_1SDV_20210713T103333_20210713T103403_038758_0492CC_rtc,2021-07-13T10:33:48.504016+00:00,2021-07-13,2021Q3,S1A,11,ascending,C1_hkex_dc__v1,control,LINEAR_POWER_GAMMA0,0.32347503304481506,55,0.11048371344804764,55
FROZEN,S1A_IW_GRDH_1SDV_20210713T103333_20210713T103403_038758_0492CC_rtc,2021-07-13T10:33:48.504016+00:00,2021-07-13,2021Q3,S1A,11,ascending,C2b_amc__v2,positive_control,LINEAR_POWER_GAMMA0,1.2273308038711548,260,0.3039144277572632,260
FROZEN,S1A_IW_GRDH_1SDV_20210713T103333_20210713T103403_038758_0492CC_rtc,2021-07-13T10:33:48.504016+00:00,2021-07-13,2021Q3,S1A,11,ascending,P1_vacant__v1,placebo,LINEAR_POWER_GAMMA0,0.24339058995246887,93,0.07330632954835892,93
FROZEN,S1A_IW_GRDH_1SDV_20210713T103333_20210713T103403_038758_0492CC_rtc,2021-07-13T10:33:48.504016+00:00,2021-07-13,2021Q3,S1A,11,ascending,X1_build_slab__v1,positive_control,LINEAR_POWER_GAMMA0,1.5629591941833496,67,0.365481436252594,67
FROZEN,S1A_IW_GRDH_1SDV_20210713T103333_20210713T103403_038758_0492CC_rtc,2021-07-13T10:33:48.504016+00:00,2021-07-13,2021Q3,S1A,11,ascending,X2_build_site__v1,positive_control,LINEAR_POWER_GAMMA0,1.1351627111434937,155,0.26681509613990784,155
FROZEN,S1A_IW_GRDH_1SDV_20210720T102521_20210720T102550_038860_0495E2_rtc,2021-07-20T10:25:36.154944+00:00,2021-07-20,2021Q3,S1A,113,ascending,T1_ntt_fdc__v1,treatment,LINEAR_POWER_GAMMA0,2.4538991451263428,307,1.0136394500732422,307
FROZEN,S1A_IW_GRDH_1SDV_20210720T102521_20210720T102550_038860_0495E2_rtc,2021-07-20T10:25:36.154944+00:00,2021-07-20,2021Q3,S1A,113,ascending,C1_hkex_dc__v1,control,LINEAR_POWER_GAMMA0,0.39855507016181946,55,0.06690701097249985,55
FROZEN,S1A_IW_GRDH_1SDV_20210720T102521_20210720T102550_038860_0495E2_rtc,2021-07-20T10:25:36.154944+00:00,2021-07-20,2021Q3,S1A,113,ascending,C2b_amc__v2,positive_control,LINEAR_POWER_GAMMA0,1.96434485912323,260,0.34287092089653015,260
FROZEN,S1A_IW_GRDH_1SDV_20210720T102521_20210720T102550_038860_0495E2_rtc,2021-07-20T10:25:36.154944+00:00,2021-07-20,2021Q3,S1A,113,ascending,P1_vacant__v1,placebo,LINEAR_POWER_GAMMA0,0.44934913516044617,93,0.06645610183477402,93
FROZEN,S1A_IW_GRDH_1SDV_20210720T102521_20210720T102550_038860_0495E2_rtc,2021-07-20T10:25:36.154944+00:00,2021-07-20,2021Q3,S1A,113,ascending,X1_build_slab__v1,positive_control,LINEAR_POWER_GAMMA0,2.000494956970215,67,0.31150302290916443,67
FROZEN,S1A_IW_GRDH_1SDV_20210720T102521_20210720T102550_038860_0495E2_rtc,2021-07-20T10:25:36.154944+00:00,2021-07-20,2021Q3,S1A,113,ascending,X2_build_site__v1,positive_control,LINEAR_POWER_GAMMA0,1.8841912746429443,155,0.26843804121017456,155
FROZEN,S1A_IW_GRDH_1SDV_20210725T103334_20210725T103403_038933_049807_rtc,2021-07-25T10:33:49.049520+00:00,2021-07-25,2021Q3,S1A,11,ascending,T1_ntt_fdc__v1,treatment,LINEAR_POWER_GAMMA0,3.946465492248535,307,1.402873158454895,307
FROZEN,S1A_IW_GRDH_1SDV_20210725T103334_20210725T103403_038933_049807_rtc,2021-07-25T10:33:49.049520+00:00,2021-07-25,2021Q3,S1A,11,ascending,C1_hkex_dc__v1,control,LINEAR_POWER_GAMMA0,0.27932700514793396,55,0.10190445929765701,55
FROZEN,S1A_IW_GRDH_1SDV_20210725T103334_20210725T103403_038933_049807_rtc,2021-07-25T10:33:49.049520+00:00,2021-07-25,2021Q3,S1A,11,ascending,C2b_amc__v2,positive_control,LINEAR_POWER_GAMMA0,1.4362698793411255,260,0.3593154847621918,260
FROZEN,S1A_IW_GRDH_1SDV_20210725T103334_20210725T103403_038933_049807_rtc,2021-07-25T10:33:49.049520+00:00,2021-07-25,2021Q3,S1A,11,ascending,P1_vacant__v1,placebo,LINEAR_POWER_GAMMA0,0.28235289454460144,93,0.08813778311014175,93
FROZEN,S1A_IW_GRDH_1SDV_20210725T103334_20210725T103403_038933_049807_rtc,2021-07-25T10:33:49.049520+00:00,2021-07-25,2021Q3,S1A,11,ascending,X1_build_slab__v1,positive_control,LINEAR_POWER_GAMMA0,1.196507453918457,67,0.29404157400131226,67
FROZEN,S1A_IW_GRDH_1SDV_20210725T103334_20210725T103403_038933_049807_rtc,2021-07-25T10:33:49.049520+00:00,2021-07-25,2021Q3,S1A,11,ascending,X2_build_site__v1,positive_control,LINEAR_POWER_GAMMA0,0.9957332611083984,155,0.22639571130275726,155
FROZEN,S1A_IW_GRDH_1SDV_20210801T102522_20210801T102551_039035_049B15_rtc,2021-08-01T10:25:36.869624+00:00,2021-08-01,2021Q3,S1A,113,ascending,T1_ntt_fdc__v1,treatment,LINEAR_POWER_GAMMA0,1.9427520036697388,307,0.9387486577033997,307
FROZEN,S1A_IW_GRDH_1SDV_20210801T102522_20210801T102551_039035_049B15_rtc,2021-08-01T10:25:36.869624+00:00,2021-08-01,2021Q3,S1A,113,ascending,C1_hkex_dc__v1,control,LINEAR_POWER_GAMMA0,0.3567843735218048,55,0.06145859509706497,55
FROZEN,S1A_IW_GRDH_1SDV_20210801T102522_20210801T102551_039035_049B15_rtc,2021-08-01T10:25:36.869624+00:00,2021-08-01,2021Q3,S1A,113,ascending,C2b_amc__v2,positive_control,LINEAR_POWER_GAMMA0,1.9679311513900757,260,0.37794822454452515,260
FROZEN,S1A_IW_GRDH_1SDV_20210801T102522_20210801T102551_039035_049B15_rtc,2021-08-01T10:25:36.869624+00:00,2021-08-01,2021Q3,S1A,113,ascending,P1_vacant__v1,placebo,LINEAR_POWER_GAMMA0,0.36674824357032776,93,0.07091492414474487,93
FROZEN,S1A_IW_GRDH_1SDV_20210801T102522_20210801T102551_039035_049B15_rtc,2021-08-01T10:25:36.869624+00:00,2021-08-01,2021Q3,S1A,113,ascending,X1_build_slab__v1,positive_control,LINEAR_POWER_GAMMA0,1.6791176795959473,67,0.2652617394924164,67
FROZEN,S1A_IW_GRDH_1SDV_20210801T102522_20210801T102551_039035_049B15_rtc,2021-08-01T10:25:36.869624+00:00,2021-08-01,2021Q3,S1A,113,ascending,X2_build_site__v1,positive_control,LINEAR_POWER_GAMMA0,1.595417857170105,155,0.26228582859039307,155
FROZEN,S1A_IW_GRDH_1SDV_20210806T103335_20210806T103404_039108_049D68_rtc,2021-08-06T10:33:49.932547+00:00,2021-08-06,2021Q3,S1A,11,ascending,T1_ntt_fdc__v1,treatment,LINEAR_POWER_GAMMA0,3.8484084606170654,307,1.5619763135910034,307
FROZEN,S1A_IW_GRDH_1SDV_20210806T103335_20210806T103404_039108_049D68_rtc,2021-08-06T10:33:49.932547+00:00,2021-08-06,2021Q3,S1A,11,ascending,C1_hkex_dc__v1,control,LINEAR_POWER_GAMMA0,0.3358328938484192,55,0.1261066198348999,55
FROZEN,S1A_IW_GRDH_1SDV_20210806T103335_20210806T103404_039108_049D68_rtc,2021-08-06T10:33:49.932547+00:00,2021-08-06,2021Q3,S1A,11,ascending,C2b_amc__v2,positive_control,LINEAR_POWER_GAMMA0,2.159257650375366,260,0.48365429043769836,260
FROZEN,S1A_IW_GRDH_1SDV_20210806T103335_20210806T103404_039108_049D68_rtc,2021-08-06T10:33:49.932547+00:00,2021-08-06,2021Q3,S1A,11,ascending,P1_vacant__v1,placebo,LINEAR_POWER_GAMMA0,0.38561639189720154,93,0.0815504714846611,93
FROZEN,S1A_IW_GRDH_1SDV_20210806T103335_20210806T103404_039108_049D68_rtc,2021-08-06T10:33:49.932547+00:00,2021-08-06,2021Q3,S1A,11,ascending,X1_build_slab__v1,positive_control,LINEAR_POWER_GAMMA0,1.1806162595748901,67,0.41695207357406616,67
FROZEN,S1A_IW_GRDH_1SDV_20210806T103335_20210806T103404_039108_049D68_rtc,2021-08-06T10:33:49.932547+00:00,2021-08-06,2021Q3,S1A,11,ascending,X2_build_site__v1,positive_control,LINEAR_POWER_GAMMA0,1.027449607849121,155,0.29686427116394043,155
FROZEN,S1A_IW_GRDH_1SDV_20210813T102522_20210813T102551_039210_04A0F3_rtc,2021-08-13T10:25:37.432224+00:00,2021-08-13,2021Q3,S1A,113,ascending,T1_ntt_fdc__v1,treatment,LINEAR_POWER_GAMMA0,1.919237732887268,307,0.889702320098877,307
FROZEN,S1A_IW_GRDH_1SDV_20210813T102522_20210813T102551_039210_04A0F3_rtc,2021-08-13T10:25:37.432224+00:00,2021-08-13,2021Q3,S1A,113,ascending,C1_hkex_dc__v1,control,LINEAR_POWER_GAMMA0,0.35250046849250793,55,0.09199778735637665,55
FROZEN,S1A_IW_GRDH_1SDV_20210813T102522_20210813T102551_039210_04A0F3_rtc,2021-08-13T10:25:37.432224+00:00,2021-08-13,2021Q3,S1A,113,ascending,C2b_amc__v2,positive_control,LINEAR_POWER_GAMMA0,1.9532142877578735,260,0.41162019968032837,260
FROZEN,S1A_IW_GRDH_1SDV_20210813T102522_20210813T102551_039210_04A0F3_rtc,2021-08-13T10:25:37.432224+00:00,2021-08-13,2021Q3,S1A,113,ascending,P1_vacant__v1,placebo,LINEAR_POWER_GAMMA0,0.29061833024024963,93,0.06592938303947449,93
FROZEN,S1A_IW_GRDH_1SDV_20210813T102522_20210813T102551_039210_04A0F3_rtc,2021-08-13T10:25:37.432224+00:00,2021-08-13,2021Q3,S1A,113,ascending,X1_build_slab__v1,positive_control,LINEAR_POWER_GAMMA0,1.7628252506256104,67,0.36800771951675415,67
FROZEN,S1A_IW_GRDH_1SDV_20210813T102522_20210813T102551_039210_04A0F3_rtc,2021-08-13T10:25:37.432224+00:00,2021-08-13,2021Q3,S1A,113,ascending,X2_build_site__v1,positive_control,LINEAR_POWER_GAMMA0,1.5865424871444702,155,0.3384135663509369,155
FROZEN,S1A_IW_GRDH_1SDV_20210818T103335_20210818T103404_039283_04A37B_rtc,2021-08-18T10:33:50.464006+00:00,2021-08-18,2021Q3,S1A,11,ascending,T1_ntt_fdc__v1,treatment,LINEAR_POWER_GAMMA0,3.631880521774292,307,1.536356806755066,307
FROZEN,S1A_IW_GRDH_1SDV_20210818T103335_20210818T103404_039283_04A37B_rtc,2021-08-18T10:33:50.464006+00:00,2021-08-18,2021Q3,S1A,11,ascending,C1_hkex_dc__v1,control,LINEAR_POWER_GAMMA0,0.2725752592086792,55,0.10085167735815048,55
FROZEN,S1A_IW_GRDH_1SDV_20210818T103335_20210818T103404_039283_04A37B_rtc,2021-08-18T10:33:50.464006+00:00,2021-08-18,2021Q3,S1A,11,ascending,C2b_amc__v2,positive_control,LINEAR_POWER_GAMMA0,1.2890193462371826,260,0.40547728538513184,260
FROZEN,S1A_IW_GRDH_1SDV_20210818T103335_20210818T103404_039283_04A37B_rtc,2021-08-18T10:33:50.464006+00:00,2021-08-18,2021Q3,S1A,11,ascending,P1_vacant__v1,placebo,LINEAR_POWER_GAMMA0,0.26600056886672974,93,0.08522620797157288,93
FROZEN,S1A_IW_GRDH_1SDV_20210818T103335_20210818T103404_039283_04A37B_rtc,2021-08-18T10:33:50.464006+00:00,2021-08-18,2021Q3,S1A,11,ascending,X1_build_slab__v1,positive_control,LINEAR_POWER_GAMMA0,0.6296091079711914,67,0.39941731095314026,67
FROZEN,S1A_IW_GRDH_1SDV_20210818T103335_20210818T103404_039283_04A37B_rtc,2021-08-18T10:33:50.464006+00:00,2021-08-18,2021Q3,S1A,11,ascending,X2_build_site__v1,positive_control,LINEAR_POWER_GAMMA0,0.6186617016792297,155,0.2903488278388977,155
FROZEN,S1A_IW_GRDH_1SDV_20210825T102523_20210825T102552_039385_04A6F0_rtc,2021-08-25T10:25:38.144426+00:00,2021-08-25,2021Q3,S1A,113,ascending,T1_ntt_fdc__v1,treatment,LINEAR_POWER_GAMMA0,1.7187235355377197,307,0.7934927344322205,307
FROZEN,S1A_IW_GRDH_1SDV_20210825T102523_20210825T102552_039385_04A6F0_rtc,2021-08-25T10:25:38.144426+00:00,2021-08-25,2021Q3,S1A,113,ascending,C1_hkex_dc__v1,control,LINEAR_POWER_GAMMA0,0.3545836806297302,55,0.09209099411964417,55
FROZEN,S1A_IW_GRDH_1SDV_20210825T102523_20210825T102552_039385_04A6F0_rtc,2021-08-25T10:25:38.144426+00:00,2021-08-25,2021Q3,S1A,113,ascending,C2b_amc__v2,positive_control,LINEAR_POWER_GAMMA0,1.512303352355957,260,0.4380263090133667,260
FROZEN,S1A_IW_GRDH_1SDV_20210825T102523_20210825T102552_039385_04A6F0_rtc,2021-08-25T10:25:38.144426+00:00,2021-08-25,2021Q3,S1A,113,ascending,P1_vacant__v1,placebo,LINEAR_POWER_GAMMA0,0.42808422446250916,93,0.06101231276988983,93
FROZEN,S1A_IW_GRDH_1SDV_20210825T102523_20210825T102552_039385_04A6F0_rtc,2021-08-25T10:25:38.144426+00:00,2021-08-25,2021Q3,S1A,113,ascending,X1_build_slab__v1,positive_control,LINEAR_POWER_GAMMA0,1.3494762182235718,67,0.30000078678131104,67
FROZEN,S1A_IW_GRDH_1SDV_20210825T102523_20210825T102552_039385_04A6F0_rtc,2021-08-25T10:25:38.144426+00:00,2021-08-25,2021Q3,S1A,113,ascending,X2_build_site__v1,positive_control,LINEAR_POWER_GAMMA0,1.2924939393997192,155,0.27533644437789917,155
FROZEN,S1A_IW_GRDH_1SDV_20210830T103336_20210830T103405_039458_04A96A_rtc,2021-08-30T10:33:51.029850+00:00,2021-08-30,2021Q3,S1A,11,ascending,T1_ntt_fdc__v1,treatment,LINEAR_POWER_GAMMA0,3.4612085819244385,307,1.5226868391036987,307
FROZEN,S1A_IW_GRDH_1SDV_20210830T103336_20210830T103405_039458_04A96A_rtc,2021-08-30T10:33:51.029850+00:00,2021-08-30,2021Q3,S1A,11,ascending,C1_hkex_dc__v1,control,LINEAR_POWER_GAMMA0,0.3201861083507538,55,0.10177212953567505,55
FROZEN,S1A_IW_GRDH_1SDV_20210830T103336_20210830T103405_039458_04A96A_rtc,2021-08-30T10:33:51.029850+00:00,2021-08-30,2021Q3,S1A,11,ascending,C2b_amc__v2,positive_control,LINEAR_POWER_GAMMA0,1.2469720840454102,260,0.4068337082862854,260
FROZEN,S1A_IW_GRDH_1SDV_20210830T103336_20210830T103405_039458_04A96A_rtc,2021-08-30T10:33:51.029850+00:00,2021-08-30,2021Q3,S1A,11,ascending,P1_vacant__v1,placebo,LINEAR_POWER_GAMMA0,0.27407306432724,93,0.07014451175928116,93
FROZEN,S1A_IW_GRDH_1SDV_20210830T103336_20210830T103405_039458_04A96A_rtc,2021-08-30T10:33:51.029850+00:00,2021-08-30,2021Q3,S1A,11,ascending,X1_build_slab__v1,positive_control,LINEAR_POWER_GAMMA0,0.9658166766166687,67,0.3727327287197113,67
FROZEN,S1A_IW_GRDH_1SDV_20210830T103336_20210830T103405_039458_04A96A_rtc,2021-08-30T10:33:51.029850+00:00,2021-08-30,2021Q3,S1A,11,ascending,X2_build_site__v1,positive_control,LINEAR_POWER_GAMMA0,0.8771747350692749,155,0.2654341161251068,155
FROZEN,S1A_IW_GRDH_1SDV_20210906T102524_20210906T102553_039560_04AD01_rtc,2021-09-06T10:25:38.701349+00:00,2021-09-06,2021Q3,S1A,113,ascending,T1_ntt_fdc__v1,treatment,LINEAR_POWER_GAMMA0,1.6065657138824463,307,0.7409027814865112,307
FROZEN,S1A_IW_GRDH_1SDV_20210906T102524_20210906T102553_039560_04AD01_rtc,2021-09-06T10:25:38.701349+00:00,2021-09-06,2021Q3,S1A,113,ascending,C1_hkex_dc__v1,control,LINEAR_POWER_GAMMA0,0.3705158829689026,55,0.07648348063230515,55
FROZEN,S1A_IW_GRDH_1SDV_20210906T102524_20210906T102553_039560_04AD01_rtc,2021-09-06T10:25:38.701349+00:00,2021-09-06,2021Q3,S1A,113,ascending,C2b_amc__v2,positive_control,LINEAR_POWER_GAMMA0,1.69889497756958,260,0.4218158423900604,260
FROZEN,S1A_IW_GRDH_1SDV_20210906T102524_20210906T102553_039560_04AD01_rtc,2021-09-06T10:25:38.701349+00:00,2021-09-06,2021Q3,S1A,113,ascending,P1_vacant__v1,placebo,LINEAR_POWER_GAMMA0,0.4415443241596222,93,0.06903897225856781,93
FROZEN,S1A_IW_GRDH_1SDV_20210906T102524_20210906T102553_039560_04AD01_rtc,2021-09-06T10:25:38.701349+00:00,2021-09-06,2021Q3,S1A,113,ascending,X1_build_slab__v1,positive_control,LINEAR_POWER_GAMMA0,1.56851327419281,67,0.38954615592956543,67
FROZEN,S1A_IW_GRDH_1SDV_20210906T102524_20210906T102553_039560_04AD01_rtc,2021-09-06T10:25:38.701349+00:00,2021-09-06,2021Q3,S1A,113,ascending,X2_build_site__v1,positive_control,LINEAR_POWER_GAMMA0,1.481569766998291,155,0.30601638555526733,155
FROZEN,S1A_IW_GRDH_1SDV_20210911T103337_20210911T103406_039633_04AF7D_rtc,2021-09-11T10:33:51.647010+00:00,2021-09-11,2021Q3,S1A,11,ascending,T1_ntt_fdc__v1,treatment,LINEAR_POWER_GAMMA0,3.4734132289886475,307,1.5394929647445679,307
FROZEN,S1A_IW_GRDH_1SDV_20210911T103337_20210911T103406_039633_04AF7D_rtc,2021-09-11T10:33:51.647010+00:00,2021-09-11,2021Q3,S1A,11,ascending,C1_hkex_dc__v1,control,LINEAR_POWER_GAMMA0,0.2692175507545471,55,0.08704330027103424,55
FROZEN,S1A_IW_GRDH_1SDV_20210911T103337_20210911T103406_039633_04AF7D_rtc,2021-09-11T10:33:51.647010+00:00,2021-09-11,2021Q3,S1A,11,ascending,C2b_amc__v2,positive_control,LINEAR_POWER_GAMMA0,3.815915822982788,260,0.3820038437843323,260
FROZEN,S1A_IW_GRDH_1SDV_20210911T103337_20210911T103406_039633_04AF7D_rtc,2021-09-11T10:33:51.647010+00:00,2021-09-11,2021Q3,S1A,11,ascending,P1_vacant__v1,placebo,LINEAR_POWER_GAMMA0,0.2527374029159546,93,0.08562798798084259,93
FROZEN,S1A_IW_GRDH_1SDV_20210911T103337_20210911T103406_039633_04AF7D_rtc,2021-09-11T10:33:51.647010+00:00,2021-09-11,2021Q3,S1A,11,ascending,X1_build_slab__v1,positive_control,LINEAR_POWER_GAMMA0,0.723577618598938,67,0.29379066824913025,67
FROZEN,S1A_IW_GRDH_1SDV_20210911T103337_20210911T103406_039633_04AF7D_rtc,2021-09-11T10:33:51.647010+00:00,2021-09-11,2021Q3,S1A,11,ascending,X2_build_site__v1,positive_control,LINEAR_POWER_GAMMA0,0.6013168096542358,155,0.22765259444713593,155
FROZEN,S1A_IW_GRDH_1SDV_20210918T102524_20210918T102553_039735_04B2EF_rtc,2021-09-18T10:25:39.158553+00:00,2021-09-18,2021Q3,S1A,113,ascending,T1_ntt_fdc__v1,treatment,LINEAR_POWER_GAMMA0,1.6751396656036377,307,0.8106417059898376,307
FROZEN,S1A_IW_GRDH_1SDV_20210918T102524_20210918T102553_039735_04B2EF_rtc,2021-09-18T10:25:39.158553+00:00,2021-09-18,2021Q3,S1A,113,ascending,C1_hkex_dc__v1,control,LINEAR_POWER_GAMMA0,0.3666553795337677,55,0.06270154565572739,55
FROZEN,S1A_IW_GRDH_1SDV_20210918T102524_20210918T102553_039735_04B2EF_rtc,2021-09-18T10:25:39.158553+00:00,2021-09-18,2021Q3,S1A,113,ascending,C2b_amc__v2,positive_control,LINEAR_POWER_GAMMA0,3.5413706302642822,260,0.4984624981880188,260
FROZEN,S1A_IW_GRDH_1SDV_20210918T102524_20210918T102553_039735_04B2EF_rtc,2021-09-18T10:25:39.158553+00:00,2021-09-18,2021Q3,S1A,113,ascending,P1_vacant__v1,placebo,LINEAR_POWER_GAMMA0,0.5205248594284058,93,0.0689447820186615,93
FROZEN,S1A_IW_GRDH_1SDV_20210918T102524_20210918T102553_039735_04B2EF_rtc,2021-09-18T10:25:39.158553+00:00,2021-09-18,2021Q3,S1A,113,ascending,X1_build_slab__v1,positive_control,LINEAR_POWER_GAMMA0,1.1417768001556396,67,0.33899256587028503,67
FROZEN,S1A_IW_GRDH_1SDV_20210918T102524_20210918T102553_039735_04B2EF_rtc,2021-09-18T10:25:39.158553+00:00,2021-09-18,2021Q3,S1A,113,ascending,X2_build_site__v1,positive_control,LINEAR_POWER_GAMMA0,1.0772234201431274,155,0.29342901706695557,155
FROZEN,S1A_IW_GRDH_1SDV_20210923T103337_20210923T103406_039808_04B55E_rtc,2021-09-23T10:33:52.032207+00:00,2021-09-23,2021Q3,S1A,11,ascending,T1_ntt_fdc__v1,treatment,LINEAR_POWER_GAMMA0,3.807788133621216,307,1.5256909132003784,307
FROZEN,S1A_IW_GRDH_1SDV_20210923T103337_20210923T103406_039808_04B55E_rtc,2021-09-23T10:33:52.032207+00:00,2021-09-23,2021Q3,S1A,11,ascending,C1_hkex_dc__v1,control,LINEAR_POWER_GAMMA0,0.3633953034877777,55,0.09652382135391235,55
FROZEN,S1A_IW_GRDH_1SDV_20210923T103337_20210923T103406_039808_04B55E_rtc,2021-09-23T10:33:52.032207+00:00,2021-09-23,2021Q3,S1A,11,ascending,C2b_amc__v2,positive_control,LINEAR_POWER_GAMMA0,12.951528549194336,260,0.9495195746421814,260
FROZEN,S1A_IW_GRDH_1SDV_20210923T103337_20210923T103406_039808_04B55E_rtc,2021-09-23T10:33:52.032207+00:00,2021-09-23,2021Q3,S1A,11,ascending,P1_vacant__v1,placebo,LINEAR_POWER_GAMMA0,0.40014466643333435,93,0.10633669793605804,93
FROZEN,S1A_IW_GRDH_1SDV_20210923T103337_20210923T103406_039808_04B55E_rtc,2021-09-23T10:33:52.032207+00:00,2021-09-23,2021Q3,S1A,11,ascending,X1_build_slab__v1,positive_control,LINEAR_POWER_GAMMA0,1.8686182498931885,67,0.30962368845939636,67
FROZEN,S1A_IW_GRDH_1SDV_20210923T103337_20210923T103406_039808_04B55E_rtc,2021-09-23T10:33:52.032207+00:00,2021-09-23,2021Q3,S1A,11,ascending,X2_build_site__v1,positive_control,LINEAR_POWER_GAMMA0,1.54776930809021,155,0.25388407707214355,155
FROZEN,S1A_IW_GRDH_1SDV_20210930T102524_20210930T102554_039910_04B8F3_rtc,2021-09-30T10:25:39.484861+00:00,2021-09-30,2021Q3,S1A,113,ascending,T1_ntt_fdc__v1,treatment,LINEAR_POWER_GAMMA0,1.781510591506958,307,0.8490745425224304,307
FROZEN,S1A_IW_GRDH_1SDV_20210930T102524_20210930T102554_039910_04B8F3_rtc,2021-09-30T10:25:39.484861+00:00,2021-09-30,2021Q3,S1A,113,ascending,C1_hkex_dc__v1,control,LINEAR_POWER_GAMMA0,0.3793460726737976,55,0.08725728839635849,55
FROZEN,S1A_IW_GRDH_1SDV_20210930T102524_20210930T102554_039910_04B8F3_rtc,2021-09-30T10:25:39.484861+00:00,2021-09-30,2021Q3,S1A,113,ascending,C2b_amc__v2,positive_control,LINEAR_POWER_GAMMA0,2.9200332164764404,260,0.5542801022529602,260
FROZEN,S1A_IW_GRDH_1SDV_20210930T102524_20210930T102554_039910_04B8F3_rtc,2021-09-30T10:25:39.484861+00:00,2021-09-30,2021Q3,S1A,113,ascending,P1_vacant__v1,placebo,LINEAR_POWER_GAMMA0,0.5078970193862915,93,0.06695591658353806,93
FROZEN,S1A_IW_GRDH_1SDV_20210930T102524_20210930T102554_039910_04B8F3_rtc,2021-09-30T10:25:39.484861+00:00,2021-09-30,2021Q3,S1A,113,ascending,X1_build_slab__v1,positive_control,LINEAR_POWER_GAMMA0,1.367321491241455,67,0.2983516454696655,67
FROZEN,S1A_IW_GRDH_1SDV_20210930T102524_20210930T102554_039910_04B8F3_rtc,2021-09-30T10:25:39.484861+00:00,2021-09-30,2021Q3,S1A,113,ascending,X2_build_site__v1,positive_control,LINEAR_POWER_GAMMA0,1.2243316173553467,155,0.25782644748687744,155
FROZEN,S1A_IW_GRDH_1SDV_20211005T103337_20211005T103406_039983_04BB81_rtc,2021-10-05T10:33:52.287114+00:00,2021-10-05,2021Q4,S1A,11,ascending,T1_ntt_fdc__v1,treatment,LINEAR_POWER_GAMMA0,3.303234338760376,307,1.4302544593811035,307
FROZEN,S1A_IW_GRDH_1SDV_20211005T103337_20211005T103406_039983_04BB81_rtc,2021-10-05T10:33:52.287114+00:00,2021-10-05,2021Q4,S1A,11,ascending,C1_hkex_dc__v1,control,LINEAR_POWER_GAMMA0,0.3503601849079132,55,0.11504040658473969,55
FROZEN,S1A_IW_GRDH_1SDV_20211005T103337_20211005T103406_039983_04BB81_rtc,2021-10-05T10:33:52.287114+00:00,2021-10-05,2021Q4,S1A,11,ascending,C2b_amc__v2,positive_control,LINEAR_POWER_GAMMA0,4.467376232147217,260,0.6885046362876892,260
FROZEN,S1A_IW_GRDH_1SDV_20211005T103337_20211005T103406_039983_04BB81_rtc,2021-10-05T10:33:52.287114+00:00,2021-10-05,2021Q4,S1A,11,ascending,P1_vacant__v1,placebo,LINEAR_POWER_GAMMA0,0.34319883584976196,93,0.08149494230747223,93
FROZEN,S1A_IW_GRDH_1SDV_20211005T103337_20211005T103406_039983_04BB81_rtc,2021-10-05T10:33:52.287114+00:00,2021-10-05,2021Q4,S1A,11,ascending,X1_build_slab__v1,positive_control,LINEAR_POWER_GAMMA0,1.098009705543518,67,0.3665812909603119,67
FROZEN,S1A_IW_GRDH_1SDV_20211005T103337_20211005T103406_039983_04BB81_rtc,2021-10-05T10:33:52.287114+00:00,2021-10-05,2021Q4,S1A,11,ascending,X2_build_site__v1,positive_control,LINEAR_POWER_GAMMA0,0.8437039256095886,155,0.2862705886363983,155
FROZEN,S1A_IW_GRDH_1SDV_20211012T102525_20211012T102554_040085_04BF06_rtc,2021-10-12T10:25:39.589704+00:00,2021-10-12,2021Q4,S1A,113,ascending,T1_ntt_fdc__v1,treatment,LINEAR_POWER_GAMMA0,1.6999551057815552,307,0.8977794051170349,307
FROZEN,S1A_IW_GRDH_1SDV_20211012T102525_20211012T102554_040085_04BF06_rtc,2021-10-12T10:25:39.589704+00:00,2021-10-12,2021Q4,S1A,113,ascending,C1_hkex_dc__v1,control,LINEAR_POWER_GAMMA0,0.32581624388694763,55,0.061445582658052444,55
FROZEN,S1A_IW_GRDH_1SDV_20211012T102525_20211012T102554_040085_04BF06_rtc,2021-10-12T10:25:39.589704+00:00,2021-10-12,2021Q4,S1A,113,ascending,C2b_amc__v2,positive_control,LINEAR_POWER_GAMMA0,4.464183330535889,260,0.8054785132408142,260
FROZEN,S1A_IW_GRDH_1SDV_20211012T102525_20211012T102554_040085_04BF06_rtc,2021-10-12T10:25:39.589704+00:00,2021-10-12,2021Q4,S1A,113,ascending,P1_vacant__v1,placebo,LINEAR_POWER_GAMMA0,0.3457627594470978,93,0.08526569604873657,93
FROZEN,S1A_IW_GRDH_1SDV_20211012T102525_20211012T102554_040085_04BF06_rtc,2021-10-12T10:25:39.589704+00:00,2021-10-12,2021Q4,S1A,113,ascending,X1_build_slab__v1,positive_control,LINEAR_POWER_GAMMA0,1.3639106750488281,67,0.3170297145843506,67
FROZEN,S1A_IW_GRDH_1SDV_20211012T102525_20211012T102554_040085_04BF06_rtc,2021-10-12T10:25:39.589704+00:00,2021-10-12,2021Q4,S1A,113,ascending,X2_build_site__v1,positive_control,LINEAR_POWER_GAMMA0,1.3037751913070679,155,0.2735232412815094,155
FROZEN,S1A_IW_GRDH_1SDV_20211017T103337_20211017T103406_040158_04C18D_rtc,2021-10-17T10:33:52.455572+00:00,2021-10-17,2021Q4,S1A,11,ascending,T1_ntt_fdc__v1,treatment,LINEAR_POWER_GAMMA0,3.3915963172912598,307,1.612847924232483,307
FROZEN,S1A_IW_GRDH_1SDV_20211017T103337_20211017T103406_040158_04C18D_rtc,2021-10-17T10:33:52.455572+00:00,2021-10-17,2021Q4,S1A,11,ascending,C1_hkex_dc__v1,control,LINEAR_POWER_GAMMA0,0.30942007899284363,55,0.11052396148443222,55
FROZEN,S1A_IW_GRDH_1SDV_20211017T103337_20211017T103406_040158_04C18D_rtc,2021-10-17T10:33:52.455572+00:00,2021-10-17,2021Q4,S1A,11,ascending,C2b_amc__v2,positive_control,LINEAR_POWER_GAMMA0,5.624119281768799,260,0.6333228349685669,260
FROZEN,S1A_IW_GRDH_1SDV_20211017T103337_20211017T103406_040158_04C18D_rtc,2021-10-17T10:33:52.455572+00:00,2021-10-17,2021Q4,S1A,11,ascending,P1_vacant__v1,placebo,LINEAR_POWER_GAMMA0,0.27762913703918457,93,0.08467955887317657,93
FROZEN,S1A_IW_GRDH_1SDV_20211017T103337_20211017T103406_040158_04C18D_rtc,2021-10-17T10:33:52.455572+00:00,2021-10-17,2021Q4,S1A,11,ascending,X1_build_slab__v1,positive_control,LINEAR_POWER_GAMMA0,0.9764535427093506,67,0.2984779179096222,67
FROZEN,S1A_IW_GRDH_1SDV_20211017T103337_20211017T103406_040158_04C18D_rtc,2021-10-17T10:33:52.455572+00:00,2021-10-17,2021Q4,S1A,11,ascending,X2_build_site__v1,positive_control,LINEAR_POWER_GAMMA0,0.8139024972915649,155,0.22964376211166382,155
FROZEN,S1A_IW_GRDH_1SDV_20211024T102525_20211024T102554_040260_04C522_rtc,2021-10-24T10:25:39.694548+00:00,2021-10-24,2021Q4,S1A,113,ascending,T1_ntt_fdc__v1,treatment,LINEAR_POWER_GAMMA0,1.8624192476272583,307,0.844632625579834,307
FROZEN,S1A_IW_GRDH_1SDV_20211024T102525_20211024T102554_040260_04C522_rtc,2021-10-24T10:25:39.694548+00:00,2021-10-24,2021Q4,S1A,113,ascending,C1_hkex_dc__v1,control,LINEAR_POWER_GAMMA0,0.348741739988327,55,0.055683113634586334,55
FROZEN,S1A_IW_GRDH_1SDV_20211024T102525_20211024T102554_040260_04C522_rtc,2021-10-24T10:25:39.694548+00:00,2021-10-24,2021Q4,S1A,113,ascending,C2b_amc__v2,positive_control,LINEAR_POWER_GAMMA0,2.700319528579712,260,0.6212759613990784,260
FROZEN,S1A_IW_GRDH_1SDV_20211024T102525_20211024T102554_040260_04C522_rtc,2021-10-24T10:25:39.694548+00:00,2021-10-24,2021Q4,S1A,113,ascending,P1_vacant__v1,placebo,LINEAR_POWER_GAMMA0,0.28733354806900024,93,0.06753990054130554,93
FROZEN,S1A_IW_GRDH_1SDV_20211024T102525_20211024T102554_040260_04C522_rtc,2021-10-24T10:25:39.694548+00:00,2021-10-24,2021Q4,S1A,113,ascending,X1_build_slab__v1,positive_control,LINEAR_POWER_GAMMA0,1.1726593971252441,67,0.2619244158267975,67
FROZEN,S1A_IW_GRDH_1SDV_20211024T102525_20211024T102554_040260_04C522_rtc,2021-10-24T10:25:39.694548+00:00,2021-10-24,2021Q4,S1A,113,ascending,X2_build_site__v1,positive_control,LINEAR_POWER_GAMMA0,1.1204993724822998,155,0.25328192114830017,155
FROZEN,S1A_IW_GRDH_1SDV_20211029T103337_20211029T103406_040333_04C7A0_rtc,2021-10-29T10:33:52.309839+00:00,2021-10-29,2021Q4,S1A,11,ascending,T1_ntt_fdc__v1,treatment,LINEAR_POWER_GAMMA0,3.313474178314209,307,1.5486714839935303,307
FROZEN,S1A_IW_GRDH_1SDV_20211029T103337_20211029T103406_040333_04C7A0_rtc,2021-10-29T10:33:52.309839+00:00,2021-10-29,2021Q4,S1A,11,ascending,C1_hkex_dc__v1,control,LINEAR_POWER_GAMMA0,0.31813955307006836,55,0.10364680737257004,55
FROZEN,S1A_IW_GRDH_1SDV_20211029T103337_20211029T103406_040333_04C7A0_rtc,2021-10-29T10:33:52.309839+00:00,2021-10-29,2021Q4,S1A,11,ascending,C2b_amc__v2,positive_control,LINEAR_POWER_GAMMA0,5.274709701538086,260,0.5328647494316101,260
FROZEN,S1A_IW_GRDH_1SDV_20211029T103337_20211029T103406_040333_04C7A0_rtc,2021-10-29T10:33:52.309839+00:00,2021-10-29,2021Q4,S1A,11,ascending,P1_vacant__v1,placebo,LINEAR_POWER_GAMMA0,0.24509833753108978,93,0.08635292202234268,93
FROZEN,S1A_IW_GRDH_1SDV_20211029T103337_20211029T103406_040333_04C7A0_rtc,2021-10-29T10:33:52.309839+00:00,2021-10-29,2021Q4,S1A,11,ascending,X1_build_slab__v1,positive_control,LINEAR_POWER_GAMMA0,1.0907833576202393,67,0.2870875895023346,67
FROZEN,S1A_IW_GRDH_1SDV_20211029T103337_20211029T103406_040333_04C7A0_rtc,2021-10-29T10:33:52.309839+00:00,2021-10-29,2021Q4,S1A,11,ascending,X2_build_site__v1,positive_control,LINEAR_POWER_GAMMA0,0.821395993232727,155,0.22917643189430237,155
FROZEN,S1A_IW_GRDH_1SDV_20211105T102524_20211105T102553_040435_04CB3A_rtc,2021-11-05T10:25:39.389521+00:00,2021-11-05,2021Q4,S1A,113,ascending,T1_ntt_fdc__v1,treatment,LINEAR_POWER_GAMMA0,1.7684272527694702,307,0.7534276247024536,307
FROZEN,S1A_IW_GRDH_1SDV_20211105T102524_20211105T102553_040435_04CB3A_rtc,2021-11-05T10:25:39.389521+00:00,2021-11-05,2021Q4,S1A,113,ascending,C1_hkex_dc__v1,control,LINEAR_POWER_GAMMA0,0.39777496457099915,55,0.07446632534265518,55
FROZEN,S1A_IW_GRDH_1SDV_20211105T102524_20211105T102553_040435_04CB3A_rtc,2021-11-05T10:25:39.389521+00:00,2021-11-05,2021Q4,S1A,113,ascending,C2b_amc__v2,positive_control,LINEAR_POWER_GAMMA0,2.1990625858306885,260,0.672648012638092,260
FROZEN,S1A_IW_GRDH_1SDV_20211105T102524_20211105T102553_040435_04CB3A_rtc,2021-11-05T10:25:39.389521+00:00,2021-11-05,2021Q4,S1A,113,ascending,P1_vacant__v1,placebo,LINEAR_POWER_GAMMA0,0.23472850024700165,93,0.07867752760648727,93
FROZEN,S1A_IW_GRDH_1SDV_20211105T102524_20211105T102553_040435_04CB3A_rtc,2021-11-05T10:25:39.389521+00:00,2021-11-05,2021Q4,S1A,113,ascending,X1_build_slab__v1,positive_control,LINEAR_POWER_GAMMA0,1.4994027614593506,67,0.23571565747261047,67
FROZEN,S1A_IW_GRDH_1SDV_20211105T102524_20211105T102553_040435_04CB3A_rtc,2021-11-05T10:25:39.389521+00:00,2021-11-05,2021Q4,S1A,113,ascending,X2_build_site__v1,positive_control,LINEAR_POWER_GAMMA0,1.3472421169281006,155,0.2264319211244583,155
FROZEN,S1A_IW_GRDH_1SDV_20211110T103337_20211110T103406_040508_04CDC0_rtc,2021-11-10T10:33:51.997710+00:00,2021-11-10,2021Q4,S1A,11,ascending,T1_ntt_fdc__v1,treatment,LINEAR_POWER_GAMMA0,3.1761879920959473,307,1.6612392663955688,307
FROZEN,S1A_IW_GRDH_1SDV_20211110T103337_20211110T103406_040508_04CDC0_rtc,2021-11-10T10:33:51.997710+00:00,2021-11-10,2021Q4,S1A,11,ascending,C1_hkex_dc__v1,control,LINEAR_POWER_GAMMA0,0.3002893626689911,55,0.09952271729707718,55
FROZEN,S1A_IW_GRDH_1SDV_20211110T103337_20211110T103406_040508_04CDC0_rtc,2021-11-10T10:33:51.997710+00:00,2021-11-10,2021Q4,S1A,11,ascending,C2b_amc__v2,positive_control,LINEAR_POWER_GAMMA0,4.3317718505859375,260,0.5894507765769958,260
FROZEN,S1A_IW_GRDH_1SDV_20211110T103337_20211110T103406_040508_04CDC0_rtc,2021-11-10T10:33:51.997710+00:00,2021-11-10,2021Q4,S1A,11,ascending,P1_vacant__v1,placebo,LINEAR_POWER_GAMMA0,0.2255256474018097,93,0.09721069037914276,93
FROZEN,S1A_IW_GRDH_1SDV_20211110T103337_20211110T103406_040508_04CDC0_rtc,2021-11-10T10:33:51.997710+00:00,2021-11-10,2021Q4,S1A,11,ascending,X1_build_slab__v1,positive_control,LINEAR_POWER_GAMMA0,0.8270689845085144,67,0.3010483980178833,67
FROZEN,S1A_IW_GRDH_1SDV_20211110T103337_20211110T103406_040508_04CDC0_rtc,2021-11-10T10:33:51.997710+00:00,2021-11-10,2021Q4,S1A,11,ascending,X2_build_site__v1,positive_control,LINEAR_POWER_GAMMA0,0.6513452529907227,155,0.22959430515766144,155
FROZEN,S1A_IW_GRDH_1SDV_20211117T102524_20211117T102553_040610_04D143_rtc,2021-11-17T10:25:39.305248+00:00,2021-11-17,2021Q4,S1A,113,ascending,T1_ntt_fdc__v1,treatment,LINEAR_POWER_GAMMA0,2.033545970916748,307,0.8144407868385315,307
FROZEN,S1A_IW_GRDH_1SDV_20211117T102524_20211117T102553_040610_04D143_rtc,2021-11-17T10:25:39.305248+00:00,2021-11-17,2021Q4,S1A,113,ascending,C1_hkex_dc__v1,control,LINEAR_POWER_GAMMA0,0.38354888558387756,55,0.08049439638853073,55
FROZEN,S1A_IW_GRDH_1SDV_20211117T102524_20211117T102553_040610_04D143_rtc,2021-11-17T10:25:39.305248+00:00,2021-11-17,2021Q4,S1A,113,ascending,C2b_amc__v2,positive_control,LINEAR_POWER_GAMMA0,1.9674588441848755,260,0.5190016627311707,260
FROZEN,S1A_IW_GRDH_1SDV_20211117T102524_20211117T102553_040610_04D143_rtc,2021-11-17T10:25:39.305248+00:00,2021-11-17,2021Q4,S1A,113,ascending,P1_vacant__v1,placebo,LINEAR_POWER_GAMMA0,0.22488366067409515,93,0.07763705402612686,93
FROZEN,S1A_IW_GRDH_1SDV_20211117T102524_20211117T102553_040610_04D143_rtc,2021-11-17T10:25:39.305248+00:00,2021-11-17,2021Q4,S1A,113,ascending,X1_build_slab__v1,positive_control,LINEAR_POWER_GAMMA0,1.330287218093872,67,0.2583532929420471,67
FROZEN,S1A_IW_GRDH_1SDV_20211117T102524_20211117T102553_040610_04D143_rtc,2021-11-17T10:25:39.305248+00:00,2021-11-17,2021Q4,S1A,113,ascending,X2_build_site__v1,positive_control,LINEAR_POWER_GAMMA0,1.2432392835617065,155,0.2508831024169922,155
FROZEN,S1A_IW_GRDH_1SDV_20211122T103337_20211122T103406_040683_04D3C4_rtc,2021-11-22T10:33:51.835172+00:00,2021-11-22,2021Q4,S1A,11,ascending,T1_ntt_fdc__v1,treatment,LINEAR_POWER_GAMMA0,3.16015887260437,307,1.531254529953003,307
FROZEN,S1A_IW_GRDH_1SDV_20211122T103337_20211122T103406_040683_04D3C4_rtc,2021-11-22T10:33:51.835172+00:00,2021-11-22,2021Q4,S1A,11,ascending,C1_hkex_dc__v1,control,LINEAR_POWER_GAMMA0,0.3093532919883728,55,0.1139880120754242,55
FROZEN,S1A_IW_GRDH_1SDV_20211122T103337_20211122T103406_040683_04D3C4_rtc,2021-11-22T10:33:51.835172+00:00,2021-11-22,2021Q4,S1A,11,ascending,C2b_amc__v2,positive_control,LINEAR_POWER_GAMMA0,4.778996467590332,260,0.6009006500244141,260
FROZEN,S1A_IW_GRDH_1SDV_20211122T103337_20211122T103406_040683_04D3C4_rtc,2021-11-22T10:33:51.835172+00:00,2021-11-22,2021Q4,S1A,11,ascending,P1_vacant__v1,placebo,LINEAR_POWER_GAMMA0,0.23401157557964325,93,0.07709964364767075,93
FROZEN,S1A_IW_GRDH_1SDV_20211122T103337_20211122T103406_040683_04D3C4_rtc,2021-11-22T10:33:51.835172+00:00,2021-11-22,2021Q4,S1A,11,ascending,X1_build_slab__v1,positive_control,LINEAR_POWER_GAMMA0,0.9403753280639648,67,0.289104163646698,67
FROZEN,S1A_IW_GRDH_1SDV_20211122T103337_20211122T103406_040683_04D3C4_rtc,2021-11-22T10:33:51.835172+00:00,2021-11-22,2021Q4,S1A,11,ascending,X2_build_site__v1,positive_control,LINEAR_POWER_GAMMA0,0.744805097579956,155,0.2298712432384491,155
FROZEN,S1A_IW_GRDH_1SDV_20211129T102524_20211129T102553_040785_04D755_rtc,2021-11-29T10:25:38.785193+00:00,2021-11-29,2021Q4,S1A,113,ascending,T1_ntt_fdc__v1,treatment,LINEAR_POWER_GAMMA0,1.9201585054397583,307,0.8458911776542664,307
FROZEN,S1A_IW_GRDH_1SDV_20211129T102524_20211129T102553_040785_04D755_rtc,2021-11-29T10:25:38.785193+00:00,2021-11-29,2021Q4,S1A,113,ascending,C1_hkex_dc__v1,control,LINEAR_POWER_GAMMA0,0.3708985149860382,55,0.0636245459318161,55
FROZEN,S1A_IW_GRDH_1SDV_20211129T102524_20211129T102553_040785_04D755_rtc,2021-11-29T10:25:38.785193+00:00,2021-11-29,2021Q4,S1A,113,ascending,C2b_amc__v2,positive_control,LINEAR_POWER_GAMMA0,2.8077552318573,260,0.516701340675354,260
FROZEN,S1A_IW_GRDH_1SDV_20211129T102524_20211129T102553_040785_04D755_rtc,2021-11-29T10:25:38.785193+00:00,2021-11-29,2021Q4,S1A,113,ascending,P1_vacant__v1,placebo,LINEAR_POWER_GAMMA0,0.3738550543785095,93,0.06860148161649704,93
FROZEN,S1A_IW_GRDH_1SDV_20211129T102524_20211129T102553_040785_04D755_rtc,2021-11-29T10:25:38.785193+00:00,2021-11-29,2021Q4,S1A,113,ascending,X1_build_slab__v1,positive_control,LINEAR_POWER_GAMMA0,1.170254111289978,67,0.37238818407058716,67
FROZEN,S1A_IW_GRDH_1SDV_20211129T102524_20211129T102553_040785_04D755_rtc,2021-11-29T10:25:38.785193+00:00,2021-11-29,2021Q4,S1A,113,ascending,X2_build_site__v1,positive_control,LINEAR_POWER_GAMMA0,1.2332011461257935,155,0.31389912962913513,155
FROZEN,S1A_IW_GRDH_1SDV_20211204T103336_20211204T103405_040858_04D9E1_rtc,2021-12-04T10:33:51.267538+00:00,2021-12-04,2021Q4,S1A,11,ascending,T1_ntt_fdc__v1,treatment,LINEAR_POWER_GAMMA0,3.1991498470306396,307,1.4964814186096191,307
FROZEN,S1A_IW_GRDH_1SDV_20211204T103336_20211204T103405_040858_04D9E1_rtc,2021-12-04T10:33:51.267538+00:00,2021-12-04,2021Q4,S1A,11,ascending,C1_hkex_dc__v1,control,LINEAR_POWER_GAMMA0,0.2922942340373993,55,0.09862492978572845,55
FROZEN,S1A_IW_GRDH_1SDV_20211204T103336_20211204T103405_040858_04D9E1_rtc,2021-12-04T10:33:51.267538+00:00,2021-12-04,2021Q4,S1A,11,ascending,C2b_amc__v2,positive_control,LINEAR_POWER_GAMMA0,4.210149765014648,260,0.6692002415657043,260
FROZEN,S1A_IW_GRDH_1SDV_20211204T103336_20211204T103405_040858_04D9E1_rtc,2021-12-04T10:33:51.267538+00:00,2021-12-04,2021Q4,S1A,11,ascending,P1_vacant__v1,placebo,LINEAR_POWER_GAMMA0,0.26474839448928833,93,0.07308722287416458,93
FROZEN,S1A_IW_GRDH_1SDV_20211204T103336_20211204T103405_040858_04D9E1_rtc,2021-12-04T10:33:51.267538+00:00,2021-12-04,2021Q4,S1A,11,ascending,X1_build_slab__v1,positive_control,LINEAR_POWER_GAMMA0,1.1172353029251099,67,0.30009034276008606,67
FROZEN,S1A_IW_GRDH_1SDV_20211204T103336_20211204T103405_040858_04D9E1_rtc,2021-12-04T10:33:51.267538+00:00,2021-12-04,2021Q4,S1A,11,ascending,X2_build_site__v1,positive_control,LINEAR_POWER_GAMMA0,0.8425251841545105,155,0.2365853637456894,155
FROZEN,S1A_IW_GRDH_1SDV_20211211T102523_20211211T102552_040960_04DD65_rtc,2021-12-11T10:25:38.258885+00:00,2021-12-11,2021Q4,S1A,113,ascending,T1_ntt_fdc__v1,treatment,LINEAR_POWER_GAMMA0,1.7784698009490967,307,0.8108986616134644,307
FROZEN,S1A_IW_GRDH_1SDV_20211211T102523_20211211T102552_040960_04DD65_rtc,2021-12-11T10:25:38.258885+00:00,2021-12-11,2021Q4,S1A,113,ascending,C1_hkex_dc__v1,control,LINEAR_POWER_GAMMA0,0.3499099016189575,55,0.0591026172041893,55
FROZEN,S1A_IW_GRDH_1SDV_20211211T102523_20211211T102552_040960_04DD65_rtc,2021-12-11T10:25:38.258885+00:00,2021-12-11,2021Q4,S1A,113,ascending,C2b_amc__v2,positive_control,LINEAR_POWER_GAMMA0,2.497898578643799,260,0.7234564423561096,260
FROZEN,S1A_IW_GRDH_1SDV_20211211T102523_20211211T102552_040960_04DD65_rtc,2021-12-11T10:25:38.258885+00:00,2021-12-11,2021Q4,S1A,113,ascending,P1_vacant__v1,placebo,LINEAR_POWER_GAMMA0,0.4906295835971832,93,0.06348501890897751,93
FROZEN,S1A_IW_GRDH_1SDV_20211211T102523_20211211T102552_040960_04DD65_rtc,2021-12-11T10:25:38.258885+00:00,2021-12-11,2021Q4,S1A,113,ascending,X1_build_slab__v1,positive_control,LINEAR_POWER_GAMMA0,1.366788387298584,67,0.3457396626472473,67
FROZEN,S1A_IW_GRDH_1SDV_20211211T102523_20211211T102552_040960_04DD65_rtc,2021-12-11T10:25:38.258885+00:00,2021-12-11,2021Q4,S1A,113,ascending,X2_build_site__v1,positive_control,LINEAR_POWER_GAMMA0,1.2626798152923584,155,0.26942092180252075,155
FROZEN,S1A_IW_GRDH_1SDV_20211216T103336_20211216T103405_041033_04DFD3_rtc,2021-12-16T10:33:50.855525+00:00,2021-12-16,2021Q4,S1A,11,ascending,T1_ntt_fdc__v1,treatment,LINEAR_POWER_GAMMA0,3.4365217685699463,307,1.3936676979064941,307
FROZEN,S1A_IW_GRDH_1SDV_20211216T103336_20211216T103405_041033_04DFD3_rtc,2021-12-16T10:33:50.855525+00:00,2021-12-16,2021Q4,S1A,11,ascending,C1_hkex_dc__v1,control,LINEAR_POWER_GAMMA0,0.33097153902053833,55,0.10777988284826279,55
FROZEN,S1A_IW_GRDH_1SDV_20211216T103336_20211216T103405_041033_04DFD3_rtc,2021-12-16T10:33:50.855525+00:00,2021-12-16,2021Q4,S1A,11,ascending,C2b_amc__v2,positive_control,LINEAR_POWER_GAMMA0,4.781444549560547,260,0.5924837589263916,260
FROZEN,S1A_IW_GRDH_1SDV_20211216T103336_20211216T103405_041033_04DFD3_rtc,2021-12-16T10:33:50.855525+00:00,2021-12-16,2021Q4,S1A,11,ascending,P1_vacant__v1,placebo,LINEAR_POWER_GAMMA0,0.2502448260784149,93,0.06962664425373077,93
FROZEN,S1A_IW_GRDH_1SDV_20211216T103336_20211216T103405_041033_04DFD3_rtc,2021-12-16T10:33:50.855525+00:00,2021-12-16,2021Q4,S1A,11,ascending,X1_build_slab__v1,positive_control,LINEAR_POWER_GAMMA0,1.0226824283599854,67,0.3530454933643341,67
FROZEN,S1A_IW_GRDH_1SDV_20211216T103336_20211216T103405_041033_04DFD3_rtc,2021-12-16T10:33:50.855525+00:00,2021-12-16,2021Q4,S1A,11,ascending,X2_build_site__v1,positive_control,LINEAR_POWER_GAMMA0,0.8584014773368835,155,0.25615668296813965,155
FROZEN,S1A_IW_GRDH_1SDV_20211223T102523_20211223T102552_041135_04E334_rtc,2021-12-23T10:25:37.538514+00:00,2021-12-23,2021Q4,S1A,113,ascending,T1_ntt_fdc__v1,treatment,LINEAR_POWER_GAMMA0,1.8737611770629883,307,0.826823353767395,307
FROZEN,S1A_IW_GRDH_1SDV_20211223T102523_20211223T102552_041135_04E334_rtc,2021-12-23T10:25:37.538514+00:00,2021-12-23,2021Q4,S1A,113,ascending,C1_hkex_dc__v1,control,LINEAR_POWER_GAMMA0,0.386934369802475,55,0.05397003889083862,55
FROZEN,S1A_IW_GRDH_1SDV_20211223T102523_20211223T102552_041135_04E334_rtc,2021-12-23T10:25:37.538514+00:00,2021-12-23,2021Q4,S1A,113,ascending,C2b_amc__v2,positive_control,LINEAR_POWER_GAMMA0,2.976834297180176,260,0.6793387532234192,260
FROZEN,S1A_IW_GRDH_1SDV_20211223T102523_20211223T102552_041135_04E334_rtc,2021-12-23T10:25:37.538514+00:00,2021-12-23,2021Q4,S1A,113,ascending,P1_vacant__v1,placebo,LINEAR_POWER_GAMMA0,0.2872001528739929,93,0.06592073291540146,93
FROZEN,S1A_IW_GRDH_1SDV_20211223T102523_20211223T102552_041135_04E334_rtc,2021-12-23T10:25:37.538514+00:00,2021-12-23,2021Q4,S1A,113,ascending,X1_build_slab__v1,positive_control,LINEAR_POWER_GAMMA0,1.2764530181884766,67,0.3312438130378723,67
FROZEN,S1A_IW_GRDH_1SDV_20211223T102523_20211223T102552_041135_04E334_rtc,2021-12-23T10:25:37.538514+00:00,2021-12-23,2021Q4,S1A,113,ascending,X2_build_site__v1,positive_control,LINEAR_POWER_GAMMA0,1.0912967920303345,155,0.28987088799476624,155
FROZEN,S1A_IW_GRDH_1SDV_20211228T103335_20211228T103404_041208_04E5A1_rtc,2021-12-28T10:33:50.121485+00:00,2021-12-28,2021Q4,S1A,11,ascending,T1_ntt_fdc__v1,treatment,LINEAR_POWER_GAMMA0,3.978644371032715,307,1.592895746231079,307
FROZEN,S1A_IW_GRDH_1SDV_20211228T103335_20211228T103404_041208_04E5A1_rtc,2021-12-28T10:33:50.121485+00:00,2021-12-28,2021Q4,S1A,11,ascending,C1_hkex_dc__v1,control,LINEAR_POWER_GAMMA0,0.35277771949768066,55,0.12891030311584473,55
FROZEN,S1A_IW_GRDH_1SDV_20211228T103335_20211228T103404_041208_04E5A1_rtc,2021-12-28T10:33:50.121485+00:00,2021-12-28,2021Q4,S1A,11,ascending,C2b_amc__v2,positive_control,LINEAR_POWER_GAMMA0,3.9307968616485596,260,0.4854757487773895,260
FROZEN,S1A_IW_GRDH_1SDV_20211228T103335_20211228T103404_041208_04E5A1_rtc,2021-12-28T10:33:50.121485+00:00,2021-12-28,2021Q4,S1A,11,ascending,P1_vacant__v1,placebo,LINEAR_POWER_GAMMA0,0.3351288139820099,93,0.0963820144534111,93
FROZEN,S1A_IW_GRDH_1SDV_20211228T103335_20211228T103404_041208_04E5A1_rtc,2021-12-28T10:33:50.121485+00:00,2021-12-28,2021Q4,S1A,11,ascending,X1_build_slab__v1,positive_control,LINEAR_POWER_GAMMA0,1.2791469097137451,67,0.3026013970375061,67
FROZEN,S1A_IW_GRDH_1SDV_20211228T103335_20211228T103404_041208_04E5A1_rtc,2021-12-28T10:33:50.121485+00:00,2021-12-28,2021Q4,S1A,11,ascending,X2_build_site__v1,positive_control,LINEAR_POWER_GAMMA0,0.9879044890403748,155,0.23341132700443268,155
FROZEN,S1A_IW_GRDH_1SDV_20220104T102522_20220104T102551_041310_04E925_rtc,2022-01-04T10:25:37.023721+00:00,2022-01-04,2022Q1,S1A,113,ascending,T1_ntt_fdc__v1,treatment,LINEAR_POWER_GAMMA0,1.6771427392959595,307,0.7887953519821167,307
FROZEN,S1A_IW_GRDH_1SDV_20220104T102522_20220104T102551_041310_04E925_rtc,2022-01-04T10:25:37.023721+00:00,2022-01-04,2022Q1,S1A,113,ascending,C1_hkex_dc__v1,control,LINEAR_POWER_GAMMA0,0.3911270499229431,55,0.057556189596652985,55
FROZEN,S1A_IW_GRDH_1SDV_20220104T102522_20220104T102551_041310_04E925_rtc,2022-01-04T10:25:37.023721+00:00,2022-01-04,2022Q1,S1A,113,ascending,C2b_amc__v2,positive_control,LINEAR_POWER_GAMMA0,2.065948247909546,260,0.5753648281097412,260
FROZEN,S1A_IW_GRDH_1SDV_20220104T102522_20220104T102551_041310_04E925_rtc,2022-01-04T10:25:37.023721+00:00,2022-01-04,2022Q1,S1A,113,ascending,P1_vacant__v1,placebo,LINEAR_POWER_GAMMA0,0.19783635437488556,93,0.055849555879831314,93
FROZEN,S1A_IW_GRDH_1SDV_20220104T102522_20220104T102551_041310_04E925_rtc,2022-01-04T10:25:37.023721+00:00,2022-01-04,2022Q1,S1A,113,ascending,X1_build_slab__v1,positive_control,LINEAR_POWER_GAMMA0,1.6127699613571167,67,0.339480996131897,67
FROZEN,S1A_IW_GRDH_1SDV_20220104T102522_20220104T102551_041310_04E925_rtc,2022-01-04T10:25:37.023721+00:00,2022-01-04,2022Q1,S1A,113,ascending,X2_build_site__v1,positive_control,LINEAR_POWER_GAMMA0,1.2882055044174194,155,0.280654639005661,155
FROZEN,S1A_IW_GRDH_1SDV_20220109T103335_20220109T103404_041383_04EB92_rtc,2022-01-09T10:33:49.676342+00:00,2022-01-09,2022Q1,S1A,11,ascending,T1_ntt_fdc__v1,treatment,LINEAR_POWER_GAMMA0,4.027529239654541,307,1.7162129878997803,307
FROZEN,S1A_IW_GRDH_1SDV_20220109T103335_20220109T103404_041383_04EB92_rtc,2022-01-09T10:33:49.676342+00:00,2022-01-09,2022Q1,S1A,11,ascending,C1_hkex_dc__v1,control,LINEAR_POWER_GAMMA0,0.2646859288215637,55,0.11761335283517838,55
FROZEN,S1A_IW_GRDH_1SDV_20220109T103335_20220109T103404_041383_04EB92_rtc,2022-01-09T10:33:49.676342+00:00,2022-01-09,2022Q1,S1A,11,ascending,C2b_amc__v2,positive_control,LINEAR_POWER_GAMMA0,4.187592506408691,260,0.5405416488647461,260
FROZEN,S1A_IW_GRDH_1SDV_20220109T103335_20220109T103404_041383_04EB92_rtc,2022-01-09T10:33:49.676342+00:00,2022-01-09,2022Q1,S1A,11,ascending,P1_vacant__v1,placebo,LINEAR_POWER_GAMMA0,0.2781667411327362,93,0.06928466260433197,93
FROZEN,S1A_IW_GRDH_1SDV_20220109T103335_20220109T103404_041383_04EB92_rtc,2022-01-09T10:33:49.676342+00:00,2022-01-09,2022Q1,S1A,11,ascending,X1_build_slab__v1,positive_control,LINEAR_POWER_GAMMA0,1.4856206178665161,67,0.25183430314064026,67
FROZEN,S1A_IW_GRDH_1SDV_20220109T103335_20220109T103404_041383_04EB92_rtc,2022-01-09T10:33:49.676342+00:00,2022-01-09,2022Q1,S1A,11,ascending,X2_build_site__v1,positive_control,LINEAR_POWER_GAMMA0,1.4107877016067505,155,0.1917036771774292,155
FROZEN,S1A_IW_GRDH_1SDV_20220116T102522_20220116T102551_041485_04EEDC_rtc,2022-01-16T10:25:36.619561+00:00,2022-01-16,2022Q1,S1A,113,ascending,T1_ntt_fdc__v1,treatment,LINEAR_POWER_GAMMA0,1.8172484636306763,307,0.8743113279342651,307
FROZEN,S1A_IW_GRDH_1SDV_20220116T102522_20220116T102551_041485_04EEDC_rtc,2022-01-16T10:25:36.619561+00:00,2022-01-16,2022Q1,S1A,113,ascending,C1_hkex_dc__v1,control,LINEAR_POWER_GAMMA0,0.3428851068019867,55,0.056083761155605316,55
FROZEN,S1A_IW_GRDH_1SDV_20220116T102522_20220116T102551_041485_04EEDC_rtc,2022-01-16T10:25:36.619561+00:00,2022-01-16,2022Q1,S1A,113,ascending,C2b_amc__v2,positive_control,LINEAR_POWER_GAMMA0,2.2516446113586426,260,0.7262549996376038,260
FROZEN,S1A_IW_GRDH_1SDV_20220116T102522_20220116T102551_041485_04EEDC_rtc,2022-01-16T10:25:36.619561+00:00,2022-01-16,2022Q1,S1A,113,ascending,P1_vacant__v1,placebo,LINEAR_POWER_GAMMA0,0.20312227308750153,93,0.058433160185813904,93
FROZEN,S1A_IW_GRDH_1SDV_20220116T102522_20220116T102551_041485_04EEDC_rtc,2022-01-16T10:25:36.619561+00:00,2022-01-16,2022Q1,S1A,113,ascending,X1_build_slab__v1,positive_control,LINEAR_POWER_GAMMA0,1.8467124700546265,67,0.2983829379081726,67
FROZEN,S1A_IW_GRDH_1SDV_20220116T102522_20220116T102551_041485_04EEDC_rtc,2022-01-16T10:25:36.619561+00:00,2022-01-16,2022Q1,S1A,113,ascending,X2_build_site__v1,positive_control,LINEAR_POWER_GAMMA0,1.5523818731307983,155,0.23706333339214325,155
FROZEN,S1A_IW_GRDH_1SDV_20220121T103334_20220121T103403_041558_04F14D_rtc,2022-01-21T10:33:48.967238+00:00,2022-01-21,2022Q1,S1A,11,ascending,T1_ntt_fdc__v1,treatment,LINEAR_POWER_GAMMA0,3.8962109088897705,307,1.6281230449676514,307
FROZEN,S1A_IW_GRDH_1SDV_20220121T103334_20220121T103403_041558_04F14D_rtc,2022-01-21T10:33:48.967238+00:00,2022-01-21,2022Q1,S1A,11,ascending,C1_hkex_dc__v1,control,LINEAR_POWER_GAMMA0,0.34742292761802673,55,0.11230960488319397,55
FROZEN,S1A_IW_GRDH_1SDV_20220121T103334_20220121T103403_041558_04F14D_rtc,2022-01-21T10:33:48.967238+00:00,2022-01-21,2022Q1,S1A,11,ascending,C2b_amc__v2,positive_control,LINEAR_POWER_GAMMA0,3.343879222869873,260,0.4330329895019531,260
FROZEN,S1A_IW_GRDH_1SDV_20220121T103334_20220121T103403_041558_04F14D_rtc,2022-01-21T10:33:48.967238+00:00,2022-01-21,2022Q1,S1A,11,ascending,P1_vacant__v1,placebo,LINEAR_POWER_GAMMA0,0.22612878680229187,93,0.07239186018705368,93
FROZEN,S1A_IW_GRDH_1SDV_20220121T103334_20220121T103403_041558_04F14D_rtc,2022-01-21T10:33:48.967238+00:00,2022-01-21,2022Q1,S1A,11,ascending,X1_build_slab__v1,positive_control,LINEAR_POWER_GAMMA0,1.1021018028259277,67,0.28668496012687683,67
FROZEN,S1A_IW_GRDH_1SDV_20220121T103334_20220121T103403_041558_04F14D_rtc,2022-01-21T10:33:48.967238+00:00,2022-01-21,2022Q1,S1A,11,ascending,X2_build_site__v1,positive_control,LINEAR_POWER_GAMMA0,0.9357889294624329,155,0.22906962037086487,155
FROZEN,S1A_IW_GRDH_1SDV_20220128T102521_20220128T102550_041660_04F4CA_rtc,2022-01-28T10:25:36.097932+00:00,2022-01-28,2022Q1,S1A,113,ascending,T1_ntt_fdc__v1,treatment,LINEAR_POWER_GAMMA0,1.9464513063430786,307,0.884198009967804,307
FROZEN,S1A_IW_GRDH_1SDV_20220128T102521_20220128T102550_041660_04F4CA_rtc,2022-01-28T10:25:36.097932+00:00,2022-01-28,2022Q1,S1A,113,ascending,C1_hkex_dc__v1,control,LINEAR_POWER_GAMMA0,0.3663676381111145,55,0.06247324123978615,55
FROZEN,S1A_IW_GRDH_1SDV_20220128T102521_20220128T102550_041660_04F4CA_rtc,2022-01-28T10:25:36.097932+00:00,2022-01-28,2022Q1,S1A,113,ascending,C2b_amc__v2,positive_control,LINEAR_POWER_GAMMA0,1.969818353652954,260,0.39774104952812195,260
FROZEN,S1A_IW_GRDH_1SDV_20220128T102521_20220128T102550_041660_04F4CA_rtc,2022-01-28T10:25:36.097932+00:00,2022-01-28,2022Q1,S1A,113,ascending,P1_vacant__v1,placebo,LINEAR_POWER_GAMMA0,0.23898707330226898,93,0.05462772771716118,93
FROZEN,S1A_IW_GRDH_1SDV_20220128T102521_20220128T102550_041660_04F4CA_rtc,2022-01-28T10:25:36.097932+00:00,2022-01-28,2022Q1,S1A,113,ascending,X1_build_slab__v1,positive_control,LINEAR_POWER_GAMMA0,1.6738002300262451,67,0.3391930162906647,67
FROZEN,S1A_IW_GRDH_1SDV_20220128T102521_20220128T102550_041660_04F4CA_rtc,2022-01-28T10:25:36.097932+00:00,2022-01-28,2022Q1,S1A,113,ascending,X2_build_site__v1,positive_control,LINEAR_POWER_GAMMA0,1.331438660621643,155,0.2566452622413635,155
FROZEN,S1A_IW_GRDH_1SDV_20220202T103333_20220202T103402_041733_04F74C_rtc,2022-02-02T10:33:48.319441+00:00,2022-02-02,2022Q1,S1A,11,ascending,T1_ntt_fdc__v1,treatment,LINEAR_POWER_GAMMA0,3.9385533332824707,307,1.5706822872161865,307
FROZEN,S1A_IW_GRDH_1SDV_20220202T103333_20220202T103402_041733_04F74C_rtc,2022-02-02T10:33:48.319441+00:00,2022-02-02,2022Q1,S1A,11,ascending,C1_hkex_dc__v1,control,LINEAR_POWER_GAMMA0,0.38028237223625183,55,0.12143738567829132,55
FROZEN,S1A_IW_GRDH_1SDV_20220202T103333_20220202T103402_041733_04F74C_rtc,2022-02-02T10:33:48.319441+00:00,2022-02-02,2022Q1,S1A,11,ascending,C2b_amc__v2,positive_control,LINEAR_POWER_GAMMA0,7.07484769821167,260,0.524370014667511,260
FROZEN,S1A_IW_GRDH_1SDV_20220202T103333_20220202T103402_041733_04F74C_rtc,2022-02-02T10:33:48.319441+00:00,2022-02-02,2022Q1,S1A,11,ascending,P1_vacant__v1,placebo,LINEAR_POWER_GAMMA0,0.39736151695251465,93,0.08494457602500916,93
FROZEN,S1A_IW_GRDH_1SDV_20220202T103333_20220202T103402_041733_04F74C_rtc,2022-02-02T10:33:48.319441+00:00,2022-02-02,2022Q1,S1A,11,ascending,X1_build_slab__v1,positive_control,LINEAR_POWER_GAMMA0,0.9989075064659119,67,0.26257386803627014,67
FROZEN,S1A_IW_GRDH_1SDV_20220202T103333_20220202T103402_041733_04F74C_rtc,2022-02-02T10:33:48.319441+00:00,2022-02-02,2022Q1,S1A,11,ascending,X2_build_site__v1,positive_control,LINEAR_POWER_GAMMA0,0.8907344937324524,155,0.2153645157814026,155
FROZEN,S1A_IW_GRDH_1SDV_20220209T102521_20220209T102550_041835_04FAE9_rtc,2022-02-09T10:25:35.766676+00:00,2022-02-09,2022Q1,S1A,113,ascending,T1_ntt_fdc__v1,treatment,LINEAR_POWER_GAMMA0,1.80123770236969,307,0.8729526400566101,307
FROZEN,S1A_IW_GRDH_1SDV_20220209T102521_20220209T102550_041835_04FAE9_rtc,2022-02-09T10:25:35.766676+00:00,2022-02-09,2022Q1,S1A,113,ascending,C1_hkex_dc__v1,control,LINEAR_POWER_GAMMA0,0.33557066321372986,55,0.06067703291773796,55
FROZEN,S1A_IW_GRDH_1SDV_20220209T102521_20220209T102550_041835_04FAE9_rtc,2022-02-09T10:25:35.766676+00:00,2022-02-09,2022Q1,S1A,113,ascending,C2b_amc__v2,positive_control,LINEAR_POWER_GAMMA0,2.0507619380950928,260,0.4626660943031311,260
FROZEN,S1A_IW_GRDH_1SDV_20220209T102521_20220209T102550_041835_04FAE9_rtc,2022-02-09T10:25:35.766676+00:00,2022-02-09,2022Q1,S1A,113,ascending,P1_vacant__v1,placebo,LINEAR_POWER_GAMMA0,0.2066635638475418,93,0.060049764811992645,93
FROZEN,S1A_IW_GRDH_1SDV_20220209T102521_20220209T102550_041835_04FAE9_rtc,2022-02-09T10:25:35.766676+00:00,2022-02-09,2022Q1,S1A,113,ascending,X1_build_slab__v1,positive_control,LINEAR_POWER_GAMMA0,1.1066656112670898,67,0.2557964622974396,67
FROZEN,S1A_IW_GRDH_1SDV_20220209T102521_20220209T102550_041835_04FAE9_rtc,2022-02-09T10:25:35.766676+00:00,2022-02-09,2022Q1,S1A,113,ascending,X2_build_site__v1,positive_control,LINEAR_POWER_GAMMA0,1.0144293308258057,155,0.2078588604927063,155
FROZEN,S1A_IW_GRDH_1SDV_20220214T103333_20220214T103402_041908_04FD67_rtc,2022-02-14T10:33:48.430838+00:00,2022-02-14,2022Q1,S1A,11,ascending,T1_ntt_fdc__v1,treatment,LINEAR_POWER_GAMMA0,3.751523733139038,307,1.767892599105835,307
FROZEN,S1A_IW_GRDH_1SDV_20220214T103333_20220214T103402_041908_04FD67_rtc,2022-02-14T10:33:48.430838+00:00,2022-02-14,2022Q1,S1A,11,ascending,C1_hkex_dc__v1,control,LINEAR_POWER_GAMMA0,0.30181968212127686,55,0.11761800944805145,55
FROZEN,S1A_IW_GRDH_1SDV_20220214T103333_20220214T103402_041908_04FD67_rtc,2022-02-14T10:33:48.430838+00:00,2022-02-14,2022Q1,S1A,11,ascending,C2b_amc__v2,positive_control,LINEAR_POWER_GAMMA0,5.311227321624756,260,0.4735303521156311,260
FROZEN,S1A_IW_GRDH_1SDV_20220214T103333_20220214T103402_041908_04FD67_rtc,2022-02-14T10:33:48.430838+00:00,2022-02-14,2022Q1,S1A,11,ascending,P1_vacant__v1,placebo,LINEAR_POWER_GAMMA0,0.2286989390850067,93,0.06546048820018768,93
FROZEN,S1A_IW_GRDH_1SDV_20220214T103333_20220214T103402_041908_04FD67_rtc,2022-02-14T10:33:48.430838+00:00,2022-02-14,2022Q1,S1A,11,ascending,X1_build_slab__v1,positive_control,LINEAR_POWER_GAMMA0,1.183343768119812,67,0.18013262748718262,67
FROZEN,S1A_IW_GRDH_1SDV_20220214T103333_20220214T103402_041908_04FD67_rtc,2022-02-14T10:33:48.430838+00:00,2022-02-14,2022Q1,S1A,11,ascending,X2_build_site__v1,positive_control,LINEAR_POWER_GAMMA0,0.9426913261413574,155,0.1570393145084381,155
FROZEN,S1A_IW_GRDH_1SDV_20220221T102521_20220221T102550_042010_0500FC_rtc,2022-02-21T10:25:35.685351+00:00,2022-02-21,2022Q1,S1A,113,ascending,T1_ntt_fdc__v1,treatment,LINEAR_POWER_GAMMA0,4.852439880371094,307,1.4343236684799194,307
FROZEN,S1A_IW_GRDH_1SDV_20220221T102521_20220221T102550_042010_0500FC_rtc,2022-02-21T10:25:35.685351+00:00,2022-02-21,2022Q1,S1A,113,ascending,C1_hkex_dc__v1,control,LINEAR_POWER_GAMMA0,0.37002599239349365,55,0.08472993969917297,55
FROZEN,S1A_IW_GRDH_1SDV_20220221T102521_20220221T102550_042010_0500FC_rtc,2022-02-21T10:25:35.685351+00:00,2022-02-21,2022Q1,S1A,113,ascending,C2b_amc__v2,positive_control,LINEAR_POWER_GAMMA0,4.918549537658691,260,0.8360216021537781,260
FROZEN,S1A_IW_GRDH_1SDV_20220221T102521_20220221T102550_042010_0500FC_rtc,2022-02-21T10:25:35.685351+00:00,2022-02-21,2022Q1,S1A,113,ascending,P1_vacant__v1,placebo,LINEAR_POWER_GAMMA0,0.3571525812149048,93,0.09513896703720093,93
FROZEN,S1A_IW_GRDH_1SDV_20220221T102521_20220221T102550_042010_0500FC_rtc,2022-02-21T10:25:35.685351+00:00,2022-02-21,2022Q1,S1A,113,ascending,X1_build_slab__v1,positive_control,LINEAR_POWER_GAMMA0,1.932613730430603,67,0.3956945240497589,67
FROZEN,S1A_IW_GRDH_1SDV_20220221T102521_20220221T102550_042010_0500FC_rtc,2022-02-21T10:25:35.685351+00:00,2022-02-21,2022Q1,S1A,113,ascending,X2_build_site__v1,positive_control,LINEAR_POWER_GAMMA0,1.584904670715332,155,0.2990402579307556,155
FROZEN,S1A_IW_GRDH_1SDV_20220226T103333_20220226T103402_042083_05036E_rtc,2022-02-26T10:33:48.329444+00:00,2022-02-26,2022Q1,S1A,11,ascending,T1_ntt_fdc__v1,treatment,LINEAR_POWER_GAMMA0,3.3624956607818604,307,1.6808135509490967,307
FROZEN,S1A_IW_GRDH_1SDV_20220226T103333_20220226T103402_042083_05036E_rtc,2022-02-26T10:33:48.329444+00:00,2022-02-26,2022Q1,S1A,11,ascending,C1_hkex_dc__v1,control,LINEAR_POWER_GAMMA0,0.27357491850852966,55,0.09901536256074905,55
FROZEN,S1A_IW_GRDH_1SDV_20220226T103333_20220226T103402_042083_05036E_rtc,2022-02-26T10:33:48.329444+00:00,2022-02-26,2022Q1,S1A,11,ascending,C2b_amc__v2,positive_control,LINEAR_POWER_GAMMA0,4.864692687988281,260,0.5172826647758484,260
FROZEN,S1A_IW_GRDH_1SDV_20220226T103333_20220226T103402_042083_05036E_rtc,2022-02-26T10:33:48.329444+00:00,2022-02-26,2022Q1,S1A,11,ascending,P1_vacant__v1,placebo,LINEAR_POWER_GAMMA0,0.2679489254951477,93,0.08110378682613373,93
FROZEN,S1A_IW_GRDH_1SDV_20220226T103333_20220226T103402_042083_05036E_rtc,2022-02-26T10:33:48.329444+00:00,2022-02-26,2022Q1,S1A,11,ascending,X1_build_slab__v1,positive_control,LINEAR_POWER_GAMMA0,1.440616488456726,67,0.2291141152381897,67
FROZEN,S1A_IW_GRDH_1SDV_20220226T103333_20220226T103402_042083_05036E_rtc,2022-02-26T10:33:48.329444+00:00,2022-02-26,2022Q1,S1A,11,ascending,X2_build_site__v1,positive_control,LINEAR_POWER_GAMMA0,1.0705986022949219,155,0.1863589584827423,155
FROZEN,S1A_IW_GRDH_1SDV_20220305T102520_20220305T102549_042185_0506EB_rtc,2022-03-05T10:25:35.403632+00:00,2022-03-05,2022Q1,S1A,113,ascending,T1_ntt_fdc__v1,treatment,LINEAR_POWER_GAMMA0,1.8731740713119507,307,0.8364036083221436,307
FROZEN,S1A_IW_GRDH_1SDV_20220305T102520_20220305T102549_042185_0506EB_rtc,2022-03-05T10:25:35.403632+00:00,2022-03-05,2022Q1,S1A,113,ascending,C1_hkex_dc__v1,control,LINEAR_POWER_GAMMA0,0.35777655243873596,55,0.052147604525089264,55
FROZEN,S1A_IW_GRDH_1SDV_20220305T102520_20220305T102549_042185_0506EB_rtc,2022-03-05T10:25:35.403632+00:00,2022-03-05,2022Q1,S1A,113,ascending,C2b_amc__v2,positive_control,LINEAR_POWER_GAMMA0,2.1649222373962402,260,0.5543908476829529,260
FROZEN,S1A_IW_GRDH_1SDV_20220305T102520_20220305T102549_042185_0506EB_rtc,2022-03-05T10:25:35.403632+00:00,2022-03-05,2022Q1,S1A,113,ascending,P1_vacant__v1,placebo,LINEAR_POWER_GAMMA0,0.27793237566947937,93,0.06020495295524597,93
FROZEN,S1A_IW_GRDH_1SDV_20220305T102520_20220305T102549_042185_0506EB_rtc,2022-03-05T10:25:35.403632+00:00,2022-03-05,2022Q1,S1A,113,ascending,X1_build_slab__v1,positive_control,LINEAR_POWER_GAMMA0,2.3047242164611816,67,0.2880513668060303,67
FROZEN,S1A_IW_GRDH_1SDV_20220305T102520_20220305T102549_042185_0506EB_rtc,2022-03-05T10:25:35.403632+00:00,2022-03-05,2022Q1,S1A,113,ascending,X2_build_site__v1,positive_control,LINEAR_POWER_GAMMA0,1.5797542333602905,155,0.21235787868499756,155
FROZEN,S1A_IW_GRDH_1SDV_20220310T103333_20220310T103402_042258_05095A_rtc,2022-03-10T10:33:48.238807+00:00,2022-03-10,2022Q1,S1A,11,ascending,T1_ntt_fdc__v1,treatment,LINEAR_POWER_GAMMA0,3.4753024578094482,307,1.79022216796875,307
FROZEN,S1A_IW_GRDH_1SDV_20220310T103333_20220310T103402_042258_05095A_rtc,2022-03-10T10:33:48.238807+00:00,2022-03-10,2022Q1,S1A,11,ascending,C1_hkex_dc__v1,control,LINEAR_POWER_GAMMA0,0.31368914246559143,55,0.10559922456741333,55
FROZEN,S1A_IW_GRDH_1SDV_20220310T103333_20220310T103402_042258_05095A_rtc,2022-03-10T10:33:48.238807+00:00,2022-03-10,2022Q1,S1A,11,ascending,C2b_amc__v2,positive_control,LINEAR_POWER_GAMMA0,3.8541431427001953,260,0.3956165611743927,260
FROZEN,S1A_IW_GRDH_1SDV_20220310T103333_20220310T103402_042258_05095A_rtc,2022-03-10T10:33:48.238807+00:00,2022-03-10,2022Q1,S1A,11,ascending,P1_vacant__v1,placebo,LINEAR_POWER_GAMMA0,0.28240519762039185,93,0.07743987441062927,93
FROZEN,S1A_IW_GRDH_1SDV_20220310T103333_20220310T103402_042258_05095A_rtc,2022-03-10T10:33:48.238807+00:00,2022-03-10,2022Q1,S1A,11,ascending,X1_build_slab__v1,positive_control,LINEAR_POWER_GAMMA0,1.2715929746627808,67,0.2654705345630646,67
FROZEN,S1A_IW_GRDH_1SDV_20220310T103333_20220310T103402_042258_05095A_rtc,2022-03-10T10:33:48.238807+00:00,2022-03-10,2022Q1,S1A,11,ascending,X2_build_site__v1,positive_control,LINEAR_POWER_GAMMA0,0.975323498249054,155,0.1937846541404724,155
FROZEN,S1A_IW_GRDH_1SDV_20220317T102520_20220317T102549_042360_050CD9_rtc,2022-03-17T10:25:35.426846+00:00,2022-03-17,2022Q1,S1A,113,ascending,T1_ntt_fdc__v1,treatment,LINEAR_POWER_GAMMA0,1.6844581365585327,307,0.7920028567314148,307
FROZEN,S1A_IW_GRDH_1SDV_20220317T102520_20220317T102549_042360_050CD9_rtc,2022-03-17T10:25:35.426846+00:00,2022-03-17,2022Q1,S1A,113,ascending,C1_hkex_dc__v1,control,LINEAR_POWER_GAMMA0,0.3872085213661194,55,0.06256914138793945,55
FROZEN,S1A_IW_GRDH_1SDV_20220317T102520_20220317T102549_042360_050CD9_rtc,2022-03-17T10:25:35.426846+00:00,2022-03-17,2022Q1,S1A,113,ascending,C2b_amc__v2,positive_control,LINEAR_POWER_GAMMA0,2.286754608154297,260,0.6131992936134338,260
FROZEN,S1A_IW_GRDH_1SDV_20220317T102520_20220317T102549_042360_050CD9_rtc,2022-03-17T10:25:35.426846+00:00,2022-03-17,2022Q1,S1A,113,ascending,P1_vacant__v1,placebo,LINEAR_POWER_GAMMA0,0.18985645473003387,93,0.07022376358509064,93
FROZEN,S1A_IW_GRDH_1SDV_20220317T102520_20220317T102549_042360_050CD9_rtc,2022-03-17T10:25:35.426846+00:00,2022-03-17,2022Q1,S1A,113,ascending,X1_build_slab__v1,positive_control,LINEAR_POWER_GAMMA0,1.3690978288650513,67,0.2802402079105377,67
FROZEN,S1A_IW_GRDH_1SDV_20220317T102520_20220317T102549_042360_050CD9_rtc,2022-03-17T10:25:35.426846+00:00,2022-03-17,2022Q1,S1A,113,ascending,X2_build_site__v1,positive_control,LINEAR_POWER_GAMMA0,0.9249139428138733,155,0.20987652242183685,155
FROZEN,S1A_IW_GRDH_1SDV_20220322T103334_20220322T103403_042433_050F51_rtc,2022-03-22T10:33:48.599149+00:00,2022-03-22,2022Q1,S1A,11,ascending,T1_ntt_fdc__v1,treatment,LINEAR_POWER_GAMMA0,3.1235690116882324,307,1.5497767925262451,307
FROZEN,S1A_IW_GRDH_1SDV_20220322T103334_20220322T103403_042433_050F51_rtc,2022-03-22T10:33:48.599149+00:00,2022-03-22,2022Q1,S1A,11,ascending,C1_hkex_dc__v1,control,LINEAR_POWER_GAMMA0,0.3347759544849396,55,0.12172522395849228,55
FROZEN,S1A_IW_GRDH_1SDV_20220322T103334_20220322T103403_042433_050F51_rtc,2022-03-22T10:33:48.599149+00:00,2022-03-22,2022Q1,S1A,11,ascending,C2b_amc__v2,positive_control,LINEAR_POWER_GAMMA0,6.930548667907715,260,0.5771284103393555,260
FROZEN,S1A_IW_GRDH_1SDV_20220322T103334_20220322T103403_042433_050F51_rtc,2022-03-22T10:33:48.599149+00:00,2022-03-22,2022Q1,S1A,11,ascending,P1_vacant__v1,placebo,LINEAR_POWER_GAMMA0,0.2322765290737152,93,0.0914091095328331,93
FROZEN,S1A_IW_GRDH_1SDV_20220322T103334_20220322T103403_042433_050F51_rtc,2022-03-22T10:33:48.599149+00:00,2022-03-22,2022Q1,S1A,11,ascending,X1_build_slab__v1,positive_control,LINEAR_POWER_GAMMA0,0.8764574527740479,67,0.18084309995174408,67
FROZEN,S1A_IW_GRDH_1SDV_20220322T103334_20220322T103403_042433_050F51_rtc,2022-03-22T10:33:48.599149+00:00,2022-03-22,2022Q1,S1A,11,ascending,X2_build_site__v1,positive_control,LINEAR_POWER_GAMMA0,0.6339076161384583,155,0.14208820462226868,155
FROZEN,S1A_IW_GRDH_1SDV_20220329T102521_20220329T102550_042535_0512CB_rtc,2022-03-29T10:25:35.882203+00:00,2022-03-29,2022Q1,S1A,113,ascending,T1_ntt_fdc__v1,treatment,LINEAR_POWER_GAMMA0,1.8487390279769897,307,0.8151336312294006,307
FROZEN,S1A_IW_GRDH_1SDV_20220329T102521_20220329T102550_042535_0512CB_rtc,2022-03-29T10:25:35.882203+00:00,2022-03-29,2022Q1,S1A,113,ascending,C1_hkex_dc__v1,control,LINEAR_POWER_GAMMA0,0.365944504737854,55,0.05920076742768288,55
FROZEN,S1A_IW_GRDH_1SDV_20220329T102521_20220329T102550_042535_0512CB_rtc,2022-03-29T10:25:35.882203+00:00,2022-03-29,2022Q1,S1A,113,ascending,C2b_amc__v2,positive_control,LINEAR_POWER_GAMMA0,2.5426809787750244,260,0.6882315874099731,260
FROZEN,S1A_IW_GRDH_1SDV_20220329T102521_20220329T102550_042535_0512CB_rtc,2022-03-29T10:25:35.882203+00:00,2022-03-29,2022Q1,S1A,113,ascending,P1_vacant__v1,placebo,LINEAR_POWER_GAMMA0,0.21928052604198456,93,0.09615641832351685,93
FROZEN,S1A_IW_GRDH_1SDV_20220329T102521_20220329T102550_042535_0512CB_rtc,2022-03-29T10:25:35.882203+00:00,2022-03-29,2022Q1,S1A,113,ascending,X1_build_slab__v1,positive_control,LINEAR_POWER_GAMMA0,1.4031782150268555,67,0.1948634535074234,67
FROZEN,S1A_IW_GRDH_1SDV_20220329T102521_20220329T102550_042535_0512CB_rtc,2022-03-29T10:25:35.882203+00:00,2022-03-29,2022Q1,S1A,113,ascending,X2_build_site__v1,positive_control,LINEAR_POWER_GAMMA0,0.8825653791427612,155,0.16663745045661926,155
FROZEN,S1A_IW_GRDH_1SDV_20220403T103334_20220403T103403_042608_051543_rtc,2022-04-03T10:33:48.834391+00:00,2022-04-03,2022Q2,S1A,11,ascending,T1_ntt_fdc__v1,treatment,LINEAR_POWER_GAMMA0,3.403864622116089,307,1.7008873224258423,307
FROZEN,S1A_IW_GRDH_1SDV_20220403T103334_20220403T103403_042608_051543_rtc,2022-04-03T10:33:48.834391+00:00,2022-04-03,2022Q2,S1A,11,ascending,C1_hkex_dc__v1,control,LINEAR_POWER_GAMMA0,0.3230523467063904,55,0.12339162826538086,55
FROZEN,S1A_IW_GRDH_1SDV_20220403T103334_20220403T103403_042608_051543_rtc,2022-04-03T10:33:48.834391+00:00,2022-04-03,2022Q2,S1A,11,ascending,C2b_amc__v2,positive_control,LINEAR_POWER_GAMMA0,5.1519389152526855,260,0.49266403913497925,260
FROZEN,S1A_IW_GRDH_1SDV_20220403T103334_20220403T103403_042608_051543_rtc,2022-04-03T10:33:48.834391+00:00,2022-04-03,2022Q2,S1A,11,ascending,P1_vacant__v1,placebo,LINEAR_POWER_GAMMA0,0.25711768865585327,93,0.09102483093738556,93
FROZEN,S1A_IW_GRDH_1SDV_20220403T103334_20220403T103403_042608_051543_rtc,2022-04-03T10:33:48.834391+00:00,2022-04-03,2022Q2,S1A,11,ascending,X1_build_slab__v1,positive_control,LINEAR_POWER_GAMMA0,1.1340384483337402,67,0.17531797289848328,67
FROZEN,S1A_IW_GRDH_1SDV_20220403T103334_20220403T103403_042608_051543_rtc,2022-04-03T10:33:48.834391+00:00,2022-04-03,2022Q2,S1A,11,ascending,X2_build_site__v1,positive_control,LINEAR_POWER_GAMMA0,0.7152308225631714,155,0.1402045041322708,155
FROZEN,S1A_IW_GRDH_1SDV_20220410T102521_20220410T102550_042710_0518B4_rtc,2022-04-10T10:25:36.133433+00:00,2022-04-10,2022Q2,S1A,113,ascending,T1_ntt_fdc__v1,treatment,LINEAR_POWER_GAMMA0,1.6854685544967651,307,0.7145081758499146,307
FROZEN,S1A_IW_GRDH_1SDV_20220410T102521_20220410T102550_042710_0518B4_rtc,2022-04-10T10:25:36.133433+00:00,2022-04-10,2022Q2,S1A,113,ascending,C1_hkex_dc__v1,control,LINEAR_POWER_GAMMA0,0.3931957185268402,55,0.06844700127840042,55
FROZEN,S1A_IW_GRDH_1SDV_20220410T102521_20220410T102550_042710_0518B4_rtc,2022-04-10T10:25:36.133433+00:00,2022-04-10,2022Q2,S1A,113,ascending,C2b_amc__v2,positive_control,LINEAR_POWER_GAMMA0,2.5790212154388428,260,0.4217883348464966,260
FROZEN,S1A_IW_GRDH_1SDV_20220410T102521_20220410T102550_042710_0518B4_rtc,2022-04-10T10:25:36.133433+00:00,2022-04-10,2022Q2,S1A,113,ascending,P1_vacant__v1,placebo,LINEAR_POWER_GAMMA0,0.25448423624038696,93,0.07342095673084259,93
FROZEN,S1A_IW_GRDH_1SDV_20220410T102521_20220410T102550_042710_0518B4_rtc,2022-04-10T10:25:36.133433+00:00,2022-04-10,2022Q2,S1A,113,ascending,X1_build_slab__v1,positive_control,LINEAR_POWER_GAMMA0,1.1050041913986206,67,0.2439766228199005,67
FROZEN,S1A_IW_GRDH_1SDV_20220410T102521_20220410T102550_042710_0518B4_rtc,2022-04-10T10:25:36.133433+00:00,2022-04-10,2022Q2,S1A,113,ascending,X2_build_site__v1,positive_control,LINEAR_POWER_GAMMA0,0.7217065095901489,155,0.18068712949752808,155
FROZEN,S1A_IW_GRDH_1SDV_20220415T103334_20220415T103403_042783_051B28_rtc,2022-04-15T10:33:48.955302+00:00,2022-04-15,2022Q2,S1A,11,ascending,T1_ntt_fdc__v1,treatment,LINEAR_POWER_GAMMA0,3.515127658843994,307,1.5793393850326538,307
FROZEN,S1A_IW_GRDH_1SDV_20220415T103334_20220415T103403_042783_051B28_rtc,2022-04-15T10:33:48.955302+00:00,2022-04-15,2022Q2,S1A,11,ascending,C1_hkex_dc__v1,control,LINEAR_POWER_GAMMA0,0.3104754686355591,55,0.10079308599233627,55
FROZEN,S1A_IW_GRDH_1SDV_20220415T103334_20220415T103403_042783_051B28_rtc,2022-04-15T10:33:48.955302+00:00,2022-04-15,2022Q2,S1A,11,ascending,C2b_amc__v2,positive_control,LINEAR_POWER_GAMMA0,4.58111572265625,260,0.46114975214004517,260
FROZEN,S1A_IW_GRDH_1SDV_20220415T103334_20220415T103403_042783_051B28_rtc,2022-04-15T10:33:48.955302+00:00,2022-04-15,2022Q2,S1A,11,ascending,P1_vacant__v1,placebo,LINEAR_POWER_GAMMA0,0.3251844346523285,93,0.07664759457111359,93
FROZEN,S1A_IW_GRDH_1SDV_20220415T103334_20220415T103403_042783_051B28_rtc,2022-04-15T10:33:48.955302+00:00,2022-04-15,2022Q2,S1A,11,ascending,X1_build_slab__v1,positive_control,LINEAR_POWER_GAMMA0,0.5773205757141113,67,0.1594565361738205,67
FROZEN,S1A_IW_GRDH_1SDV_20220415T103334_20220415T103403_042783_051B28_rtc,2022-04-15T10:33:48.955302+00:00,2022-04-15,2022Q2,S1A,11,ascending,X2_build_site__v1,positive_control,LINEAR_POWER_GAMMA0,0.8284579515457153,155,0.12803666293621063,155
FROZEN,S1A_IW_GRDH_1SDV_20220422T102522_20220422T102551_042885_051E8A_rtc,2022-04-22T10:25:36.775260+00:00,2022-04-22,2022Q2,S1A,113,ascending,T1_ntt_fdc__v1,treatment,LINEAR_POWER_GAMMA0,1.9566210508346558,307,0.8966167569160461,307
FROZEN,S1A_IW_GRDH_1SDV_20220422T102522_20220422T102551_042885_051E8A_rtc,2022-04-22T10:25:36.775260+00:00,2022-04-22,2022Q2,S1A,113,ascending,C1_hkex_dc__v1,control,LINEAR_POWER_GAMMA0,0.3726772964000702,55,0.05861850827932358,55
FROZEN,S1A_IW_GRDH_1SDV_20220422T102522_20220422T102551_042885_051E8A_rtc,2022-04-22T10:25:36.775260+00:00,2022-04-22,2022Q2,S1A,113,ascending,C2b_amc__v2,positive_control,LINEAR_POWER_GAMMA0,2.4384257793426514,260,0.5390866994857788,260
FROZEN,S1A_IW_GRDH_1SDV_20220422T102522_20220422T102551_042885_051E8A_rtc,2022-04-22T10:25:36.775260+00:00,2022-04-22,2022Q2,S1A,113,ascending,P1_vacant__v1,placebo,LINEAR_POWER_GAMMA0,0.22839607298374176,93,0.059823740273714066,93
FROZEN,S1A_IW_GRDH_1SDV_20220422T102522_20220422T102551_042885_051E8A_rtc,2022-04-22T10:25:36.775260+00:00,2022-04-22,2022Q2,S1A,113,ascending,X1_build_slab__v1,positive_control,LINEAR_POWER_GAMMA0,1.19870126247406,67,0.19635199010372162,67
FROZEN,S1A_IW_GRDH_1SDV_20220422T102522_20220422T102551_042885_051E8A_rtc,2022-04-22T10:25:36.775260+00:00,2022-04-22,2022Q2,S1A,113,ascending,X2_build_site__v1,positive_control,LINEAR_POWER_GAMMA0,0.8019800782203674,155,0.16657106578350067,155
FROZEN,S1A_IW_GRDH_1SDV_20220427T103335_20220427T103404_042958_0520E6_rtc,2022-04-27T10:33:49.672973+00:00,2022-04-27,2022Q2,S1A,11,ascending,T1_ntt_fdc__v1,treatment,LINEAR_POWER_GAMMA0,3.5392990112304688,307,1.6722716093063354,307
FROZEN,S1A_IW_GRDH_1SDV_20220427T103335_20220427T103404_042958_0520E6_rtc,2022-04-27T10:33:49.672973+00:00,2022-04-27,2022Q2,S1A,11,ascending,C1_hkex_dc__v1,control,LINEAR_POWER_GAMMA0,0.28876349329948425,55,0.11090952903032303,55
FROZEN,S1A_IW_GRDH_1SDV_20220427T103335_20220427T103404_042958_0520E6_rtc,2022-04-27T10:33:49.672973+00:00,2022-04-27,2022Q2,S1A,11,ascending,C2b_amc__v2,positive_control,LINEAR_POWER_GAMMA0,5.093951225280762,260,0.5594706535339355,260
FROZEN,S1A_IW_GRDH_1SDV_20220427T103335_20220427T103404_042958_0520E6_rtc,2022-04-27T10:33:49.672973+00:00,2022-04-27,2022Q2,S1A,11,ascending,P1_vacant__v1,placebo,LINEAR_POWER_GAMMA0,0.3568737506866455,93,0.07711101323366165,93
FROZEN,S1A_IW_GRDH_1SDV_20220427T103335_20220427T103404_042958_0520E6_rtc,2022-04-27T10:33:49.672973+00:00,2022-04-27,2022Q2,S1A,11,ascending,X1_build_slab__v1,positive_control,LINEAR_POWER_GAMMA0,0.7896242737770081,67,0.1755620241165161,67
FROZEN,S1A_IW_GRDH_1SDV_20220427T103335_20220427T103404_042958_0520E6_rtc,2022-04-27T10:33:49.672973+00:00,2022-04-27,2022Q2,S1A,11,ascending,X2_build_site__v1,positive_control,LINEAR_POWER_GAMMA0,0.5507365465164185,155,0.1388988196849823,155
FROZEN,S1A_IW_GRDH_1SDV_20220504T102522_20220504T102551_043060_052453_rtc,2022-05-04T10:25:36.864305+00:00,2022-05-04,2022Q2,S1A,113,ascending,T1_ntt_fdc__v1,treatment,LINEAR_POWER_GAMMA0,1.9125962257385254,307,0.7836065888404846,307
FROZEN,S1A_IW_GRDH_1SDV_20220504T102522_20220504T102551_043060_052453_rtc,2022-05-04T10:25:36.864305+00:00,2022-05-04,2022Q2,S1A,113,ascending,C1_hkex_dc__v1,control,LINEAR_POWER_GAMMA0,0.3606721758842468,55,0.08211539685726166,55
FROZEN,S1A_IW_GRDH_1SDV_20220504T102522_20220504T102551_043060_052453_rtc,2022-05-04T10:25:36.864305+00:00,2022-05-04,2022Q2,S1A,113,ascending,C2b_amc__v2,positive_control,LINEAR_POWER_GAMMA0,2.595184803009033,260,0.4688887298107147,260
FROZEN,S1A_IW_GRDH_1SDV_20220504T102522_20220504T102551_043060_052453_rtc,2022-05-04T10:25:36.864305+00:00,2022-05-04,2022Q2,S1A,113,ascending,P1_vacant__v1,placebo,LINEAR_POWER_GAMMA0,0.23182639479637146,93,0.0694894939661026,93
FROZEN,S1A_IW_GRDH_1SDV_20220504T102522_20220504T102551_043060_052453_rtc,2022-05-04T10:25:36.864305+00:00,2022-05-04,2022Q2,S1A,113,ascending,X1_build_slab__v1,positive_control,LINEAR_POWER_GAMMA0,1.3445498943328857,67,0.2228333055973053,67
FROZEN,S1A_IW_GRDH_1SDV_20220504T102522_20220504T102551_043060_052453_rtc,2022-05-04T10:25:36.864305+00:00,2022-05-04,2022Q2,S1A,113,ascending,X2_build_site__v1,positive_control,LINEAR_POWER_GAMMA0,0.8825135231018066,155,0.18395471572875977,155
FROZEN,S1A_IW_GRDH_1SDV_20220509T103335_20220509T103404_043133_0526BC_rtc,2022-05-09T10:33:50.226990+00:00,2022-05-09,2022Q2,S1A,11,ascending,T1_ntt_fdc__v1,treatment,LINEAR_POWER_GAMMA0,3.8323779106140137,307,1.750822901725769,307
FROZEN,S1A_IW_GRDH_1SDV_20220509T103335_20220509T103404_043133_0526BC_rtc,2022-05-09T10:33:50.226990+00:00,2022-05-09,2022Q2,S1A,11,ascending,C1_hkex_dc__v1,control,LINEAR_POWER_GAMMA0,0.3105381727218628,55,0.09827615320682526,55
FROZEN,S1A_IW_GRDH_1SDV_20220509T103335_20220509T103404_043133_0526BC_rtc,2022-05-09T10:33:50.226990+00:00,2022-05-09,2022Q2,S1A,11,ascending,C2b_amc__v2,positive_control,LINEAR_POWER_GAMMA0,4.755514621734619,260,0.6180536150932312,260
FROZEN,S1A_IW_GRDH_1SDV_20220509T103335_20220509T103404_043133_0526BC_rtc,2022-05-09T10:33:50.226990+00:00,2022-05-09,2022Q2,S1A,11,ascending,P1_vacant__v1,placebo,LINEAR_POWER_GAMMA0,0.2462489902973175,93,0.1176052987575531,93
FROZEN,S1A_IW_GRDH_1SDV_20220509T103335_20220509T103404_043133_0526BC_rtc,2022-05-09T10:33:50.226990+00:00,2022-05-09,2022Q2,S1A,11,ascending,X1_build_slab__v1,positive_control,LINEAR_POWER_GAMMA0,0.559548020362854,67,0.16455665230751038,67
FROZEN,S1A_IW_GRDH_1SDV_20220509T103335_20220509T103404_043133_0526BC_rtc,2022-05-09T10:33:50.226990+00:00,2022-05-09,2022Q2,S1A,11,ascending,X2_build_site__v1,positive_control,LINEAR_POWER_GAMMA0,0.5524429082870483,155,0.13018830120563507,155
FROZEN,S1A_IW_GRDH_1SDV_20220516T102523_20220516T102552_043235_0529D4_rtc,2022-05-16T10:25:38.050357+00:00,2022-05-16,2022Q2,S1A,113,ascending,T1_ntt_fdc__v1,treatment,LINEAR_POWER_GAMMA0,2.3450934886932373,307,1.0840846300125122,307
FROZEN,S1A_IW_GRDH_1SDV_20220516T102523_20220516T102552_043235_0529D4_rtc,2022-05-16T10:25:38.050357+00:00,2022-05-16,2022Q2,S1A,113,ascending,C1_hkex_dc__v1,control,LINEAR_POWER_GAMMA0,0.46272608637809753,55,0.09942056983709335,55
FROZEN,S1A_IW_GRDH_1SDV_20220516T102523_20220516T102552_043235_0529D4_rtc,2022-05-16T10:25:38.050357+00:00,2022-05-16,2022Q2,S1A,113,ascending,C2b_amc__v2,positive_control,LINEAR_POWER_GAMMA0,2.8985023498535156,260,0.62382572889328,260
FROZEN,S1A_IW_GRDH_1SDV_20220516T102523_20220516T102552_043235_0529D4_rtc,2022-05-16T10:25:38.050357+00:00,2022-05-16,2022Q2,S1A,113,ascending,P1_vacant__v1,placebo,LINEAR_POWER_GAMMA0,0.46755319833755493,93,0.10046050697565079,93
FROZEN,S1A_IW_GRDH_1SDV_20220516T102523_20220516T102552_043235_0529D4_rtc,2022-05-16T10:25:38.050357+00:00,2022-05-16,2022Q2,S1A,113,ascending,X1_build_slab__v1,positive_control,LINEAR_POWER_GAMMA0,1.2205902338027954,67,0.16882725059986115,67
FROZEN,S1A_IW_GRDH_1SDV_20220516T102523_20220516T102552_043235_0529D4_rtc,2022-05-16T10:25:38.050357+00:00,2022-05-16,2022Q2,S1A,113,ascending,X2_build_site__v1,positive_control,LINEAR_POWER_GAMMA0,0.9803057312965393,155,0.16307657957077026,155
FROZEN,S1A_IW_GRDH_1SDV_20220521T103336_20220521T103405_043308_052BFB_rtc,2022-05-21T10:33:51.023743+00:00,2022-05-21,2022Q2,S1A,11,ascending,T1_ntt_fdc__v1,treatment,LINEAR_POWER_GAMMA0,3.5347578525543213,307,1.6771148443222046,307
FROZEN,S1A_IW_GRDH_1SDV_20220521T103336_20220521T103405_043308_052BFB_rtc,2022-05-21T10:33:51.023743+00:00,2022-05-21,2022Q2,S1A,11,ascending,C1_hkex_dc__v1,control,LINEAR_POWER_GAMMA0,0.26105520129203796,55,0.10355892032384872,55
FROZEN,S1A_IW_GRDH_1SDV_20220521T103336_20220521T103405_043308_052BFB_rtc,2022-05-21T10:33:51.023743+00:00,2022-05-21,2022Q2,S1A,11,ascending,C2b_amc__v2,positive_control,LINEAR_POWER_GAMMA0,4.6288018226623535,260,0.529890775680542,260
FROZEN,S1A_IW_GRDH_1SDV_20220521T103336_20220521T103405_043308_052BFB_rtc,2022-05-21T10:33:51.023743+00:00,2022-05-21,2022Q2,S1A,11,ascending,P1_vacant__v1,placebo,LINEAR_POWER_GAMMA0,0.4480956196784973,93,0.08198672533035278,93
FROZEN,S1A_IW_GRDH_1SDV_20220521T103336_20220521T103405_043308_052BFB_rtc,2022-05-21T10:33:51.023743+00:00,2022-05-21,2022Q2,S1A,11,ascending,X1_build_slab__v1,positive_control,LINEAR_POWER_GAMMA0,0.5064945220947266,67,0.12310478091239929,67
FROZEN,S1A_IW_GRDH_1SDV_20220521T103336_20220521T103405_043308_052BFB_rtc,2022-05-21T10:33:51.023743+00:00,2022-05-21,2022Q2,S1A,11,ascending,X2_build_site__v1,positive_control,LINEAR_POWER_GAMMA0,0.3894525468349457,155,0.10697650164365768,155
FROZEN,S1A_IW_GRDH_1SDV_20220528T102524_20220528T102553_043410_052F02_rtc,2022-05-28T10:25:38.829145+00:00,2022-05-28,2022Q2,S1A,113,ascending,T1_ntt_fdc__v1,treatment,LINEAR_POWER_GAMMA0,1.9154499769210815,307,0.9310743808746338,307
FROZEN,S1A_IW_GRDH_1SDV_20220528T102524_20220528T102553_043410_052F02_rtc,2022-05-28T10:25:38.829145+00:00,2022-05-28,2022Q2,S1A,113,ascending,C1_hkex_dc__v1,control,LINEAR_POWER_GAMMA0,0.39802834391593933,55,0.08272972702980042,55
FROZEN,S1A_IW_GRDH_1SDV_20220528T102524_20220528T102553_043410_052F02_rtc,2022-05-28T10:25:38.829145+00:00,2022-05-28,2022Q2,S1A,113,ascending,C2b_amc__v2,positive_control,LINEAR_POWER_GAMMA0,2.7389168739318848,260,0.5994107127189636,260
FROZEN,S1A_IW_GRDH_1SDV_20220528T102524_20220528T102553_043410_052F02_rtc,2022-05-28T10:25:38.829145+00:00,2022-05-28,2022Q2,S1A,113,ascending,P1_vacant__v1,placebo,LINEAR_POWER_GAMMA0,0.3808088004589081,93,0.07566927373409271,93
FROZEN,S1A_IW_GRDH_1SDV_20220528T102524_20220528T102553_043410_052F02_rtc,2022-05-28T10:25:38.829145+00:00,2022-05-28,2022Q2,S1A,113,ascending,X1_build_slab__v1,positive_control,LINEAR_POWER_GAMMA0,1.0210685729980469,67,0.2017040252685547,67
FROZEN,S1A_IW_GRDH_1SDV_20220528T102524_20220528T102553_043410_052F02_rtc,2022-05-28T10:25:38.829145+00:00,2022-05-28,2022Q2,S1A,113,ascending,X2_build_site__v1,positive_control,LINEAR_POWER_GAMMA0,0.7148246765136719,155,0.1688261777162552,155
FROZEN,S1A_IW_GRDH_1SDV_20220602T103337_20220602T103406_043483_05311F_rtc,2022-06-02T10:33:52.129539+00:00,2022-06-02,2022Q2,S1A,11,ascending,T1_ntt_fdc__v1,treatment,LINEAR_POWER_GAMMA0,3.3762998580932617,307,1.7886933088302612,307
FROZEN,S1A_IW_GRDH_1SDV_20220602T103337_20220602T103406_043483_05311F_rtc,2022-06-02T10:33:52.129539+00:00,2022-06-02,2022Q2,S1A,11,ascending,C1_hkex_dc__v1,control,LINEAR_POWER_GAMMA0,0.28641802072525024,55,0.1170073002576828,55
FROZEN,S1A_IW_GRDH_1SDV_20220602T103337_20220602T103406_043483_05311F_rtc,2022-06-02T10:33:52.129539+00:00,2022-06-02,2022Q2,S1A,11,ascending,C2b_amc__v2,positive_control,LINEAR_POWER_GAMMA0,5.236400604248047,260,0.4904167056083679,260
FROZEN,S1A_IW_GRDH_1SDV_20220602T103337_20220602T103406_043483_05311F_rtc,2022-06-02T10:33:52.129539+00:00,2022-06-02,2022Q2,S1A,11,ascending,P1_vacant__v1,placebo,LINEAR_POWER_GAMMA0,0.29512450098991394,93,0.07531578093767166,93
FROZEN,S1A_IW_GRDH_1SDV_20220602T103337_20220602T103406_043483_05311F_rtc,2022-06-02T10:33:52.129539+00:00,2022-06-02,2022Q2,S1A,11,ascending,X1_build_slab__v1,positive_control,LINEAR_POWER_GAMMA0,0.4858165681362152,67,0.11152984946966171,67
FROZEN,S1A_IW_GRDH_1SDV_20220602T103337_20220602T103406_043483_05311F_rtc,2022-06-02T10:33:52.129539+00:00,2022-06-02,2022Q2,S1A,11,ascending,X2_build_site__v1,positive_control,LINEAR_POWER_GAMMA0,0.3498547375202179,155,0.09769268333911896,155
FROZEN,S1A_IW_GRDH_1SDV_20220609T102525_20220609T102554_043585_05342E_rtc,2022-06-09T10:25:39.916041+00:00,2022-06-09,2022Q2,S1A,113,ascending,T1_ntt_fdc__v1,treatment,LINEAR_POWER_GAMMA0,2.206597328186035,307,0.9435798525810242,307
FROZEN,S1A_IW_GRDH_1SDV_20220609T102525_20220609T102554_043585_05342E_rtc,2022-06-09T10:25:39.916041+00:00,2022-06-09,2022Q2,S1A,113,ascending,C1_hkex_dc__v1,control,LINEAR_POWER_GAMMA0,0.4274827837944031,55,0.09361156821250916,55
FROZEN,S1A_IW_GRDH_1SDV_20220609T102525_20220609T102554_043585_05342E_rtc,2022-06-09T10:25:39.916041+00:00,2022-06-09,2022Q2,S1A,113,ascending,C2b_amc__v2,positive_control,LINEAR_POWER_GAMMA0,7.2389140129089355,260,0.7666144967079163,260
FROZEN,S1A_IW_GRDH_1SDV_20220609T102525_20220609T102554_043585_05342E_rtc,2022-06-09T10:25:39.916041+00:00,2022-06-09,2022Q2,S1A,113,ascending,P1_vacant__v1,placebo,LINEAR_POWER_GAMMA0,0.3246607184410095,93,0.07313290238380432,93
FROZEN,S1A_IW_GRDH_1SDV_20220609T102525_20220609T102554_043585_05342E_rtc,2022-06-09T10:25:39.916041+00:00,2022-06-09,2022Q2,S1A,113,ascending,X1_build_slab__v1,positive_control,LINEAR_POWER_GAMMA0,1.3128215074539185,67,0.19827786087989807,67
FROZEN,S1A_IW_GRDH_1SDV_20220609T102525_20220609T102554_043585_05342E_rtc,2022-06-09T10:25:39.916041+00:00,2022-06-09,2022Q2,S1A,113,ascending,X2_build_site__v1,positive_control,LINEAR_POWER_GAMMA0,0.8323208689689636,155,0.18602633476257324,155
FROZEN,S1A_IW_GRDH_1SDV_20220614T103338_20220614T103407_043658_053659_rtc,2022-06-14T10:33:52.760871+00:00,2022-06-14,2022Q2,S1A,11,ascending,T1_ntt_fdc__v1,treatment,LINEAR_POWER_GAMMA0,3.9390037059783936,307,1.609492301940918,307
FROZEN,S1A_IW_GRDH_1SDV_20220614T103338_20220614T103407_043658_053659_rtc,2022-06-14T10:33:52.760871+00:00,2022-06-14,2022Q2,S1A,11,ascending,C1_hkex_dc__v1,control,LINEAR_POWER_GAMMA0,0.29430893063545227,55,0.10287459939718246,55
FROZEN,S1A_IW_GRDH_1SDV_20220614T103338_20220614T103407_043658_053659_rtc,2022-06-14T10:33:52.760871+00:00,2022-06-14,2022Q2,S1A,11,ascending,C2b_amc__v2,positive_control,LINEAR_POWER_GAMMA0,10.894882202148438,260,0.7360207438468933,260
FROZEN,S1A_IW_GRDH_1SDV_20220614T103338_20220614T103407_043658_053659_rtc,2022-06-14T10:33:52.760871+00:00,2022-06-14,2022Q2,S1A,11,ascending,P1_vacant__v1,placebo,LINEAR_POWER_GAMMA0,0.3389706313610077,93,0.08769266307353973,93
FROZEN,S1A_IW_GRDH_1SDV_20220614T103338_20220614T103407_043658_053659_rtc,2022-06-14T10:33:52.760871+00:00,2022-06-14,2022Q2,S1A,11,ascending,X1_build_slab__v1,positive_control,LINEAR_POWER_GAMMA0,0.6892116665840149,67,0.11852338910102844,67
FROZEN,S1A_IW_GRDH_1SDV_20220614T103338_20220614T103407_043658_053659_rtc,2022-06-14T10:33:52.760871+00:00,2022-06-14,2022Q2,S1A,11,ascending,X2_build_site__v1,positive_control,LINEAR_POWER_GAMMA0,0.5557188987731934,155,0.10935977846384048,155
FROZEN,S1A_IW_GRDH_1SDV_20220621T102526_20220621T102555_043760_05396F_rtc,2022-06-21T10:25:40.602816+00:00,2022-06-21,2022Q2,S1A,113,ascending,T1_ntt_fdc__v1,treatment,LINEAR_POWER_GAMMA0,1.9698072671890259,307,0.9744427800178528,307
FROZEN,S1A_IW_GRDH_1SDV_20220621T102526_20220621T102555_043760_05396F_rtc,2022-06-21T10:25:40.602816+00:00,2022-06-21,2022Q2,S1A,113,ascending,C1_hkex_dc__v1,control,LINEAR_POWER_GAMMA0,0.4125829041004181,55,0.07426224648952484,55
FROZEN,S1A_IW_GRDH_1SDV_20220621T102526_20220621T102555_043760_05396F_rtc,2022-06-21T10:25:40.602816+00:00,2022-06-21,2022Q2,S1A,113,ascending,C2b_amc__v2,positive_control,LINEAR_POWER_GAMMA0,4.314298152923584,260,0.9686890244483948,260
FROZEN,S1A_IW_GRDH_1SDV_20220621T102526_20220621T102555_043760_05396F_rtc,2022-06-21T10:25:40.602816+00:00,2022-06-21,2022Q2,S1A,113,ascending,P1_vacant__v1,placebo,LINEAR_POWER_GAMMA0,0.39910921454429626,93,0.08762121945619583,93
FROZEN,S1A_IW_GRDH_1SDV_20220621T102526_20220621T102555_043760_05396F_rtc,2022-06-21T10:25:40.602816+00:00,2022-06-21,2022Q2,S1A,113,ascending,X1_build_slab__v1,positive_control,LINEAR_POWER_GAMMA0,1.2711987495422363,67,0.1296156346797943,67
FROZEN,S1A_IW_GRDH_1SDV_20220621T102526_20220621T102555_043760_05396F_rtc,2022-06-21T10:25:40.602816+00:00,2022-06-21,2022Q2,S1A,113,ascending,X2_build_site__v1,positive_control,LINEAR_POWER_GAMMA0,0.8012276291847229,155,0.12369251996278763,155
FROZEN,S1A_IW_GRDH_1SDV_20220626T103339_20220626T103408_043833_053B9D_rtc,2022-06-26T10:33:53.690847+00:00,2022-06-26,2022Q2,S1A,11,ascending,T1_ntt_fdc__v1,treatment,LINEAR_POWER_GAMMA0,3.4827964305877686,307,1.6661972999572754,307
FROZEN,S1A_IW_GRDH_1SDV_20220626T103339_20220626T103408_043833_053B9D_rtc,2022-06-26T10:33:53.690847+00:00,2022-06-26,2022Q2,S1A,11,ascending,C1_hkex_dc__v1,control,LINEAR_POWER_GAMMA0,0.26342087984085083,55,0.10162042081356049,55
FROZEN,S1A_IW_GRDH_1SDV_20220626T103339_20220626T103408_043833_053B9D_rtc,2022-06-26T10:33:53.690847+00:00,2022-06-26,2022Q2,S1A,11,ascending,C2b_amc__v2,positive_control,LINEAR_POWER_GAMMA0,4.94713830947876,260,0.5433405637741089,260
FROZEN,S1A_IW_GRDH_1SDV_20220626T103339_20220626T103408_043833_053B9D_rtc,2022-06-26T10:33:53.690847+00:00,2022-06-26,2022Q2,S1A,11,ascending,P1_vacant__v1,placebo,LINEAR_POWER_GAMMA0,0.2737318277359009,93,0.08641689270734787,93
FROZEN,S1A_IW_GRDH_1SDV_20220626T103339_20220626T103408_043833_053B9D_rtc,2022-06-26T10:33:53.690847+00:00,2022-06-26,2022Q2,S1A,11,ascending,X1_build_slab__v1,positive_control,LINEAR_POWER_GAMMA0,0.35991203784942627,67,0.06777345389127731,67
FROZEN,S1A_IW_GRDH_1SDV_20220626T103339_20220626T103408_043833_053B9D_rtc,2022-06-26T10:33:53.690847+00:00,2022-06-26,2022Q2,S1A,11,ascending,X2_build_site__v1,positive_control,LINEAR_POWER_GAMMA0,0.26379990577697754,155,0.06722044199705124,155
FROZEN,S1A_IW_GRDH_1SDV_20220703T102526_20220703T102555_043935_053E9F_rtc,2022-07-03T10:25:41.271298+00:00,2022-07-03,2022Q3,S1A,113,ascending,T1_ntt_fdc__v1,treatment,LINEAR_POWER_GAMMA0,1.9028066396713257,307,0.9095421433448792,307
FROZEN,S1A_IW_GRDH_1SDV_20220703T102526_20220703T102555_043935_053E9F_rtc,2022-07-03T10:25:41.271298+00:00,2022-07-03,2022Q3,S1A,113,ascending,C1_hkex_dc__v1,control,LINEAR_POWER_GAMMA0,0.38155847787857056,55,0.07036090642213821,55
FROZEN,S1A_IW_GRDH_1SDV_20220703T102526_20220703T102555_043935_053E9F_rtc,2022-07-03T10:25:41.271298+00:00,2022-07-03,2022Q3,S1A,113,ascending,C2b_amc__v2,positive_control,LINEAR_POWER_GAMMA0,3.2014193534851074,260,0.9226917028427124,260
FROZEN,S1A_IW_GRDH_1SDV_20220703T102526_20220703T102555_043935_053E9F_rtc,2022-07-03T10:25:41.271298+00:00,2022-07-03,2022Q3,S1A,113,ascending,P1_vacant__v1,placebo,LINEAR_POWER_GAMMA0,0.4330858588218689,93,0.09132173657417297,93
FROZEN,S1A_IW_GRDH_1SDV_20220703T102526_20220703T102555_043935_053E9F_rtc,2022-07-03T10:25:41.271298+00:00,2022-07-03,2022Q3,S1A,113,ascending,X1_build_slab__v1,positive_control,LINEAR_POWER_GAMMA0,0.901212751865387,67,0.16518644988536835,67
FROZEN,S1A_IW_GRDH_1SDV_20220703T102526_20220703T102555_043935_053E9F_rtc,2022-07-03T10:25:41.271298+00:00,2022-07-03,2022Q3,S1A,113,ascending,X2_build_site__v1,positive_control,LINEAR_POWER_GAMMA0,0.5878531336784363,155,0.13650669157505035,155
FROZEN,S1A_IW_GRDH_1SDV_20220708T103339_20220708T103408_044008_0540CB_rtc,2022-07-08T10:33:54.282679+00:00,2022-07-08,2022Q3,S1A,11,ascending,T1_ntt_fdc__v1,treatment,LINEAR_POWER_GAMMA0,2.8897461891174316,307,1.516960859298706,307
FROZEN,S1A_IW_GRDH_1SDV_20220708T103339_20220708T103408_044008_0540CB_rtc,2022-07-08T10:33:54.282679+00:00,2022-07-08,2022Q3,S1A,11,ascending,C1_hkex_dc__v1,control,LINEAR_POWER_GAMMA0,0.4119422435760498,55,0.09487778693437576,55
FROZEN,S1A_IW_GRDH_1SDV_20220708T103339_20220708T103408_044008_0540CB_rtc,2022-07-08T10:33:54.282679+00:00,2022-07-08,2022Q3,S1A,11,ascending,C2b_amc__v2,positive_control,LINEAR_POWER_GAMMA0,5.410315990447998,260,0.5559809803962708,260
FROZEN,S1A_IW_GRDH_1SDV_20220708T103339_20220708T103408_044008_0540CB_rtc,2022-07-08T10:33:54.282679+00:00,2022-07-08,2022Q3,S1A,11,ascending,P1_vacant__v1,placebo,LINEAR_POWER_GAMMA0,0.29768046736717224,93,0.07461564987897873,93
FROZEN,S1A_IW_GRDH_1SDV_20220708T103339_20220708T103408_044008_0540CB_rtc,2022-07-08T10:33:54.282679+00:00,2022-07-08,2022Q3,S1A,11,ascending,X1_build_slab__v1,positive_control,LINEAR_POWER_GAMMA0,0.3064121901988983,67,0.07001671940088272,67
FROZEN,S1A_IW_GRDH_1SDV_20220708T103339_20220708T103408_044008_0540CB_rtc,2022-07-08T10:33:54.282679+00:00,2022-07-08,2022Q3,S1A,11,ascending,X2_build_site__v1,positive_control,LINEAR_POWER_GAMMA0,0.2570463716983795,155,0.06987085938453674,155
FROZEN,S1A_IW_GRDH_1SDV_20220715T102527_20220715T102556_044110_0543DB_rtc,2022-07-15T10:25:41.960113+00:00,2022-07-15,2022Q3,S1A,113,ascending,T1_ntt_fdc__v1,treatment,LINEAR_POWER_GAMMA0,1.8352891206741333,307,0.9322843551635742,307
FROZEN,S1A_IW_GRDH_1SDV_20220715T102527_20220715T102556_044110_0543DB_rtc,2022-07-15T10:25:41.960113+00:00,2022-07-15,2022Q3,S1A,113,ascending,C1_hkex_dc__v1,control,LINEAR_POWER_GAMMA0,0.4551762044429779,55,0.07278016954660416,55
FROZEN,S1A_IW_GRDH_1SDV_20220715T102527_20220715T102556_044110_0543DB_rtc,2022-07-15T10:25:41.960113+00:00,2022-07-15,2022Q3,S1A,113,ascending,C2b_amc__v2,positive_control,LINEAR_POWER_GAMMA0,2.9084255695343018,260,0.6962262392044067,260
FROZEN,S1A_IW_GRDH_1SDV_20220715T102527_20220715T102556_044110_0543DB_rtc,2022-07-15T10:25:41.960113+00:00,2022-07-15,2022Q3,S1A,113,ascending,P1_vacant__v1,placebo,LINEAR_POWER_GAMMA0,0.31103333830833435,93,0.07622060179710388,93
FROZEN,S1A_IW_GRDH_1SDV_20220715T102527_20220715T102556_044110_0543DB_rtc,2022-07-15T10:25:41.960113+00:00,2022-07-15,2022Q3,S1A,113,ascending,X1_build_slab__v1,positive_control,LINEAR_POWER_GAMMA0,0.9031654596328735,67,0.1633940190076828,67
FROZEN,S1A_IW_GRDH_1SDV_20220715T102527_20220715T102556_044110_0543DB_rtc,2022-07-15T10:25:41.960113+00:00,2022-07-15,2022Q3,S1A,113,ascending,X2_build_site__v1,positive_control,LINEAR_POWER_GAMMA0,0.5863794088363647,155,0.1308329999446869,155
FROZEN,S1A_IW_GRDH_1SDV_20220720T103340_20220720T103409_044183_054610_rtc,2022-07-20T10:33:55.045615+00:00,2022-07-20,2022Q3,S1A,11,ascending,T1_ntt_fdc__v1,treatment,LINEAR_POWER_GAMMA0,3.2153756618499756,307,1.5458029508590698,307
FROZEN,S1A_IW_GRDH_1SDV_20220720T103340_20220720T103409_044183_054610_rtc,2022-07-20T10:33:55.045615+00:00,2022-07-20,2022Q3,S1A,11,ascending,C1_hkex_dc__v1,control,LINEAR_POWER_GAMMA0,0.28407126665115356,55,0.10754356533288956,55
FROZEN,S1A_IW_GRDH_1SDV_20220720T103340_20220720T103409_044183_054610_rtc,2022-07-20T10:33:55.045615+00:00,2022-07-20,2022Q3,S1A,11,ascending,C2b_amc__v2,positive_control,LINEAR_POWER_GAMMA0,4.795445919036865,260,0.5002819895744324,260
FROZEN,S1A_IW_GRDH_1SDV_20220720T103340_20220720T103409_044183_054610_rtc,2022-07-20T10:33:55.045615+00:00,2022-07-20,2022Q3,S1A,11,ascending,P1_vacant__v1,placebo,LINEAR_POWER_GAMMA0,0.30917784571647644,93,0.07841448485851288,93
FROZEN,S1A_IW_GRDH_1SDV_20220720T103340_20220720T103409_044183_054610_rtc,2022-07-20T10:33:55.045615+00:00,2022-07-20,2022Q3,S1A,11,ascending,X1_build_slab__v1,positive_control,LINEAR_POWER_GAMMA0,0.2769950330257416,67,0.06619684398174286,67
FROZEN,S1A_IW_GRDH_1SDV_20220720T103340_20220720T103409_044183_054610_rtc,2022-07-20T10:33:55.045615+00:00,2022-07-20,2022Q3,S1A,11,ascending,X2_build_site__v1,positive_control,LINEAR_POWER_GAMMA0,0.21792511641979218,155,0.06875474750995636,155
FROZEN,S1A_IW_GRDH_1SDV_20220727T102528_20220727T102557_044285_054914_rtc,2022-07-27T10:25:42.679969+00:00,2022-07-27,2022Q3,S1A,113,ascending,T1_ntt_fdc__v1,treatment,LINEAR_POWER_GAMMA0,1.8107818365097046,307,0.8782538771629333,307
FROZEN,S1A_IW_GRDH_1SDV_20220727T102528_20220727T102557_044285_054914_rtc,2022-07-27T10:25:42.679969+00:00,2022-07-27,2022Q3,S1A,113,ascending,C1_hkex_dc__v1,control,LINEAR_POWER_GAMMA0,0.3351254463195801,55,0.09215854108333588,55
FROZEN,S1A_IW_GRDH_1SDV_20220727T102528_20220727T102557_044285_054914_rtc,2022-07-27T10:25:42.679969+00:00,2022-07-27,2022Q3,S1A,113,ascending,C2b_amc__v2,positive_control,LINEAR_POWER_GAMMA0,2.523434638977051,260,0.7737302184104919,260
FROZEN,S1A_IW_GRDH_1SDV_20220727T102528_20220727T102557_044285_054914_rtc,2022-07-27T10:25:42.679969+00:00,2022-07-27,2022Q3,S1A,113,ascending,P1_vacant__v1,placebo,LINEAR_POWER_GAMMA0,0.299330472946167,93,0.11187105625867844,93
FROZEN,S1A_IW_GRDH_1SDV_20220727T102528_20220727T102557_044285_054914_rtc,2022-07-27T10:25:42.679969+00:00,2022-07-27,2022Q3,S1A,113,ascending,X1_build_slab__v1,positive_control,LINEAR_POWER_GAMMA0,0.9139658212661743,67,0.16835275292396545,67
FROZEN,S1A_IW_GRDH_1SDV_20220727T102528_20220727T102557_044285_054914_rtc,2022-07-27T10:25:42.679969+00:00,2022-07-27,2022Q3,S1A,113,ascending,X2_build_site__v1,positive_control,LINEAR_POWER_GAMMA0,0.5980002880096436,155,0.1347847282886505,155
FROZEN,S1A_IW_GRDH_1SDV_20220801T103341_20220801T103410_044358_054B34_rtc,2022-08-01T10:33:55.842740+00:00,2022-08-01,2022Q3,S1A,11,ascending,T1_ntt_fdc__v1,treatment,LINEAR_POWER_GAMMA0,3.0691311359405518,307,1.483181118965149,307
FROZEN,S1A_IW_GRDH_1SDV_20220801T103341_20220801T103410_044358_054B34_rtc,2022-08-01T10:33:55.842740+00:00,2022-08-01,2022Q3,S1A,11,ascending,C1_hkex_dc__v1,control,LINEAR_POWER_GAMMA0,0.2999250292778015,55,0.10214493423700333,55
FROZEN,S1A_IW_GRDH_1SDV_20220801T103341_20220801T103410_044358_054B34_rtc,2022-08-01T10:33:55.842740+00:00,2022-08-01,2022Q3,S1A,11,ascending,C2b_amc__v2,positive_control,LINEAR_POWER_GAMMA0,5.123377799987793,260,0.5495082139968872,260
FROZEN,S1A_IW_GRDH_1SDV_20220801T103341_20220801T103410_044358_054B34_rtc,2022-08-01T10:33:55.842740+00:00,2022-08-01,2022Q3,S1A,11,ascending,P1_vacant__v1,placebo,LINEAR_POWER_GAMMA0,0.3724580705165863,93,0.07480254769325256,93
FROZEN,S1A_IW_GRDH_1SDV_20220801T103341_20220801T103410_044358_054B34_rtc,2022-08-01T10:33:55.842740+00:00,2022-08-01,2022Q3,S1A,11,ascending,X1_build_slab__v1,positive_control,LINEAR_POWER_GAMMA0,0.3032069206237793,67,0.06325210630893707,67
FROZEN,S1A_IW_GRDH_1SDV_20220801T103341_20220801T103410_044358_054B34_rtc,2022-08-01T10:33:55.842740+00:00,2022-08-01,2022Q3,S1A,11,ascending,X2_build_site__v1,positive_control,LINEAR_POWER_GAMMA0,0.2500615417957306,155,0.06789714097976685,155
FROZEN,S1A_IW_GRDH_1SDV_20220808T102529_20220808T102558_044460_054E2D_rtc,2022-08-08T10:25:43.593483+00:00,2022-08-08,2022Q3,S1A,113,ascending,T1_ntt_fdc__v1,treatment,LINEAR_POWER_GAMMA0,2.172422409057617,307,0.9357640743255615,307
FROZEN,S1A_IW_GRDH_1SDV_20220808T102529_20220808T102558_044460_054E2D_rtc,2022-08-08T10:25:43.593483+00:00,2022-08-08,2022Q3,S1A,113,ascending,C1_hkex_dc__v1,control,LINEAR_POWER_GAMMA0,0.4208120107650757,55,0.11309200525283813,55
FROZEN,S1A_IW_GRDH_1SDV_20220808T102529_20220808T102558_044460_054E2D_rtc,2022-08-08T10:25:43.593483+00:00,2022-08-08,2022Q3,S1A,113,ascending,C2b_amc__v2,positive_control,LINEAR_POWER_GAMMA0,3.739698886871338,260,0.8708430528640747,260
FROZEN,S1A_IW_GRDH_1SDV_20220808T102529_20220808T102558_044460_054E2D_rtc,2022-08-08T10:25:43.593483+00:00,2022-08-08,2022Q3,S1A,113,ascending,P1_vacant__v1,placebo,LINEAR_POWER_GAMMA0,1.0980126857757568,93,0.10948941111564636,93
FROZEN,S1A_IW_GRDH_1SDV_20220808T102529_20220808T102558_044460_054E2D_rtc,2022-08-08T10:25:43.593483+00:00,2022-08-08,2022Q3,S1A,113,ascending,X1_build_slab__v1,positive_control,LINEAR_POWER_GAMMA0,1.0976982116699219,67,0.18161188066005707,67
FROZEN,S1A_IW_GRDH_1SDV_20220808T102529_20220808T102558_044460_054E2D_rtc,2022-08-08T10:25:43.593483+00:00,2022-08-08,2022Q3,S1A,113,ascending,X2_build_site__v1,positive_control,LINEAR_POWER_GAMMA0,0.7666330933570862,155,0.1515759378671646,155
FROZEN,S1A_IW_GRDH_1SDV_20220813T103342_20220813T103411_044533_055092_rtc,2022-08-13T10:33:56.575077+00:00,2022-08-13,2022Q3,S1A,11,ascending,T1_ntt_fdc__v1,treatment,LINEAR_POWER_GAMMA0,3.1865413188934326,307,1.3830701112747192,307
FROZEN,S1A_IW_GRDH_1SDV_20220813T103342_20220813T103411_044533_055092_rtc,2022-08-13T10:33:56.575077+00:00,2022-08-13,2022Q3,S1A,11,ascending,C1_hkex_dc__v1,control,LINEAR_POWER_GAMMA0,0.29173123836517334,55,0.10309106111526489,55
FROZEN,S1A_IW_GRDH_1SDV_20220813T103342_20220813T103411_044533_055092_rtc,2022-08-13T10:33:56.575077+00:00,2022-08-13,2022Q3,S1A,11,ascending,C2b_amc__v2,positive_control,LINEAR_POWER_GAMMA0,5.153340816497803,260,0.6672977209091187,260
FROZEN,S1A_IW_GRDH_1SDV_20220813T103342_20220813T103411_044533_055092_rtc,2022-08-13T10:33:56.575077+00:00,2022-08-13,2022Q3,S1A,11,ascending,P1_vacant__v1,placebo,LINEAR_POWER_GAMMA0,0.27055004239082336,93,0.07161165773868561,93
FROZEN,S1A_IW_GRDH_1SDV_20220813T103342_20220813T103411_044533_055092_rtc,2022-08-13T10:33:56.575077+00:00,2022-08-13,2022Q3,S1A,11,ascending,X1_build_slab__v1,positive_control,LINEAR_POWER_GAMMA0,0.3909488320350647,67,0.0804566964507103,67
FROZEN,S1A_IW_GRDH_1SDV_20220813T103342_20220813T103411_044533_055092_rtc,2022-08-13T10:33:56.575077+00:00,2022-08-13,2022Q3,S1A,11,ascending,X2_build_site__v1,positive_control,LINEAR_POWER_GAMMA0,0.40714484453201294,155,0.08373501896858215,155
FROZEN,S1A_IW_GRDH_1SDV_20220820T102529_20220820T102558_044635_055407_rtc,2022-08-20T10:25:44.216652+00:00,2022-08-20,2022Q3,S1A,113,ascending,T1_ntt_fdc__v1,treatment,LINEAR_POWER_GAMMA0,1.8345378637313843,307,0.8758029937744141,307
FROZEN,S1A_IW_GRDH_1SDV_20220820T102529_20220820T102558_044635_055407_rtc,2022-08-20T10:25:44.216652+00:00,2022-08-20,2022Q3,S1A,113,ascending,C1_hkex_dc__v1,control,LINEAR_POWER_GAMMA0,0.3545726537704468,55,0.05620156601071358,55
FROZEN,S1A_IW_GRDH_1SDV_20220820T102529_20220820T102558_044635_055407_rtc,2022-08-20T10:25:44.216652+00:00,2022-08-20,2022Q3,S1A,113,ascending,C2b_amc__v2,positive_control,LINEAR_POWER_GAMMA0,3.0568487644195557,260,0.6750316619873047,260
FROZEN,S1A_IW_GRDH_1SDV_20220820T102529_20220820T102558_044635_055407_rtc,2022-08-20T10:25:44.216652+00:00,2022-08-20,2022Q3,S1A,113,ascending,P1_vacant__v1,placebo,LINEAR_POWER_GAMMA0,0.31068363785743713,93,0.08070466667413712,93
FROZEN,S1A_IW_GRDH_1SDV_20220820T102529_20220820T102558_044635_055407_rtc,2022-08-20T10:25:44.216652+00:00,2022-08-20,2022Q3,S1A,113,ascending,X1_build_slab__v1,positive_control,LINEAR_POWER_GAMMA0,0.9452923536300659,67,0.1414540857076645,67
FROZEN,S1A_IW_GRDH_1SDV_20220820T102529_20220820T102558_044635_055407_rtc,2022-08-20T10:25:44.216652+00:00,2022-08-20,2022Q3,S1A,113,ascending,X2_build_site__v1,positive_control,LINEAR_POWER_GAMMA0,0.6164067387580872,155,0.12556494772434235,155
FROZEN,S1A_IW_GRDH_1SDV_20220825T103342_20220825T103411_044708_055677_rtc,2022-08-25T10:33:56.961519+00:00,2022-08-25,2022Q3,S1A,11,ascending,T1_ntt_fdc__v1,treatment,LINEAR_POWER_GAMMA0,3.2345998287200928,307,1.1807760000228882,307
FROZEN,S1A_IW_GRDH_1SDV_20220825T103342_20220825T103411_044708_055677_rtc,2022-08-25T10:33:56.961519+00:00,2022-08-25,2022Q3,S1A,11,ascending,C1_hkex_dc__v1,control,LINEAR_POWER_GAMMA0,0.3440805673599243,55,0.10601560771465302,55
FROZEN,S1A_IW_GRDH_1SDV_20220825T103342_20220825T103411_044708_055677_rtc,2022-08-25T10:33:56.961519+00:00,2022-08-25,2022Q3,S1A,11,ascending,C2b_amc__v2,positive_control,LINEAR_POWER_GAMMA0,8.004352569580078,260,0.7274070978164673,260
FROZEN,S1A_IW_GRDH_1SDV_20220825T103342_20220825T103411_044708_055677_rtc,2022-08-25T10:33:56.961519+00:00,2022-08-25,2022Q3,S1A,11,ascending,P1_vacant__v1,placebo,LINEAR_POWER_GAMMA0,0.45188406109809875,93,0.09980916231870651,93
FROZEN,S1A_IW_GRDH_1SDV_20220825T103342_20220825T103411_044708_055677_rtc,2022-08-25T10:33:56.961519+00:00,2022-08-25,2022Q3,S1A,11,ascending,X1_build_slab__v1,positive_control,LINEAR_POWER_GAMMA0,0.33661729097366333,67,0.06858238577842712,67
FROZEN,S1A_IW_GRDH_1SDV_20220825T103342_20220825T103411_044708_055677_rtc,2022-08-25T10:33:56.961519+00:00,2022-08-25,2022Q3,S1A,11,ascending,X2_build_site__v1,positive_control,LINEAR_POWER_GAMMA0,0.39725998044013977,155,0.0810011774301529,155
FROZEN,S1A_IW_GRDH_1SDV_20220901T102530_20220901T102559_044810_0559EE_rtc,2022-09-01T10:25:44.887082+00:00,2022-09-01,2022Q3,S1A,113,ascending,T1_ntt_fdc__v1,treatment,LINEAR_POWER_GAMMA0,1.7136051654815674,307,0.7811980247497559,307
FROZEN,S1A_IW_GRDH_1SDV_20220901T102530_20220901T102559_044810_0559EE_rtc,2022-09-01T10:25:44.887082+00:00,2022-09-01,2022Q3,S1A,113,ascending,C1_hkex_dc__v1,control,LINEAR_POWER_GAMMA0,0.40944498777389526,55,0.09912559390068054,55
FROZEN,S1A_IW_GRDH_1SDV_20220901T102530_20220901T102559_044810_0559EE_rtc,2022-09-01T10:25:44.887082+00:00,2022-09-01,2022Q3,S1A,113,ascending,C2b_amc__v2,positive_control,LINEAR_POWER_GAMMA0,3.689807176589966,260,0.8154377937316895,260
FROZEN,S1A_IW_GRDH_1SDV_20220901T102530_20220901T102559_044810_0559EE_rtc,2022-09-01T10:25:44.887082+00:00,2022-09-01,2022Q3,S1A,113,ascending,P1_vacant__v1,placebo,LINEAR_POWER_GAMMA0,0.5123147368431091,93,0.11288662254810333,93
FROZEN,S1A_IW_GRDH_1SDV_20220901T102530_20220901T102559_044810_0559EE_rtc,2022-09-01T10:25:44.887082+00:00,2022-09-01,2022Q3,S1A,113,ascending,X1_build_slab__v1,positive_control,LINEAR_POWER_GAMMA0,0.9876665472984314,67,0.14345727860927582,67
FROZEN,S1A_IW_GRDH_1SDV_20220901T102530_20220901T102559_044810_0559EE_rtc,2022-09-01T10:25:44.887082+00:00,2022-09-01,2022Q3,S1A,113,ascending,X2_build_site__v1,positive_control,LINEAR_POWER_GAMMA0,0.6615071892738342,155,0.12198952585458755,155
FROZEN,S1A_IW_GRDH_1SDV_20220906T103343_20220906T103412_044883_055C68_rtc,2022-09-06T10:33:57.950950+00:00,2022-09-06,2022Q3,S1A,11,ascending,T1_ntt_fdc__v1,treatment,LINEAR_POWER_GAMMA0,2.5899736881256104,307,1.2446800470352173,307
FROZEN,S1A_IW_GRDH_1SDV_20220906T103343_20220906T103412_044883_055C68_rtc,2022-09-06T10:33:57.950950+00:00,2022-09-06,2022Q3,S1A,11,ascending,C1_hkex_dc__v1,control,LINEAR_POWER_GAMMA0,0.2827316224575043,55,0.09214676171541214,55
FROZEN,S1A_IW_GRDH_1SDV_20220906T103343_20220906T103412_044883_055C68_rtc,2022-09-06T10:33:57.950950+00:00,2022-09-06,2022Q3,S1A,11,ascending,C2b_amc__v2,positive_control,LINEAR_POWER_GAMMA0,5.556178092956543,260,0.4957409203052521,260
FROZEN,S1A_IW_GRDH_1SDV_20220906T103343_20220906T103412_044883_055C68_rtc,2022-09-06T10:33:57.950950+00:00,2022-09-06,2022Q3,S1A,11,ascending,P1_vacant__v1,placebo,LINEAR_POWER_GAMMA0,0.42502421140670776,93,0.0926918238401413,93
FROZEN,S1A_IW_GRDH_1SDV_20220906T103343_20220906T103412_044883_055C68_rtc,2022-09-06T10:33:57.950950+00:00,2022-09-06,2022Q3,S1A,11,ascending,X1_build_slab__v1,positive_control,LINEAR_POWER_GAMMA0,0.4708334803581238,67,0.07315683364868164,67
FROZEN,S1A_IW_GRDH_1SDV_20220906T103343_20220906T103412_044883_055C68_rtc,2022-09-06T10:33:57.950950+00:00,2022-09-06,2022Q3,S1A,11,ascending,X2_build_site__v1,positive_control,LINEAR_POWER_GAMMA0,0.377653568983078,155,0.0814371258020401,155
FROZEN,S1A_IW_GRDH_1SDV_20220913T102530_20220913T102559_044985_055FCD_rtc,2022-09-13T10:25:45.351264+00:00,2022-09-13,2022Q3,S1A,113,ascending,T1_ntt_fdc__v1,treatment,LINEAR_POWER_GAMMA0,1.8501542806625366,307,0.8444971442222595,307
FROZEN,S1A_IW_GRDH_1SDV_20220913T102530_20220913T102559_044985_055FCD_rtc,2022-09-13T10:25:45.351264+00:00,2022-09-13,2022Q3,S1A,113,ascending,C1_hkex_dc__v1,control,LINEAR_POWER_GAMMA0,0.3709903657436371,55,0.0676552876830101,55
FROZEN,S1A_IW_GRDH_1SDV_20220913T102530_20220913T102559_044985_055FCD_rtc,2022-09-13T10:25:45.351264+00:00,2022-09-13,2022Q3,S1A,113,ascending,C2b_amc__v2,positive_control,LINEAR_POWER_GAMMA0,2.3472506999969482,260,0.6688251495361328,260
FROZEN,S1A_IW_GRDH_1SDV_20220913T102530_20220913T102559_044985_055FCD_rtc,2022-09-13T10:25:45.351264+00:00,2022-09-13,2022Q3,S1A,113,ascending,P1_vacant__v1,placebo,LINEAR_POWER_GAMMA0,0.4631442129611969,93,0.09847719967365265,93
FROZEN,S1A_IW_GRDH_1SDV_20220913T102530_20220913T102559_044985_055FCD_rtc,2022-09-13T10:25:45.351264+00:00,2022-09-13,2022Q3,S1A,113,ascending,X1_build_slab__v1,positive_control,LINEAR_POWER_GAMMA0,0.9744415283203125,67,0.15817798674106598,67
FROZEN,S1A_IW_GRDH_1SDV_20220913T102530_20220913T102559_044985_055FCD_rtc,2022-09-13T10:25:45.351264+00:00,2022-09-13,2022Q3,S1A,113,ascending,X2_build_site__v1,positive_control,LINEAR_POWER_GAMMA0,0.6680354475975037,155,0.13367962837219238,155
FROZEN,S1A_IW_GRDH_1SDV_20220918T103343_20220918T103412_045058_056244_rtc,2022-09-18T10:33:57.681508+00:00,2022-09-18,2022Q3,S1A,11,ascending,T1_ntt_fdc__v1,treatment,LINEAR_POWER_GAMMA0,3.115205764770508,307,1.3679308891296387,307
FROZEN,S1A_IW_GRDH_1SDV_20220918T103343_20220918T103412_045058_056244_rtc,2022-09-18T10:33:57.681508+00:00,2022-09-18,2022Q3,S1A,11,ascending,C1_hkex_dc__v1,control,LINEAR_POWER_GAMMA0,0.29922255873680115,55,0.08354680240154266,55
FROZEN,S1A_IW_GRDH_1SDV_20220918T103343_20220918T103412_045058_056244_rtc,2022-09-18T10:33:57.681508+00:00,2022-09-18,2022Q3,S1A,11,ascending,C2b_amc__v2,positive_control,LINEAR_POWER_GAMMA0,7.880111217498779,260,0.7380775809288025,260
FROZEN,S1A_IW_GRDH_1SDV_20220918T103343_20220918T103412_045058_056244_rtc,2022-09-18T10:33:57.681508+00:00,2022-09-18,2022Q3,S1A,11,ascending,P1_vacant__v1,placebo,LINEAR_POWER_GAMMA0,0.2778693735599518,93,0.08693896234035492,93
FROZEN,S1A_IW_GRDH_1SDV_20220918T103343_20220918T103412_045058_056244_rtc,2022-09-18T10:33:57.681508+00:00,2022-09-18,2022Q3,S1A,11,ascending,X1_build_slab__v1,positive_control,LINEAR_POWER_GAMMA0,0.27542537450790405,67,0.06375261396169662,67
FROZEN,S1A_IW_GRDH_1SDV_20220918T103343_20220918T103412_045058_056244_rtc,2022-09-18T10:33:57.681508+00:00,2022-09-18,2022Q3,S1A,11,ascending,X2_build_site__v1,positive_control,LINEAR_POWER_GAMMA0,0.22554945945739746,155,0.07365722954273224,155
FROZEN,S1A_IW_GRDH_1SDV_20220925T102530_20220925T102559_045160_0565B6_rtc,2022-09-25T10:25:45.087010+00:00,2022-09-25,2022Q3,S1A,113,ascending,T1_ntt_fdc__v1,treatment,LINEAR_POWER_GAMMA0,1.8296914100646973,307,0.8371902108192444,307
FROZEN,S1A_IW_GRDH_1SDV_20220925T102530_20220925T102559_045160_0565B6_rtc,2022-09-25T10:25:45.087010+00:00,2022-09-25,2022Q3,S1A,113,ascending,C1_hkex_dc__v1,control,LINEAR_POWER_GAMMA0,0.3335306942462921,55,0.060001932084560394,55
FROZEN,S1A_IW_GRDH_1SDV_20220925T102530_20220925T102559_045160_0565B6_rtc,2022-09-25T10:25:45.087010+00:00,2022-09-25,2022Q3,S1A,113,ascending,C2b_amc__v2,positive_control,LINEAR_POWER_GAMMA0,2.4314358234405518,260,0.6200520396232605,260
FROZEN,S1A_IW_GRDH_1SDV_20220925T102530_20220925T102559_045160_0565B6_rtc,2022-09-25T10:25:45.087010+00:00,2022-09-25,2022Q3,S1A,113,ascending,P1_vacant__v1,placebo,LINEAR_POWER_GAMMA0,0.6959091424942017,93,0.06246982514858246,93
FROZEN,S1A_IW_GRDH_1SDV_20220925T102530_20220925T102559_045160_0565B6_rtc,2022-09-25T10:25:45.087010+00:00,2022-09-25,2022Q3,S1A,113,ascending,X1_build_slab__v1,positive_control,LINEAR_POWER_GAMMA0,1.0733387470245361,67,0.14333008229732513,67
FROZEN,S1A_IW_GRDH_1SDV_20220925T102530_20220925T102559_045160_0565B6_rtc,2022-09-25T10:25:45.087010+00:00,2022-09-25,2022Q3,S1A,113,ascending,X2_build_site__v1,positive_control,LINEAR_POWER_GAMMA0,0.7018199563026428,155,0.11954084783792496,155
FROZEN,S1A_IW_GRDH_1SDV_20220930T103343_20220930T103412_045233_056820_rtc,2022-09-30T10:33:58.344702+00:00,2022-09-30,2022Q3,S1A,11,ascending,T1_ntt_fdc__v1,treatment,LINEAR_POWER_GAMMA0,4.419284820556641,307,1.6804214715957642,307
FROZEN,S1A_IW_GRDH_1SDV_20220930T103343_20220930T103412_045233_056820_rtc,2022-09-30T10:33:58.344702+00:00,2022-09-30,2022Q3,S1A,11,ascending,C1_hkex_dc__v1,control,LINEAR_POWER_GAMMA0,0.5767261981964111,55,0.11564693599939346,55
FROZEN,S1A_IW_GRDH_1SDV_20220930T103343_20220930T103412_045233_056820_rtc,2022-09-30T10:33:58.344702+00:00,2022-09-30,2022Q3,S1A,11,ascending,C2b_amc__v2,positive_control,LINEAR_POWER_GAMMA0,15.122427940368652,260,1.2956371307373047,260
FROZEN,S1A_IW_GRDH_1SDV_20220930T103343_20220930T103412_045233_056820_rtc,2022-09-30T10:33:58.344702+00:00,2022-09-30,2022Q3,S1A,11,ascending,P1_vacant__v1,placebo,LINEAR_POWER_GAMMA0,0.35388699173927307,93,0.11929292231798172,93
FROZEN,S1A_IW_GRDH_1SDV_20220930T103343_20220930T103412_045233_056820_rtc,2022-09-30T10:33:58.344702+00:00,2022-09-30,2022Q3,S1A,11,ascending,X1_build_slab__v1,positive_control,LINEAR_POWER_GAMMA0,0.5725928544998169,67,0.09458613395690918,67
FROZEN,S1A_IW_GRDH_1SDV_20220930T103343_20220930T103412_045233_056820_rtc,2022-09-30T10:33:58.344702+00:00,2022-09-30,2022Q3,S1A,11,ascending,X2_build_site__v1,positive_control,LINEAR_POWER_GAMMA0,0.5753323435783386,155,0.09707959741353989,155
FROZEN,S1A_IW_GRDH_1SDV_20221007T102531_20221007T102600_045335_056B8F_rtc,2022-10-07T10:25:45.511286+00:00,2022-10-07,2022Q4,S1A,113,ascending,T1_ntt_fdc__v1,treatment,LINEAR_POWER_GAMMA0,1.6901702880859375,307,0.7700247168540955,307
FROZEN,S1A_IW_GRDH_1SDV_20221007T102531_20221007T102600_045335_056B8F_rtc,2022-10-07T10:25:45.511286+00:00,2022-10-07,2022Q4,S1A,113,ascending,C1_hkex_dc__v1,control,LINEAR_POWER_GAMMA0,0.32901933789253235,55,0.06859108060598373,55
FROZEN,S1A_IW_GRDH_1SDV_20221007T102531_20221007T102600_045335_056B8F_rtc,2022-10-07T10:25:45.511286+00:00,2022-10-07,2022Q4,S1A,113,ascending,C2b_amc__v2,positive_control,LINEAR_POWER_GAMMA0,2.629257917404175,260,0.6530629992485046,260
FROZEN,S1A_IW_GRDH_1SDV_20221007T102531_20221007T102600_045335_056B8F_rtc,2022-10-07T10:25:45.511286+00:00,2022-10-07,2022Q4,S1A,113,ascending,P1_vacant__v1,placebo,LINEAR_POWER_GAMMA0,1.831669807434082,93,0.11837856471538544,93
FROZEN,S1A_IW_GRDH_1SDV_20221007T102531_20221007T102600_045335_056B8F_rtc,2022-10-07T10:25:45.511286+00:00,2022-10-07,2022Q4,S1A,113,ascending,X1_build_slab__v1,positive_control,LINEAR_POWER_GAMMA0,1.0675493478775024,67,0.1533403843641281,67
FROZEN,S1A_IW_GRDH_1SDV_20221007T102531_20221007T102600_045335_056B8F_rtc,2022-10-07T10:25:45.511286+00:00,2022-10-07,2022Q4,S1A,113,ascending,X2_build_site__v1,positive_control,LINEAR_POWER_GAMMA0,0.6783965826034546,155,0.12577416002750397,155
FROZEN,S1A_IW_GRDH_1SDV_20221012T103343_20221012T103412_045408_056E08_rtc,2022-10-12T10:33:58.147712+00:00,2022-10-12,2022Q4,S1A,11,ascending,T1_ntt_fdc__v1,treatment,LINEAR_POWER_GAMMA0,2.956312894821167,307,1.1875041723251343,307
FROZEN,S1A_IW_GRDH_1SDV_20221012T103343_20221012T103412_045408_056E08_rtc,2022-10-12T10:33:58.147712+00:00,2022-10-12,2022Q4,S1A,11,ascending,C1_hkex_dc__v1,control,LINEAR_POWER_GAMMA0,0.32469967007637024,55,0.10826676338911057,55
FROZEN,S1A_IW_GRDH_1SDV_20221012T103343_20221012T103412_045408_056E08_rtc,2022-10-12T10:33:58.147712+00:00,2022-10-12,2022Q4,S1A,11,ascending,C2b_amc__v2,positive_control,LINEAR_POWER_GAMMA0,4.087897777557373,260,0.5757885575294495,260
FROZEN,S1A_IW_GRDH_1SDV_20221012T103343_20221012T103412_045408_056E08_rtc,2022-10-12T10:33:58.147712+00:00,2022-10-12,2022Q4,S1A,11,ascending,P1_vacant__v1,placebo,LINEAR_POWER_GAMMA0,0.4593440592288971,93,0.08431658893823624,93
FROZEN,S1A_IW_GRDH_1SDV_20221012T103343_20221012T103412_045408_056E08_rtc,2022-10-12T10:33:58.147712+00:00,2022-10-12,2022Q4,S1A,11,ascending,X1_build_slab__v1,positive_control,LINEAR_POWER_GAMMA0,0.29229268431663513,67,0.07436659187078476,67
FROZEN,S1A_IW_GRDH_1SDV_20221012T103343_20221012T103412_045408_056E08_rtc,2022-10-12T10:33:58.147712+00:00,2022-10-12,2022Q4,S1A,11,ascending,X2_build_site__v1,positive_control,LINEAR_POWER_GAMMA0,0.2306329756975174,155,0.07828611880540848,155
FROZEN,S1A_IW_GRDH_1SDV_20221024T103343_20221024T103412_045583_057334_rtc,2022-10-24T10:33:58.446411+00:00,2022-10-24,2022Q4,S1A,11,ascending,T1_ntt_fdc__v1,treatment,LINEAR_POWER_GAMMA0,2.972806215286255,307,1.356914758682251,307
FROZEN,S1A_IW_GRDH_1SDV_20221024T103343_20221024T103412_045583_057334_rtc,2022-10-24T10:33:58.446411+00:00,2022-10-24,2022Q4,S1A,11,ascending,C1_hkex_dc__v1,control,LINEAR_POWER_GAMMA0,0.3162730932235718,55,0.1061307042837143,55
FROZEN,S1A_IW_GRDH_1SDV_20221024T103343_20221024T103412_045583_057334_rtc,2022-10-24T10:33:58.446411+00:00,2022-10-24,2022Q4,S1A,11,ascending,C2b_amc__v2,positive_control,LINEAR_POWER_GAMMA0,4.774880886077881,260,0.6474359631538391,260
FROZEN,S1A_IW_GRDH_1SDV_20221024T103343_20221024T103412_045583_057334_rtc,2022-10-24T10:33:58.446411+00:00,2022-10-24,2022Q4,S1A,11,ascending,P1_vacant__v1,placebo,LINEAR_POWER_GAMMA0,0.3213948607444763,93,0.09026088565587997,93
FROZEN,S1A_IW_GRDH_1SDV_20221024T103343_20221024T103412_045583_057334_rtc,2022-10-24T10:33:58.446411+00:00,2022-10-24,2022Q4,S1A,11,ascending,X1_build_slab__v1,positive_control,LINEAR_POWER_GAMMA0,1.0595940351486206,67,0.0908890888094902,67
FROZEN,S1A_IW_GRDH_1SDV_20221024T103343_20221024T103412_045583_057334_rtc,2022-10-24T10:33:58.446411+00:00,2022-10-24,2022Q4,S1A,11,ascending,X2_build_site__v1,positive_control,LINEAR_POWER_GAMMA0,0.6006966829299927,155,0.08725528419017792,155
FROZEN,S1A_IW_GRDH_1SDV_20221031T102530_20221031T102559_045685_0576AC_rtc,2022-10-31T10:25:45.489915+00:00,2022-10-31,2022Q4,S1A,113,ascending,T1_ntt_fdc__v1,treatment,LINEAR_POWER_GAMMA0,2.0254180431365967,307,0.9003393054008484,307
FROZEN,S1A_IW_GRDH_1SDV_20221031T102530_20221031T102559_045685_0576AC_rtc,2022-10-31T10:25:45.489915+00:00,2022-10-31,2022Q4,S1A,113,ascending,C1_hkex_dc__v1,control,LINEAR_POWER_GAMMA0,0.3560827076435089,55,0.09242317080497742,55
FROZEN,S1A_IW_GRDH_1SDV_20221031T102530_20221031T102559_045685_0576AC_rtc,2022-10-31T10:25:45.489915+00:00,2022-10-31,2022Q4,S1A,113,ascending,C2b_amc__v2,positive_control,LINEAR_POWER_GAMMA0,2.880390167236328,260,0.6244596242904663,260
FROZEN,S1A_IW_GRDH_1SDV_20221031T102530_20221031T102559_045685_0576AC_rtc,2022-10-31T10:25:45.489915+00:00,2022-10-31,2022Q4,S1A,113,ascending,P1_vacant__v1,placebo,LINEAR_POWER_GAMMA0,0.5333316922187805,93,0.1078420877456665,93
FROZEN,S1A_IW_GRDH_1SDV_20221031T102530_20221031T102559_045685_0576AC_rtc,2022-10-31T10:25:45.489915+00:00,2022-10-31,2022Q4,S1A,113,ascending,X1_build_slab__v1,positive_control,LINEAR_POWER_GAMMA0,0.8991871476173401,67,0.16811969876289368,67
FROZEN,S1A_IW_GRDH_1SDV_20221031T102530_20221031T102559_045685_0576AC_rtc,2022-10-31T10:25:45.489915+00:00,2022-10-31,2022Q4,S1A,113,ascending,X2_build_site__v1,positive_control,LINEAR_POWER_GAMMA0,0.6054188013076782,155,0.13319554924964905,155
FROZEN,S1A_IW_GRDH_1SDV_20221105T103343_20221105T103412_045758_05791B_rtc,2022-11-05T10:33:58.000684+00:00,2022-11-05,2022Q4,S1A,11,ascending,T1_ntt_fdc__v1,treatment,LINEAR_POWER_GAMMA0,2.9882895946502686,307,1.259774923324585,307
FROZEN,S1A_IW_GRDH_1SDV_20221105T103343_20221105T103412_045758_05791B_rtc,2022-11-05T10:33:58.000684+00:00,2022-11-05,2022Q4,S1A,11,ascending,C1_hkex_dc__v1,control,LINEAR_POWER_GAMMA0,0.2969735562801361,55,0.07946102321147919,55
FROZEN,S1A_IW_GRDH_1SDV_20221105T103343_20221105T103412_045758_05791B_rtc,2022-11-05T10:33:58.000684+00:00,2022-11-05,2022Q4,S1A,11,ascending,C2b_amc__v2,positive_control,LINEAR_POWER_GAMMA0,5.544294357299805,260,0.6584882140159607,260
FROZEN,S1A_IW_GRDH_1SDV_20221105T103343_20221105T103412_045758_05791B_rtc,2022-11-05T10:33:58.000684+00:00,2022-11-05,2022Q4,S1A,11,ascending,P1_vacant__v1,placebo,LINEAR_POWER_GAMMA0,0.44759923219680786,93,0.10886798053979874,93
FROZEN,S1A_IW_GRDH_1SDV_20221105T103343_20221105T103412_045758_05791B_rtc,2022-11-05T10:33:58.000684+00:00,2022-11-05,2022Q4,S1A,11,ascending,X1_build_slab__v1,positive_control,LINEAR_POWER_GAMMA0,0.3394293189048767,67,0.08640175312757492,67
FROZEN,S1A_IW_GRDH_1SDV_20221105T103343_20221105T103412_045758_05791B_rtc,2022-11-05T10:33:58.000684+00:00,2022-11-05,2022Q4,S1A,11,ascending,X2_build_site__v1,positive_control,LINEAR_POWER_GAMMA0,0.300155907869339,155,0.08554771542549133,155
FROZEN,S1A_IW_GRDH_1SDV_20221112T102530_20221112T102559_045860_057C92_rtc,2022-11-12T10:25:45.112313+00:00,2022-11-12,2022Q4,S1A,113,ascending,T1_ntt_fdc__v1,treatment,LINEAR_POWER_GAMMA0,1.812693476676941,307,0.8691046237945557,307
FROZEN,S1A_IW_GRDH_1SDV_20221112T102530_20221112T102559_045860_057C92_rtc,2022-11-12T10:25:45.112313+00:00,2022-11-12,2022Q4,S1A,113,ascending,C1_hkex_dc__v1,control,LINEAR_POWER_GAMMA0,0.3683215379714966,55,0.05961926281452179,55
FROZEN,S1A_IW_GRDH_1SDV_20221112T102530_20221112T102559_045860_057C92_rtc,2022-11-12T10:25:45.112313+00:00,2022-11-12,2022Q4,S1A,113,ascending,C2b_amc__v2,positive_control,LINEAR_POWER_GAMMA0,2.47475266456604,260,0.6488783359527588,260
FROZEN,S1A_IW_GRDH_1SDV_20221112T102530_20221112T102559_045860_057C92_rtc,2022-11-12T10:25:45.112313+00:00,2022-11-12,2022Q4,S1A,113,ascending,P1_vacant__v1,placebo,LINEAR_POWER_GAMMA0,0.9218794107437134,93,0.11567023396492004,93
FROZEN,S1A_IW_GRDH_1SDV_20221112T102530_20221112T102559_045860_057C92_rtc,2022-11-12T10:25:45.112313+00:00,2022-11-12,2022Q4,S1A,113,ascending,X1_build_slab__v1,positive_control,LINEAR_POWER_GAMMA0,1.0624061822891235,67,0.17777585983276367,67
FROZEN,S1A_IW_GRDH_1SDV_20221112T102530_20221112T102559_045860_057C92_rtc,2022-11-12T10:25:45.112313+00:00,2022-11-12,2022Q4,S1A,113,ascending,X2_build_site__v1,positive_control,LINEAR_POWER_GAMMA0,0.6863202452659607,155,0.14262638986110687,155
FROZEN,S1A_IW_GRDH_1SDV_20221117T103343_20221117T103412_045933_057F00_rtc,2022-11-17T10:33:57.748647+00:00,2022-11-17,2022Q4,S1A,11,ascending,T1_ntt_fdc__v1,treatment,LINEAR_POWER_GAMMA0,4.716891288757324,307,1.6730364561080933,307
FROZEN,S1A_IW_GRDH_1SDV_20221117T103343_20221117T103412_045933_057F00_rtc,2022-11-17T10:33:57.748647+00:00,2022-11-17,2022Q4,S1A,11,ascending,C1_hkex_dc__v1,control,LINEAR_POWER_GAMMA0,0.2924672067165375,55,0.08661514520645142,55
FROZEN,S1A_IW_GRDH_1SDV_20221117T103343_20221117T103412_045933_057F00_rtc,2022-11-17T10:33:57.748647+00:00,2022-11-17,2022Q4,S1A,11,ascending,C2b_amc__v2,positive_control,LINEAR_POWER_GAMMA0,4.800941467285156,260,0.6475691199302673,260
FROZEN,S1A_IW_GRDH_1SDV_20221117T103343_20221117T103412_045933_057F00_rtc,2022-11-17T10:33:57.748647+00:00,2022-11-17,2022Q4,S1A,11,ascending,P1_vacant__v1,placebo,LINEAR_POWER_GAMMA0,0.48414990305900574,93,0.10347630083560944,93
FROZEN,S1A_IW_GRDH_1SDV_20221117T103343_20221117T103412_045933_057F00_rtc,2022-11-17T10:33:57.748647+00:00,2022-11-17,2022Q4,S1A,11,ascending,X1_build_slab__v1,positive_control,LINEAR_POWER_GAMMA0,0.3236788511276245,67,0.07654985785484314,67
FROZEN,S1A_IW_GRDH_1SDV_20221117T103343_20221117T103412_045933_057F00_rtc,2022-11-17T10:33:57.748647+00:00,2022-11-17,2022Q4,S1A,11,ascending,X2_build_site__v1,positive_control,LINEAR_POWER_GAMMA0,0.254609614610672,155,0.0776338055729866,155
FROZEN,S1A_IW_GRDH_1SDV_20221124T102530_20221124T102559_046035_058278_rtc,2022-11-24T10:25:45.383419+00:00,2022-11-24,2022Q4,S1A,113,ascending,T1_ntt_fdc__v1,treatment,LINEAR_POWER_GAMMA0,4.508218765258789,307,1.46026611328125,307
FROZEN,S1A_IW_GRDH_1SDV_20221124T102530_20221124T102559_046035_058278_rtc,2022-11-24T10:25:45.383419+00:00,2022-11-24,2022Q4,S1A,113,ascending,C1_hkex_dc__v1,control,LINEAR_POWER_GAMMA0,0.34998151659965515,55,0.1025603637099266,55
FROZEN,S1A_IW_GRDH_1SDV_20221124T102530_20221124T102559_046035_058278_rtc,2022-11-24T10:25:45.383419+00:00,2022-11-24,2022Q4,S1A,113,ascending,C2b_amc__v2,positive_control,LINEAR_POWER_GAMMA0,6.980597019195557,260,1.0752947330474854,260
FROZEN,S1A_IW_GRDH_1SDV_20221124T102530_20221124T102559_046035_058278_rtc,2022-11-24T10:25:45.383419+00:00,2022-11-24,2022Q4,S1A,113,ascending,P1_vacant__v1,placebo,LINEAR_POWER_GAMMA0,0.7791083455085754,93,0.13381443917751312,93
FROZEN,S1A_IW_GRDH_1SDV_20221124T102530_20221124T102559_046035_058278_rtc,2022-11-24T10:25:45.383419+00:00,2022-11-24,2022Q4,S1A,113,ascending,X1_build_slab__v1,positive_control,LINEAR_POWER_GAMMA0,1.1037952899932861,67,0.16612663865089417,67
FROZEN,S1A_IW_GRDH_1SDV_20221124T102530_20221124T102559_046035_058278_rtc,2022-11-24T10:25:45.383419+00:00,2022-11-24,2022Q4,S1A,113,ascending,X2_build_site__v1,positive_control,LINEAR_POWER_GAMMA0,0.7856713533401489,155,0.15986894071102142,155
FROZEN,S1A_IW_GRDH_1SDV_20221129T103342_20221129T103411_046108_0584F3_rtc,2022-11-29T10:33:57.478090+00:00,2022-11-29,2022Q4,S1A,11,ascending,T1_ntt_fdc__v1,treatment,LINEAR_POWER_GAMMA0,3.332592010498047,307,1.308567762374878,307
FROZEN,S1A_IW_GRDH_1SDV_20221129T103342_20221129T103411_046108_0584F3_rtc,2022-11-29T10:33:57.478090+00:00,2022-11-29,2022Q4,S1A,11,ascending,C1_hkex_dc__v1,control,LINEAR_POWER_GAMMA0,0.2753255367279053,55,0.09711132943630219,55
FROZEN,S1A_IW_GRDH_1SDV_20221129T103342_20221129T103411_046108_0584F3_rtc,2022-11-29T10:33:57.478090+00:00,2022-11-29,2022Q4,S1A,11,ascending,C2b_amc__v2,positive_control,LINEAR_POWER_GAMMA0,8.039534568786621,260,0.8426530361175537,260
FROZEN,S1A_IW_GRDH_1SDV_20221129T103342_20221129T103411_046108_0584F3_rtc,2022-11-29T10:33:57.478090+00:00,2022-11-29,2022Q4,S1A,11,ascending,P1_vacant__v1,placebo,LINEAR_POWER_GAMMA0,0.4342666566371918,93,0.08371054381132126,93
FROZEN,S1A_IW_GRDH_1SDV_20221129T103342_20221129T103411_046108_0584F3_rtc,2022-11-29T10:33:57.478090+00:00,2022-11-29,2022Q4,S1A,11,ascending,X1_build_slab__v1,positive_control,LINEAR_POWER_GAMMA0,0.34752294421195984,67,0.09141986817121506,67
FROZEN,S1A_IW_GRDH_1SDV_20221129T103342_20221129T103411_046108_0584F3_rtc,2022-11-29T10:33:57.478090+00:00,2022-11-29,2022Q4,S1A,11,ascending,X2_build_site__v1,positive_control,LINEAR_POWER_GAMMA0,0.2863616943359375,155,0.0859476625919342,155
FROZEN,S1A_IW_GRDH_1SDV_20221206T102530_20221206T102559_046210_058873_rtc,2022-12-06T10:25:44.614470+00:00,2022-12-06,2022Q4,S1A,113,ascending,T1_ntt_fdc__v1,treatment,LINEAR_POWER_GAMMA0,1.961896538734436,307,0.9287872910499573,307
FROZEN,S1A_IW_GRDH_1SDV_20221206T102530_20221206T102559_046210_058873_rtc,2022-12-06T10:25:44.614470+00:00,2022-12-06,2022Q4,S1A,113,ascending,C1_hkex_dc__v1,control,LINEAR_POWER_GAMMA0,0.33584293723106384,55,0.08276715129613876,55
FROZEN,S1A_IW_GRDH_1SDV_20221206T102530_20221206T102559_046210_058873_rtc,2022-12-06T10:25:44.614470+00:00,2022-12-06,2022Q4,S1A,113,ascending,C2b_amc__v2,positive_control,LINEAR_POWER_GAMMA0,2.6175856590270996,260,0.6712261438369751,260
FROZEN,S1A_IW_GRDH_1SDV_20221206T102530_20221206T102559_046210_058873_rtc,2022-12-06T10:25:44.614470+00:00,2022-12-06,2022Q4,S1A,113,ascending,P1_vacant__v1,placebo,LINEAR_POWER_GAMMA0,0.8126342296600342,93,0.08218266069889069,93
FROZEN,S1A_IW_GRDH_1SDV_20221206T102530_20221206T102559_046210_058873_rtc,2022-12-06T10:25:44.614470+00:00,2022-12-06,2022Q4,S1A,113,ascending,X1_build_slab__v1,positive_control,LINEAR_POWER_GAMMA0,1.0376783609390259,67,0.18985506892204285,67
FROZEN,S1A_IW_GRDH_1SDV_20221206T102530_20221206T102559_046210_058873_rtc,2022-12-06T10:25:44.614470+00:00,2022-12-06,2022Q4,S1A,113,ascending,X2_build_site__v1,positive_control,LINEAR_POWER_GAMMA0,0.6968201994895935,155,0.14554719626903534,155
FROZEN,S1A_IW_GRDH_1SDV_20221211T103342_20221211T103411_046283_058AEC_rtc,2022-12-11T10:33:57.011649+00:00,2022-12-11,2022Q4,S1A,11,ascending,T1_ntt_fdc__v1,treatment,LINEAR_POWER_GAMMA0,2.944091796875,307,1.3820863962173462,307
FROZEN,S1A_IW_GRDH_1SDV_20221211T103342_20221211T103411_046283_058AEC_rtc,2022-12-11T10:33:57.011649+00:00,2022-12-11,2022Q4,S1A,11,ascending,C1_hkex_dc__v1,control,LINEAR_POWER_GAMMA0,0.2874720096588135,55,0.09820903092622757,55
FROZEN,S1A_IW_GRDH_1SDV_20221211T103342_20221211T103411_046283_058AEC_rtc,2022-12-11T10:33:57.011649+00:00,2022-12-11,2022Q4,S1A,11,ascending,C2b_amc__v2,positive_control,LINEAR_POWER_GAMMA0,5.072020530700684,260,0.5728122591972351,260
FROZEN,S1A_IW_GRDH_1SDV_20221211T103342_20221211T103411_046283_058AEC_rtc,2022-12-11T10:33:57.011649+00:00,2022-12-11,2022Q4,S1A,11,ascending,P1_vacant__v1,placebo,LINEAR_POWER_GAMMA0,0.3148494362831116,93,0.0691729485988617,93
FROZEN,S1A_IW_GRDH_1SDV_20221211T103342_20221211T103411_046283_058AEC_rtc,2022-12-11T10:33:57.011649+00:00,2022-12-11,2022Q4,S1A,11,ascending,X1_build_slab__v1,positive_control,LINEAR_POWER_GAMMA0,0.5282009243965149,67,0.08573557436466217,67
FROZEN,S1A_IW_GRDH_1SDV_20221211T103342_20221211T103411_046283_058AEC_rtc,2022-12-11T10:33:57.011649+00:00,2022-12-11,2022Q4,S1A,11,ascending,X2_build_site__v1,positive_control,LINEAR_POWER_GAMMA0,0.4226345419883728,155,0.08394604176282883,155
FROZEN,S1A_IW_GRDH_1SDV_20221218T102529_20221218T102558_046385_058E71_rtc,2022-12-18T10:25:43.774506+00:00,2022-12-18,2022Q4,S1A,113,ascending,T1_ntt_fdc__v1,treatment,LINEAR_POWER_GAMMA0,1.9525259733200073,307,0.9303129315376282,307
FROZEN,S1A_IW_GRDH_1SDV_20221218T102529_20221218T102558_046385_058E71_rtc,2022-12-18T10:25:43.774506+00:00,2022-12-18,2022Q4,S1A,113,ascending,C1_hkex_dc__v1,control,LINEAR_POWER_GAMMA0,0.32641977071762085,55,0.05019068345427513,55
FROZEN,S1A_IW_GRDH_1SDV_20221218T102529_20221218T102558_046385_058E71_rtc,2022-12-18T10:25:43.774506+00:00,2022-12-18,2022Q4,S1A,113,ascending,C2b_amc__v2,positive_control,LINEAR_POWER_GAMMA0,2.4603240489959717,260,0.6197216510772705,260
FROZEN,S1A_IW_GRDH_1SDV_20221218T102529_20221218T102558_046385_058E71_rtc,2022-12-18T10:25:43.774506+00:00,2022-12-18,2022Q4,S1A,113,ascending,P1_vacant__v1,placebo,LINEAR_POWER_GAMMA0,0.4328555166721344,93,0.07375261187553406,93
FROZEN,S1A_IW_GRDH_1SDV_20221218T102529_20221218T102558_046385_058E71_rtc,2022-12-18T10:25:43.774506+00:00,2022-12-18,2022Q4,S1A,113,ascending,X1_build_slab__v1,positive_control,LINEAR_POWER_GAMMA0,1.0157076120376587,67,0.18843135237693787,67
FROZEN,S1A_IW_GRDH_1SDV_20221218T102529_20221218T102558_046385_058E71_rtc,2022-12-18T10:25:43.774506+00:00,2022-12-18,2022Q4,S1A,113,ascending,X2_build_site__v1,positive_control,LINEAR_POWER_GAMMA0,0.6522484421730042,155,0.14603224396705627,155
FROZEN,S1A_IW_GRDH_1SDV_20221223T103341_20221223T103410_046458_0590E5_rtc,2022-12-23T10:33:56.177683+00:00,2022-12-23,2022Q4,S1A,11,ascending,T1_ntt_fdc__v1,treatment,LINEAR_POWER_GAMMA0,2.773428440093994,307,1.1368919610977173,307
FROZEN,S1A_IW_GRDH_1SDV_20221223T103341_20221223T103410_046458_0590E5_rtc,2022-12-23T10:33:56.177683+00:00,2022-12-23,2022Q4,S1A,11,ascending,C1_hkex_dc__v1,control,LINEAR_POWER_GAMMA0,0.299076110124588,55,0.11121226847171783,55
FROZEN,S1A_IW_GRDH_1SDV_20221223T103341_20221223T103410_046458_0590E5_rtc,2022-12-23T10:33:56.177683+00:00,2022-12-23,2022Q4,S1A,11,ascending,C2b_amc__v2,positive_control,LINEAR_POWER_GAMMA0,4.759456157684326,260,0.64202880859375,260
FROZEN,S1A_IW_GRDH_1SDV_20221223T103341_20221223T103410_046458_0590E5_rtc,2022-12-23T10:33:56.177683+00:00,2022-12-23,2022Q4,S1A,11,ascending,P1_vacant__v1,placebo,LINEAR_POWER_GAMMA0,0.3829936385154724,93,0.08096156269311905,93
FROZEN,S1A_IW_GRDH_1SDV_20221223T103341_20221223T103410_046458_0590E5_rtc,2022-12-23T10:33:56.177683+00:00,2022-12-23,2022Q4,S1A,11,ascending,X1_build_slab__v1,positive_control,LINEAR_POWER_GAMMA0,0.5563719868659973,67,0.08272138983011246,67
FROZEN,S1A_IW_GRDH_1SDV_20221223T103341_20221223T103410_046458_0590E5_rtc,2022-12-23T10:33:56.177683+00:00,2022-12-23,2022Q4,S1A,11,ascending,X2_build_site__v1,positive_control,LINEAR_POWER_GAMMA0,0.5446257591247559,155,0.08643680065870285,155
FROZEN,S1A_IW_GRDH_1SDV_20221230T102528_20221230T102557_046560_059456_rtc,2022-12-30T10:25:43.228680+00:00,2022-12-30,2022Q4,S1A,113,ascending,T1_ntt_fdc__v1,treatment,LINEAR_POWER_GAMMA0,2.244523048400879,307,0.9835792779922485,307
FROZEN,S1A_IW_GRDH_1SDV_20221230T102528_20221230T102557_046560_059456_rtc,2022-12-30T10:25:43.228680+00:00,2022-12-30,2022Q4,S1A,113,ascending,C1_hkex_dc__v1,control,LINEAR_POWER_GAMMA0,0.2821394205093384,55,0.0532657615840435,55
FROZEN,S1A_IW_GRDH_1SDV_20221230T102528_20221230T102557_046560_059456_rtc,2022-12-30T10:25:43.228680+00:00,2022-12-30,2022Q4,S1A,113,ascending,C2b_amc__v2,positive_control,LINEAR_POWER_GAMMA0,2.659207820892334,260,0.6070719361305237,260
FROZEN,S1A_IW_GRDH_1SDV_20221230T102528_20221230T102557_046560_059456_rtc,2022-12-30T10:25:43.228680+00:00,2022-12-30,2022Q4,S1A,113,ascending,P1_vacant__v1,placebo,LINEAR_POWER_GAMMA0,0.38171935081481934,93,0.07129057496786118,93
FROZEN,S1A_IW_GRDH_1SDV_20221230T102528_20221230T102557_046560_059456_rtc,2022-12-30T10:25:43.228680+00:00,2022-12-30,2022Q4,S1A,113,ascending,X1_build_slab__v1,positive_control,LINEAR_POWER_GAMMA0,0.9573788046836853,67,0.1866198629140854,67
FROZEN,S1A_IW_GRDH_1SDV_20221230T102528_20221230T102557_046560_059456_rtc,2022-12-30T10:25:43.228680+00:00,2022-12-30,2022Q4,S1A,113,ascending,X2_build_site__v1,positive_control,LINEAR_POWER_GAMMA0,0.6383243799209595,155,0.1462051421403885,155
FROZEN,S1A_IW_GRDH_1SDV_20230104T103341_20230104T103410_046633_0596D6_rtc,2023-01-04T10:33:55.594471+00:00,2023-01-04,2023Q1,S1A,11,ascending,T1_ntt_fdc__v1,treatment,LINEAR_POWER_GAMMA0,2.7989916801452637,307,1.0735397338867188,307
FROZEN,S1A_IW_GRDH_1SDV_20230104T103341_20230104T103410_046633_0596D6_rtc,2023-01-04T10:33:55.594471+00:00,2023-01-04,2023Q1,S1A,11,ascending,C1_hkex_dc__v1,control,LINEAR_POWER_GAMMA0,0.29043474793434143,55,0.09952154010534286,55
FROZEN,S1A_IW_GRDH_1SDV_20230104T103341_20230104T103410_046633_0596D6_rtc,2023-01-04T10:33:55.594471+00:00,2023-01-04,2023Q1,S1A,11,ascending,C2b_amc__v2,positive_control,LINEAR_POWER_GAMMA0,4.689180374145508,260,0.6000580787658691,260
FROZEN,S1A_IW_GRDH_1SDV_20230104T103341_20230104T103410_046633_0596D6_rtc,2023-01-04T10:33:55.594471+00:00,2023-01-04,2023Q1,S1A,11,ascending,P1_vacant__v1,placebo,LINEAR_POWER_GAMMA0,0.2957049012184143,93,0.0792338103055954,93
FROZEN,S1A_IW_GRDH_1SDV_20230104T103341_20230104T103410_046633_0596D6_rtc,2023-01-04T10:33:55.594471+00:00,2023-01-04,2023Q1,S1A,11,ascending,X1_build_slab__v1,positive_control,LINEAR_POWER_GAMMA0,4.394022464752197,67,0.08444298803806305,67
FROZEN,S1A_IW_GRDH_1SDV_20230104T103341_20230104T103410_046633_0596D6_rtc,2023-01-04T10:33:55.594471+00:00,2023-01-04,2023Q1,S1A,11,ascending,X2_build_site__v1,positive_control,LINEAR_POWER_GAMMA0,2.19227933883667,155,0.07965217530727386,155
FROZEN,S1A_IW_GRDH_1SDV_20230111T102527_20230111T102556_046735_059A40_rtc,2023-01-11T10:25:42.133293+00:00,2023-01-11,2023Q1,S1A,113,ascending,T1_ntt_fdc__v1,treatment,LINEAR_POWER_GAMMA0,2.139723539352417,307,0.8962229490280151,307
FROZEN,S1A_IW_GRDH_1SDV_20230111T102527_20230111T102556_046735_059A40_rtc,2023-01-11T10:25:42.133293+00:00,2023-01-11,2023Q1,S1A,113,ascending,C1_hkex_dc__v1,control,LINEAR_POWER_GAMMA0,0.3850685954093933,55,0.06830966472625732,55
FROZEN,S1A_IW_GRDH_1SDV_20230111T102527_20230111T102556_046735_059A40_rtc,2023-01-11T10:25:42.133293+00:00,2023-01-11,2023Q1,S1A,113,ascending,C2b_amc__v2,positive_control,LINEAR_POWER_GAMMA0,2.8560523986816406,260,0.6969143152236938,260
FROZEN,S1A_IW_GRDH_1SDV_20230111T102527_20230111T102556_046735_059A40_rtc,2023-01-11T10:25:42.133293+00:00,2023-01-11,2023Q1,S1A,113,ascending,P1_vacant__v1,placebo,LINEAR_POWER_GAMMA0,0.49880123138427734,93,0.10692113637924194,93
FROZEN,S1A_IW_GRDH_1SDV_20230111T102527_20230111T102556_046735_059A40_rtc,2023-01-11T10:25:42.133293+00:00,2023-01-11,2023Q1,S1A,113,ascending,X1_build_slab__v1,positive_control,LINEAR_POWER_GAMMA0,1.1067168712615967,67,0.17998218536376953,67
FROZEN,S1A_IW_GRDH_1SDV_20230111T102527_20230111T102556_046735_059A40_rtc,2023-01-11T10:25:42.133293+00:00,2023-01-11,2023Q1,S1A,113,ascending,X2_build_site__v1,positive_control,LINEAR_POWER_GAMMA0,0.7159313559532166,155,0.15105043351650238,155
FROZEN,S1A_IW_GRDH_1SDV_20230116T103340_20230116T103409_046808_059CB7_rtc,2023-01-16T10:33:54.858970+00:00,2023-01-16,2023Q1,S1A,11,ascending,T1_ntt_fdc__v1,treatment,LINEAR_POWER_GAMMA0,2.9711172580718994,307,1.0749255418777466,307
FROZEN,S1A_IW_GRDH_1SDV_20230116T103340_20230116T103409_046808_059CB7_rtc,2023-01-16T10:33:54.858970+00:00,2023-01-16,2023Q1,S1A,11,ascending,C1_hkex_dc__v1,control,LINEAR_POWER_GAMMA0,0.3374421000480652,55,0.10388046503067017,55
FROZEN,S1A_IW_GRDH_1SDV_20230116T103340_20230116T103409_046808_059CB7_rtc,2023-01-16T10:33:54.858970+00:00,2023-01-16,2023Q1,S1A,11,ascending,C2b_amc__v2,positive_control,LINEAR_POWER_GAMMA0,5.858603000640869,260,0.6821269989013672,260
FROZEN,S1A_IW_GRDH_1SDV_20230116T103340_20230116T103409_046808_059CB7_rtc,2023-01-16T10:33:54.858970+00:00,2023-01-16,2023Q1,S1A,11,ascending,P1_vacant__v1,placebo,LINEAR_POWER_GAMMA0,0.3147076368331909,93,0.07769156247377396,93
FROZEN,S1A_IW_GRDH_1SDV_20230116T103340_20230116T103409_046808_059CB7_rtc,2023-01-16T10:33:54.858970+00:00,2023-01-16,2023Q1,S1A,11,ascending,X1_build_slab__v1,positive_control,LINEAR_POWER_GAMMA0,0.30530160665512085,67,0.08133681863546371,67
FROZEN,S1A_IW_GRDH_1SDV_20230116T103340_20230116T103409_046808_059CB7_rtc,2023-01-16T10:33:54.858970+00:00,2023-01-16,2023Q1,S1A,11,ascending,X2_build_site__v1,positive_control,LINEAR_POWER_GAMMA0,0.24735644459724426,155,0.07479782402515411,155
FROZEN,S1A_IW_GRDH_1SDV_20230123T102527_20230123T102556_046910_05A028_rtc,2023-01-23T10:25:42.273092+00:00,2023-01-23,2023Q1,S1A,113,ascending,T1_ntt_fdc__v1,treatment,LINEAR_POWER_GAMMA0,2.1248087882995605,307,1.018284559249878,307
FROZEN,S1A_IW_GRDH_1SDV_20230123T102527_20230123T102556_046910_05A028_rtc,2023-01-23T10:25:42.273092+00:00,2023-01-23,2023Q1,S1A,113,ascending,C1_hkex_dc__v1,control,LINEAR_POWER_GAMMA0,0.32945480942726135,55,0.05414385348558426,55
FROZEN,S1A_IW_GRDH_1SDV_20230123T102527_20230123T102556_046910_05A028_rtc,2023-01-23T10:25:42.273092+00:00,2023-01-23,2023Q1,S1A,113,ascending,C2b_amc__v2,positive_control,LINEAR_POWER_GAMMA0,2.645664930343628,260,0.6023707389831543,260
FROZEN,S1A_IW_GRDH_1SDV_20230123T102527_20230123T102556_046910_05A028_rtc,2023-01-23T10:25:42.273092+00:00,2023-01-23,2023Q1,S1A,113,ascending,P1_vacant__v1,placebo,LINEAR_POWER_GAMMA0,0.353363037109375,93,0.07256559282541275,93
FROZEN,S1A_IW_GRDH_1SDV_20230123T102527_20230123T102556_046910_05A028_rtc,2023-01-23T10:25:42.273092+00:00,2023-01-23,2023Q1,S1A,113,ascending,X1_build_slab__v1,positive_control,LINEAR_POWER_GAMMA0,1.006934404373169,67,0.15393657982349396,67
FROZEN,S1A_IW_GRDH_1SDV_20230123T102527_20230123T102556_046910_05A028_rtc,2023-01-23T10:25:42.273092+00:00,2023-01-23,2023Q1,S1A,113,ascending,X2_build_site__v1,positive_control,LINEAR_POWER_GAMMA0,0.6419478058815002,155,0.12644636631011963,155
FROZEN,S1A_IW_GRDH_1SDV_20230128T103340_20230128T103409_046983_05A29F_rtc,2023-01-28T10:33:54.932284+00:00,2023-01-28,2023Q1,S1A,11,ascending,T1_ntt_fdc__v1,treatment,LINEAR_POWER_GAMMA0,2.547064781188965,307,1.2956528663635254,307
FROZEN,S1A_IW_GRDH_1SDV_20230128T103340_20230128T103409_046983_05A29F_rtc,2023-01-28T10:33:54.932284+00:00,2023-01-28,2023Q1,S1A,11,ascending,C1_hkex_dc__v1,control,LINEAR_POWER_GAMMA0,0.2606073319911957,55,0.10313745588064194,55
FROZEN,S1A_IW_GRDH_1SDV_20230128T103340_20230128T103409_046983_05A29F_rtc,2023-01-28T10:33:54.932284+00:00,2023-01-28,2023Q1,S1A,11,ascending,C2b_amc__v2,positive_control,LINEAR_POWER_GAMMA0,5.694345474243164,260,0.5327643156051636,260
FROZEN,S1A_IW_GRDH_1SDV_20230128T103340_20230128T103409_046983_05A29F_rtc,2023-01-28T10:33:54.932284+00:00,2023-01-28,2023Q1,S1A,11,ascending,P1_vacant__v1,placebo,LINEAR_POWER_GAMMA0,0.4702136516571045,93,0.08043906092643738,93
FROZEN,S1A_IW_GRDH_1SDV_20230128T103340_20230128T103409_046983_05A29F_rtc,2023-01-28T10:33:54.932284+00:00,2023-01-28,2023Q1,S1A,11,ascending,X1_build_slab__v1,positive_control,LINEAR_POWER_GAMMA0,0.34317201375961304,67,0.06531485170125961,67
FROZEN,S1A_IW_GRDH_1SDV_20230128T103340_20230128T103409_046983_05A29F_rtc,2023-01-28T10:33:54.932284+00:00,2023-01-28,2023Q1,S1A,11,ascending,X2_build_site__v1,positive_control,LINEAR_POWER_GAMMA0,0.26300978660583496,155,0.06711728125810623,155
FROZEN,S1A_IW_GRDH_1SDV_20230204T102527_20230204T102556_047085_05A5FD_rtc,2023-02-04T10:25:41.809907+00:00,2023-02-04,2023Q1,S1A,113,ascending,T1_ntt_fdc__v1,treatment,LINEAR_POWER_GAMMA0,2.1449010372161865,307,1.0107859373092651,307
FROZEN,S1A_IW_GRDH_1SDV_20230204T102527_20230204T102556_047085_05A5FD_rtc,2023-02-04T10:25:41.809907+00:00,2023-02-04,2023Q1,S1A,113,ascending,C1_hkex_dc__v1,control,LINEAR_POWER_GAMMA0,0.33739495277404785,55,0.06599603593349457,55
FROZEN,S1A_IW_GRDH_1SDV_20230204T102527_20230204T102556_047085_05A5FD_rtc,2023-02-04T10:25:41.809907+00:00,2023-02-04,2023Q1,S1A,113,ascending,C2b_amc__v2,positive_control,LINEAR_POWER_GAMMA0,2.985894203186035,260,0.6525859832763672,260
FROZEN,S1A_IW_GRDH_1SDV_20230204T102527_20230204T102556_047085_05A5FD_rtc,2023-02-04T10:25:41.809907+00:00,2023-02-04,2023Q1,S1A,113,ascending,P1_vacant__v1,placebo,LINEAR_POWER_GAMMA0,0.3356661796569824,93,0.06784393638372421,93
FROZEN,S1A_IW_GRDH_1SDV_20230204T102527_20230204T102556_047085_05A5FD_rtc,2023-02-04T10:25:41.809907+00:00,2023-02-04,2023Q1,S1A,113,ascending,X1_build_slab__v1,positive_control,LINEAR_POWER_GAMMA0,0.930868923664093,67,0.13841097056865692,67
FROZEN,S1A_IW_GRDH_1SDV_20230204T102527_20230204T102556_047085_05A5FD_rtc,2023-02-04T10:25:41.809907+00:00,2023-02-04,2023Q1,S1A,113,ascending,X2_build_site__v1,positive_control,LINEAR_POWER_GAMMA0,0.5963847637176514,155,0.1255289614200592,155
FROZEN,S1A_IW_GRDH_1SDV_20230209T103339_20230209T103408_047158_05A875_rtc,2023-02-09T10:33:53.885982+00:00,2023-02-09,2023Q1,S1A,11,ascending,T1_ntt_fdc__v1,treatment,LINEAR_POWER_GAMMA0,3.0843381881713867,307,1.140907883644104,307
FROZEN,S1A_IW_GRDH_1SDV_20230209T103339_20230209T103408_047158_05A875_rtc,2023-02-09T10:33:53.885982+00:00,2023-02-09,2023Q1,S1A,11,ascending,C1_hkex_dc__v1,control,LINEAR_POWER_GAMMA0,0.3165174424648285,55,0.09994041919708252,55
FROZEN,S1A_IW_GRDH_1SDV_20230209T103339_20230209T103408_047158_05A875_rtc,2023-02-09T10:33:53.885982+00:00,2023-02-09,2023Q1,S1A,11,ascending,C2b_amc__v2,positive_control,LINEAR_POWER_GAMMA0,5.438989162445068,260,0.575989305973053,260
FROZEN,S1A_IW_GRDH_1SDV_20230209T103339_20230209T103408_047158_05A875_rtc,2023-02-09T10:33:53.885982+00:00,2023-02-09,2023Q1,S1A,11,ascending,P1_vacant__v1,placebo,LINEAR_POWER_GAMMA0,0.3005087673664093,93,0.0679541602730751,93
FROZEN,S1A_IW_GRDH_1SDV_20230209T103339_20230209T103408_047158_05A875_rtc,2023-02-09T10:33:53.885982+00:00,2023-02-09,2023Q1,S1A,11,ascending,X1_build_slab__v1,positive_control,LINEAR_POWER_GAMMA0,0.24157939851284027,67,0.07237653434276581,67
FROZEN,S1A_IW_GRDH_1SDV_20230209T103339_20230209T103408_047158_05A875_rtc,2023-02-09T10:33:53.885982+00:00,2023-02-09,2023Q1,S1A,11,ascending,X2_build_site__v1,positive_control,LINEAR_POWER_GAMMA0,0.21024693548679352,155,0.06549423187971115,155
FROZEN,S1A_IW_GRDH_1SDV_20230216T102526_20230216T102555_047260_05ABE1_rtc,2023-02-16T10:25:41.142448+00:00,2023-02-16,2023Q1,S1A,113,ascending,T1_ntt_fdc__v1,treatment,LINEAR_POWER_GAMMA0,1.986799716949463,307,0.8474740386009216,307
FROZEN,S1A_IW_GRDH_1SDV_20230216T102526_20230216T102555_047260_05ABE1_rtc,2023-02-16T10:25:41.142448+00:00,2023-02-16,2023Q1,S1A,113,ascending,C1_hkex_dc__v1,control,LINEAR_POWER_GAMMA0,0.3615531027317047,55,0.06988997757434845,55
FROZEN,S1A_IW_GRDH_1SDV_20230216T102526_20230216T102555_047260_05ABE1_rtc,2023-02-16T10:25:41.142448+00:00,2023-02-16,2023Q1,S1A,113,ascending,C2b_amc__v2,positive_control,LINEAR_POWER_GAMMA0,2.5107641220092773,260,0.6891039609909058,260
FROZEN,S1A_IW_GRDH_1SDV_20230216T102526_20230216T102555_047260_05ABE1_rtc,2023-02-16T10:25:41.142448+00:00,2023-02-16,2023Q1,S1A,113,ascending,P1_vacant__v1,placebo,LINEAR_POWER_GAMMA0,0.4560680687427521,93,0.07747573405504227,93
FROZEN,S1A_IW_GRDH_1SDV_20230216T102526_20230216T102555_047260_05ABE1_rtc,2023-02-16T10:25:41.142448+00:00,2023-02-16,2023Q1,S1A,113,ascending,X1_build_slab__v1,positive_control,LINEAR_POWER_GAMMA0,1.0079976320266724,67,0.17813518643379211,67
FROZEN,S1A_IW_GRDH_1SDV_20230216T102526_20230216T102555_047260_05ABE1_rtc,2023-02-16T10:25:41.142448+00:00,2023-02-16,2023Q1,S1A,113,ascending,X2_build_site__v1,positive_control,LINEAR_POWER_GAMMA0,0.6248747706413269,155,0.13684020936489105,155
FROZEN,S1A_IW_GRDH_1SDV_20230221T103339_20230221T103408_047333_05AE6A_rtc,2023-02-21T10:33:53.750077+00:00,2023-02-21,2023Q1,S1A,11,ascending,T1_ntt_fdc__v1,treatment,LINEAR_POWER_GAMMA0,2.855583429336548,307,1.1541032791137695,307
FROZEN,S1A_IW_GRDH_1SDV_20230221T103339_20230221T103408_047333_05AE6A_rtc,2023-02-21T10:33:53.750077+00:00,2023-02-21,2023Q1,S1A,11,ascending,C1_hkex_dc__v1,control,LINEAR_POWER_GAMMA0,0.31525349617004395,55,0.10393665730953217,55
FROZEN,S1A_IW_GRDH_1SDV_20230221T103339_20230221T103408_047333_05AE6A_rtc,2023-02-21T10:33:53.750077+00:00,2023-02-21,2023Q1,S1A,11,ascending,C2b_amc__v2,positive_control,LINEAR_POWER_GAMMA0,5.37485933303833,260,0.6038893461227417,260
FROZEN,S1A_IW_GRDH_1SDV_20230221T103339_20230221T103408_047333_05AE6A_rtc,2023-02-21T10:33:53.750077+00:00,2023-02-21,2023Q1,S1A,11,ascending,P1_vacant__v1,placebo,LINEAR_POWER_GAMMA0,0.2937442660331726,93,0.0776713564991951,93
FROZEN,S1A_IW_GRDH_1SDV_20230221T103339_20230221T103408_047333_05AE6A_rtc,2023-02-21T10:33:53.750077+00:00,2023-02-21,2023Q1,S1A,11,ascending,X1_build_slab__v1,positive_control,LINEAR_POWER_GAMMA0,0.3234325349330902,67,0.06565351039171219,67
FROZEN,S1A_IW_GRDH_1SDV_20230221T103339_20230221T103408_047333_05AE6A_rtc,2023-02-21T10:33:53.750077+00:00,2023-02-21,2023Q1,S1A,11,ascending,X2_build_site__v1,positive_control,LINEAR_POWER_GAMMA0,0.24534913897514343,155,0.06555715203285217,155
FROZEN,S1A_IW_GRDH_1SDV_20230228T102527_20230228T102556_047435_05B1D5_rtc,2023-02-28T10:25:41.529395+00:00,2023-02-28,2023Q1,S1A,113,ascending,T1_ntt_fdc__v1,treatment,LINEAR_POWER_GAMMA0,2.088848114013672,307,0.9186194539070129,307
FROZEN,S1A_IW_GRDH_1SDV_20230228T102527_20230228T102556_047435_05B1D5_rtc,2023-02-28T10:25:41.529395+00:00,2023-02-28,2023Q1,S1A,113,ascending,C1_hkex_dc__v1,control,LINEAR_POWER_GAMMA0,0.33905965089797974,55,0.06890805810689926,55
FROZEN,S1A_IW_GRDH_1SDV_20230228T102527_20230228T102556_047435_05B1D5_rtc,2023-02-28T10:25:41.529395+00:00,2023-02-28,2023Q1,S1A,113,ascending,C2b_amc__v2,positive_control,LINEAR_POWER_GAMMA0,2.5651495456695557,260,0.5952688455581665,260
FROZEN,S1A_IW_GRDH_1SDV_20230228T102527_20230228T102556_047435_05B1D5_rtc,2023-02-28T10:25:41.529395+00:00,2023-02-28,2023Q1,S1A,113,ascending,P1_vacant__v1,placebo,LINEAR_POWER_GAMMA0,2.436194896697998,93,0.119672030210495,93
FROZEN,S1A_IW_GRDH_1SDV_20230228T102527_20230228T102556_047435_05B1D5_rtc,2023-02-28T10:25:41.529395+00:00,2023-02-28,2023Q1,S1A,113,ascending,X1_build_slab__v1,positive_control,LINEAR_POWER_GAMMA0,0.9380102753639221,67,0.15890295803546906,67
FROZEN,S1A_IW_GRDH_1SDV_20230228T102527_20230228T102556_047435_05B1D5_rtc,2023-02-28T10:25:41.529395+00:00,2023-02-28,2023Q1,S1A,113,ascending,X2_build_site__v1,positive_control,LINEAR_POWER_GAMMA0,0.6303628087043762,155,0.1348234862089157,155
FROZEN,S1A_IW_GRDH_1SDV_20230305T103339_20230305T103408_047508_05B454_rtc,2023-03-05T10:33:54.222599+00:00,2023-03-05,2023Q1,S1A,11,ascending,T1_ntt_fdc__v1,treatment,LINEAR_POWER_GAMMA0,2.5754125118255615,307,1.3850762844085693,307
FROZEN,S1A_IW_GRDH_1SDV_20230305T103339_20230305T103408_047508_05B454_rtc,2023-03-05T10:33:54.222599+00:00,2023-03-05,2023Q1,S1A,11,ascending,C1_hkex_dc__v1,control,LINEAR_POWER_GAMMA0,0.26828622817993164,55,0.08423613756895065,55
FROZEN,S1A_IW_GRDH_1SDV_20230305T103339_20230305T103408_047508_05B454_rtc,2023-03-05T10:33:54.222599+00:00,2023-03-05,2023Q1,S1A,11,ascending,C2b_amc__v2,positive_control,LINEAR_POWER_GAMMA0,5.705545902252197,260,0.5889755487442017,260
FROZEN,S1A_IW_GRDH_1SDV_20230305T103339_20230305T103408_047508_05B454_rtc,2023-03-05T10:33:54.222599+00:00,2023-03-05,2023Q1,S1A,11,ascending,P1_vacant__v1,placebo,LINEAR_POWER_GAMMA0,0.2441876083612442,93,0.06954328715801239,93
FROZEN,S1A_IW_GRDH_1SDV_20230305T103339_20230305T103408_047508_05B454_rtc,2023-03-05T10:33:54.222599+00:00,2023-03-05,2023Q1,S1A,11,ascending,X1_build_slab__v1,positive_control,LINEAR_POWER_GAMMA0,0.3022415041923523,67,0.06853961199522018,67
FROZEN,S1A_IW_GRDH_1SDV_20230305T103339_20230305T103408_047508_05B454_rtc,2023-03-05T10:33:54.222599+00:00,2023-03-05,2023Q1,S1A,11,ascending,X2_build_site__v1,positive_control,LINEAR_POWER_GAMMA0,0.26190119981765747,155,0.06683658808469772,155
FROZEN,S1A_IW_GRDH_1SDV_20230312T102526_20230312T102555_047610_05B7BE_rtc,2023-03-12T10:25:41.312956+00:00,2023-03-12,2023Q1,S1A,113,ascending,T1_ntt_fdc__v1,treatment,LINEAR_POWER_GAMMA0,2.9020578861236572,307,1.1971349716186523,307
FROZEN,S1A_IW_GRDH_1SDV_20230312T102526_20230312T102555_047610_05B7BE_rtc,2023-03-12T10:25:41.312956+00:00,2023-03-12,2023Q1,S1A,113,ascending,C1_hkex_dc__v1,control,LINEAR_POWER_GAMMA0,0.3375506103038788,55,0.046151403337717056,55
FROZEN,S1A_IW_GRDH_1SDV_20230312T102526_20230312T102555_047610_05B7BE_rtc,2023-03-12T10:25:41.312956+00:00,2023-03-12,2023Q1,S1A,113,ascending,C2b_amc__v2,positive_control,LINEAR_POWER_GAMMA0,3.038012742996216,260,0.6711193323135376,260
FROZEN,S1A_IW_GRDH_1SDV_20230312T102526_20230312T102555_047610_05B7BE_rtc,2023-03-12T10:25:41.312956+00:00,2023-03-12,2023Q1,S1A,113,ascending,P1_vacant__v1,placebo,LINEAR_POWER_GAMMA0,0.29038524627685547,93,0.07734028995037079,93
FROZEN,S1A_IW_GRDH_1SDV_20230312T102526_20230312T102555_047610_05B7BE_rtc,2023-03-12T10:25:41.312956+00:00,2023-03-12,2023Q1,S1A,113,ascending,X1_build_slab__v1,positive_control,LINEAR_POWER_GAMMA0,0.9614838361740112,67,0.1323377788066864,67
FROZEN,S1A_IW_GRDH_1SDV_20230312T102526_20230312T102555_047610_05B7BE_rtc,2023-03-12T10:25:41.312956+00:00,2023-03-12,2023Q1,S1A,113,ascending,X2_build_site__v1,positive_control,LINEAR_POWER_GAMMA0,0.6086862683296204,155,0.11394020915031433,155
FROZEN,S1A_IW_GRDH_1SDV_20230317T103339_20230317T103408_047683_05BA3E_rtc,2023-03-17T10:33:53.828606+00:00,2023-03-17,2023Q1,S1A,11,ascending,T1_ntt_fdc__v1,treatment,LINEAR_POWER_GAMMA0,2.9541735649108887,307,1.1499513387680054,307
FROZEN,S1A_IW_GRDH_1SDV_20230317T103339_20230317T103408_047683_05BA3E_rtc,2023-03-17T10:33:53.828606+00:00,2023-03-17,2023Q1,S1A,11,ascending,C1_hkex_dc__v1,control,LINEAR_POWER_GAMMA0,0.2964734435081482,55,0.08630581200122833,55
FROZEN,S1A_IW_GRDH_1SDV_20230317T103339_20230317T103408_047683_05BA3E_rtc,2023-03-17T10:33:53.828606+00:00,2023-03-17,2023Q1,S1A,11,ascending,C2b_amc__v2,positive_control,LINEAR_POWER_GAMMA0,5.340731143951416,260,0.6225551962852478,260
FROZEN,S1A_IW_GRDH_1SDV_20230317T103339_20230317T103408_047683_05BA3E_rtc,2023-03-17T10:33:53.828606+00:00,2023-03-17,2023Q1,S1A,11,ascending,P1_vacant__v1,placebo,LINEAR_POWER_GAMMA0,0.3167847990989685,93,0.09355093538761139,93
FROZEN,S1A_IW_GRDH_1SDV_20230317T103339_20230317T103408_047683_05BA3E_rtc,2023-03-17T10:33:53.828606+00:00,2023-03-17,2023Q1,S1A,11,ascending,X1_build_slab__v1,positive_control,LINEAR_POWER_GAMMA0,0.3349155783653259,67,0.06792854517698288,67
FROZEN,S1A_IW_GRDH_1SDV_20230317T103339_20230317T103408_047683_05BA3E_rtc,2023-03-17T10:33:53.828606+00:00,2023-03-17,2023Q1,S1A,11,ascending,X2_build_site__v1,positive_control,LINEAR_POWER_GAMMA0,0.2830386757850647,155,0.06331343203783035,155
FROZEN,S1A_IW_GRDH_1SDV_20230324T102527_20230324T102556_047785_05BDA4_rtc,2023-03-24T10:25:41.521203+00:00,2023-03-24,2023Q1,S1A,113,ascending,T1_ntt_fdc__v1,treatment,LINEAR_POWER_GAMMA0,2.159461498260498,307,0.8833975791931152,307
FROZEN,S1A_IW_GRDH_1SDV_20230324T102527_20230324T102556_047785_05BDA4_rtc,2023-03-24T10:25:41.521203+00:00,2023-03-24,2023Q1,S1A,113,ascending,C1_hkex_dc__v1,control,LINEAR_POWER_GAMMA0,0.30826908349990845,55,0.05523858591914177,55
FROZEN,S1A_IW_GRDH_1SDV_20230324T102527_20230324T102556_047785_05BDA4_rtc,2023-03-24T10:25:41.521203+00:00,2023-03-24,2023Q1,S1A,113,ascending,C2b_amc__v2,positive_control,LINEAR_POWER_GAMMA0,2.908557653427124,260,0.6362515687942505,260
FROZEN,S1A_IW_GRDH_1SDV_20230324T102527_20230324T102556_047785_05BDA4_rtc,2023-03-24T10:25:41.521203+00:00,2023-03-24,2023Q1,S1A,113,ascending,P1_vacant__v1,placebo,LINEAR_POWER_GAMMA0,0.26554426550865173,93,0.08496808260679245,93
FROZEN,S1A_IW_GRDH_1SDV_20230324T102527_20230324T102556_047785_05BDA4_rtc,2023-03-24T10:25:41.521203+00:00,2023-03-24,2023Q1,S1A,113,ascending,X1_build_slab__v1,positive_control,LINEAR_POWER_GAMMA0,0.9414300918579102,67,0.1506464183330536,67
FROZEN,S1A_IW_GRDH_1SDV_20230324T102527_20230324T102556_047785_05BDA4_rtc,2023-03-24T10:25:41.521203+00:00,2023-03-24,2023Q1,S1A,113,ascending,X2_build_site__v1,positive_control,LINEAR_POWER_GAMMA0,0.610710084438324,155,0.1242503896355629,155
FROZEN,S1A_IW_GRDH_1SDV_20230405T102527_20230405T102556_047960_05C38B_rtc,2023-04-05T10:25:41.608358+00:00,2023-04-05,2023Q2,S1A,113,ascending,T1_ntt_fdc__v1,treatment,LINEAR_POWER_GAMMA0,2.3276612758636475,307,0.9371783137321472,307
FROZEN,S1A_IW_GRDH_1SDV_20230405T102527_20230405T102556_047960_05C38B_rtc,2023-04-05T10:25:41.608358+00:00,2023-04-05,2023Q2,S1A,113,ascending,C1_hkex_dc__v1,control,LINEAR_POWER_GAMMA0,0.3688572347164154,55,0.06253205984830856,55
FROZEN,S1A_IW_GRDH_1SDV_20230405T102527_20230405T102556_047960_05C38B_rtc,2023-04-05T10:25:41.608358+00:00,2023-04-05,2023Q2,S1A,113,ascending,C2b_amc__v2,positive_control,LINEAR_POWER_GAMMA0,3.359936475753784,260,0.8540821671485901,260
FROZEN,S1A_IW_GRDH_1SDV_20230405T102527_20230405T102556_047960_05C38B_rtc,2023-04-05T10:25:41.608358+00:00,2023-04-05,2023Q2,S1A,113,ascending,P1_vacant__v1,placebo,LINEAR_POWER_GAMMA0,0.4649484157562256,93,0.08201546967029572,93
FROZEN,S1A_IW_GRDH_1SDV_20230405T102527_20230405T102556_047960_05C38B_rtc,2023-04-05T10:25:41.608358+00:00,2023-04-05,2023Q2,S1A,113,ascending,X1_build_slab__v1,positive_control,LINEAR_POWER_GAMMA0,0.9929211735725403,67,0.1570659577846527,67
FROZEN,S1A_IW_GRDH_1SDV_20230405T102527_20230405T102556_047960_05C38B_rtc,2023-04-05T10:25:41.608358+00:00,2023-04-05,2023Q2,S1A,113,ascending,X2_build_site__v1,positive_control,LINEAR_POWER_GAMMA0,0.628386378288269,155,0.12624120712280273,155
FROZEN,S1A_IW_GRDH_1SDV_20230410T103340_20230410T103409_048033_05C60D_rtc,2023-04-10T10:33:54.894715+00:00,2023-04-10,2023Q2,S1A,11,ascending,T1_ntt_fdc__v1,treatment,LINEAR_POWER_GAMMA0,2.863158941268921,307,1.509591817855835,307
FROZEN,S1A_IW_GRDH_1SDV_20230410T103340_20230410T103409_048033_05C60D_rtc,2023-04-10T10:33:54.894715+00:00,2023-04-10,2023Q2,S1A,11,ascending,C1_hkex_dc__v1,control,LINEAR_POWER_GAMMA0,0.32196131348609924,55,0.09278412163257599,55
FROZEN,S1A_IW_GRDH_1SDV_20230410T103340_20230410T103409_048033_05C60D_rtc,2023-04-10T10:33:54.894715+00:00,2023-04-10,2023Q2,S1A,11,ascending,C2b_amc__v2,positive_control,LINEAR_POWER_GAMMA0,6.392757415771484,260,0.6534742712974548,260
FROZEN,S1A_IW_GRDH_1SDV_20230410T103340_20230410T103409_048033_05C60D_rtc,2023-04-10T10:33:54.894715+00:00,2023-04-10,2023Q2,S1A,11,ascending,P1_vacant__v1,placebo,LINEAR_POWER_GAMMA0,0.294925719499588,93,0.09137006849050522,93
FROZEN,S1A_IW_GRDH_1SDV_20230410T103340_20230410T103409_048033_05C60D_rtc,2023-04-10T10:33:54.894715+00:00,2023-04-10,2023Q2,S1A,11,ascending,X1_build_slab__v1,positive_control,LINEAR_POWER_GAMMA0,0.2664397954940796,67,0.06213773041963577,67
FROZEN,S1A_IW_GRDH_1SDV_20230410T103340_20230410T103409_048033_05C60D_rtc,2023-04-10T10:33:54.894715+00:00,2023-04-10,2023Q2,S1A,11,ascending,X2_build_site__v1,positive_control,LINEAR_POWER_GAMMA0,0.24043425917625427,155,0.06701508909463882,155
FROZEN,S1A_IW_GRDH_1SDV_20230417T102527_20230417T102556_048135_05C976_rtc,2023-04-17T10:25:42.145622+00:00,2023-04-17,2023Q2,S1A,113,ascending,T1_ntt_fdc__v1,treatment,LINEAR_POWER_GAMMA0,2.195328950881958,307,0.9836814403533936,307
FROZEN,S1A_IW_GRDH_1SDV_20230417T102527_20230417T102556_048135_05C976_rtc,2023-04-17T10:25:42.145622+00:00,2023-04-17,2023Q2,S1A,113,ascending,C1_hkex_dc__v1,control,LINEAR_POWER_GAMMA0,0.4375073313713074,55,0.06745699793100357,55
FROZEN,S1A_IW_GRDH_1SDV_20230417T102527_20230417T102556_048135_05C976_rtc,2023-04-17T10:25:42.145622+00:00,2023-04-17,2023Q2,S1A,113,ascending,C2b_amc__v2,positive_control,LINEAR_POWER_GAMMA0,2.7600936889648438,260,0.6916791796684265,260
FROZEN,S1A_IW_GRDH_1SDV_20230417T102527_20230417T102556_048135_05C976_rtc,2023-04-17T10:25:42.145622+00:00,2023-04-17,2023Q2,S1A,113,ascending,P1_vacant__v1,placebo,LINEAR_POWER_GAMMA0,0.21164458990097046,93,0.07934301346540451,93
FROZEN,S1A_IW_GRDH_1SDV_20230417T102527_20230417T102556_048135_05C976_rtc,2023-04-17T10:25:42.145622+00:00,2023-04-17,2023Q2,S1A,113,ascending,X1_build_slab__v1,positive_control,LINEAR_POWER_GAMMA0,0.8786548972129822,67,0.13840724527835846,67
FROZEN,S1A_IW_GRDH_1SDV_20230417T102527_20230417T102556_048135_05C976_rtc,2023-04-17T10:25:42.145622+00:00,2023-04-17,2023Q2,S1A,113,ascending,X2_build_site__v1,positive_control,LINEAR_POWER_GAMMA0,0.5931373238563538,155,0.12216902524232864,155
FROZEN,S1A_IW_GRDH_1SDV_20230422T103340_20230422T103409_048208_05CBE6_rtc,2023-04-22T10:33:54.936470+00:00,2023-04-22,2023Q2,S1A,11,ascending,T1_ntt_fdc__v1,treatment,LINEAR_POWER_GAMMA0,3.8646793365478516,307,1.4402296543121338,307
FROZEN,S1A_IW_GRDH_1SDV_20230422T103340_20230422T103409_048208_05CBE6_rtc,2023-04-22T10:33:54.936470+00:00,2023-04-22,2023Q2,S1A,11,ascending,C1_hkex_dc__v1,control,LINEAR_POWER_GAMMA0,0.3239578902721405,55,0.08732852339744568,55
FROZEN,S1A_IW_GRDH_1SDV_20230422T103340_20230422T103409_048208_05CBE6_rtc,2023-04-22T10:33:54.936470+00:00,2023-04-22,2023Q2,S1A,11,ascending,C2b_amc__v2,positive_control,LINEAR_POWER_GAMMA0,13.975290298461914,260,1.06401789188385,260
FROZEN,S1A_IW_GRDH_1SDV_20230422T103340_20230422T103409_048208_05CBE6_rtc,2023-04-22T10:33:54.936470+00:00,2023-04-22,2023Q2,S1A,11,ascending,P1_vacant__v1,placebo,LINEAR_POWER_GAMMA0,0.40207868814468384,93,0.10513272881507874,93
FROZEN,S1A_IW_GRDH_1SDV_20230422T103340_20230422T103409_048208_05CBE6_rtc,2023-04-22T10:33:54.936470+00:00,2023-04-22,2023Q2,S1A,11,ascending,X1_build_slab__v1,positive_control,LINEAR_POWER_GAMMA0,0.3778766691684723,67,0.07618581503629684,67
FROZEN,S1A_IW_GRDH_1SDV_20230422T103340_20230422T103409_048208_05CBE6_rtc,2023-04-22T10:33:54.936470+00:00,2023-04-22,2023Q2,S1A,11,ascending,X2_build_site__v1,positive_control,LINEAR_POWER_GAMMA0,0.38624560832977295,155,0.08601395785808563,155
FROZEN,S1A_IW_GRDH_1SDV_20230429T102528_20230429T102557_048310_05CF56_rtc,2023-04-29T10:25:42.816335+00:00,2023-04-29,2023Q2,S1A,113,ascending,T1_ntt_fdc__v1,treatment,LINEAR_POWER_GAMMA0,2.4498894214630127,307,0.9741795659065247,307
FROZEN,S1A_IW_GRDH_1SDV_20230429T102528_20230429T102557_048310_05CF56_rtc,2023-04-29T10:25:42.816335+00:00,2023-04-29,2023Q2,S1A,113,ascending,C1_hkex_dc__v1,control,LINEAR_POWER_GAMMA0,0.42513659596443176,55,0.09282783418893814,55
FROZEN,S1A_IW_GRDH_1SDV_20230429T102528_20230429T102557_048310_05CF56_rtc,2023-04-29T10:25:42.816335+00:00,2023-04-29,2023Q2,S1A,113,ascending,C2b_amc__v2,positive_control,LINEAR_POWER_GAMMA0,4.778669834136963,260,0.9019950032234192,260
FROZEN,S1A_IW_GRDH_1SDV_20230429T102528_20230429T102557_048310_05CF56_rtc,2023-04-29T10:25:42.816335+00:00,2023-04-29,2023Q2,S1A,113,ascending,P1_vacant__v1,placebo,LINEAR_POWER_GAMMA0,2.108229398727417,93,0.15620358288288116,93
FROZEN,S1A_IW_GRDH_1SDV_20230429T102528_20230429T102557_048310_05CF56_rtc,2023-04-29T10:25:42.816335+00:00,2023-04-29,2023Q2,S1A,113,ascending,X1_build_slab__v1,positive_control,LINEAR_POWER_GAMMA0,0.8879057765007019,67,0.14493535459041595,67
FROZEN,S1A_IW_GRDH_1SDV_20230429T102528_20230429T102557_048310_05CF56_rtc,2023-04-29T10:25:42.816335+00:00,2023-04-29,2023Q2,S1A,113,ascending,X2_build_site__v1,positive_control,LINEAR_POWER_GAMMA0,0.6058104038238525,155,0.12145090103149414,155
FROZEN,S1A_IW_GRDH_1SDV_20230504T103341_20230504T103410_048383_05D1C5_rtc,2023-05-04T10:33:55.602702+00:00,2023-05-04,2023Q2,S1A,11,ascending,T1_ntt_fdc__v1,treatment,LINEAR_POWER_GAMMA0,2.7604496479034424,307,1.2456871271133423,307
FROZEN,S1A_IW_GRDH_1SDV_20230504T103341_20230504T103410_048383_05D1C5_rtc,2023-05-04T10:33:55.602702+00:00,2023-05-04,2023Q2,S1A,11,ascending,C1_hkex_dc__v1,control,LINEAR_POWER_GAMMA0,0.301159143447876,55,0.09362466633319855,55
FROZEN,S1A_IW_GRDH_1SDV_20230504T103341_20230504T103410_048383_05D1C5_rtc,2023-05-04T10:33:55.602702+00:00,2023-05-04,2023Q2,S1A,11,ascending,C2b_amc__v2,positive_control,LINEAR_POWER_GAMMA0,5.96120548248291,260,0.6996519565582275,260
FROZEN,S1A_IW_GRDH_1SDV_20230504T103341_20230504T103410_048383_05D1C5_rtc,2023-05-04T10:33:55.602702+00:00,2023-05-04,2023Q2,S1A,11,ascending,P1_vacant__v1,placebo,LINEAR_POWER_GAMMA0,0.30545568466186523,93,0.08643835037946701,93
FROZEN,S1A_IW_GRDH_1SDV_20230504T103341_20230504T103410_048383_05D1C5_rtc,2023-05-04T10:33:55.602702+00:00,2023-05-04,2023Q2,S1A,11,ascending,X1_build_slab__v1,positive_control,LINEAR_POWER_GAMMA0,0.29910415410995483,67,0.06389643251895905,67
FROZEN,S1A_IW_GRDH_1SDV_20230504T103341_20230504T103410_048383_05D1C5_rtc,2023-05-04T10:33:55.602702+00:00,2023-05-04,2023Q2,S1A,11,ascending,X2_build_site__v1,positive_control,LINEAR_POWER_GAMMA0,0.2510765790939331,155,0.06712069362401962,155
FROZEN,S1A_IW_GRDH_1SDV_20230511T102528_20230511T102557_048485_05D508_rtc,2023-05-11T10:25:43.166421+00:00,2023-05-11,2023Q2,S1A,113,ascending,T1_ntt_fdc__v1,treatment,LINEAR_POWER_GAMMA0,2.194453239440918,307,1.0324910879135132,307
FROZEN,S1A_IW_GRDH_1SDV_20230511T102528_20230511T102557_048485_05D508_rtc,2023-05-11T10:25:43.166421+00:00,2023-05-11,2023Q2,S1A,113,ascending,C1_hkex_dc__v1,control,LINEAR_POWER_GAMMA0,0.36915212869644165,55,0.0816340520977974,55
FROZEN,S1A_IW_GRDH_1SDV_20230511T102528_20230511T102557_048485_05D508_rtc,2023-05-11T10:25:43.166421+00:00,2023-05-11,2023Q2,S1A,113,ascending,C2b_amc__v2,positive_control,LINEAR_POWER_GAMMA0,3.1081981658935547,260,0.7370660901069641,260
FROZEN,S1A_IW_GRDH_1SDV_20230511T102528_20230511T102557_048485_05D508_rtc,2023-05-11T10:25:43.166421+00:00,2023-05-11,2023Q2,S1A,113,ascending,P1_vacant__v1,placebo,LINEAR_POWER_GAMMA0,0.6016601920127869,93,0.10670598596334457,93
FROZEN,S1A_IW_GRDH_1SDV_20230511T102528_20230511T102557_048485_05D508_rtc,2023-05-11T10:25:43.166421+00:00,2023-05-11,2023Q2,S1A,113,ascending,X1_build_slab__v1,positive_control,LINEAR_POWER_GAMMA0,1.0669714212417603,67,0.1438816338777542,67
FROZEN,S1A_IW_GRDH_1SDV_20230511T102528_20230511T102557_048485_05D508_rtc,2023-05-11T10:25:43.166421+00:00,2023-05-11,2023Q2,S1A,113,ascending,X2_build_site__v1,positive_control,LINEAR_POWER_GAMMA0,0.7038335800170898,155,0.13612939417362213,155
FROZEN,S1A_IW_GRDH_1SDV_20230523T102529_20230523T102558_048660_05DA38_rtc,2023-05-23T10:25:43.907123+00:00,2023-05-23,2023Q2,S1A,113,ascending,T1_ntt_fdc__v1,treatment,LINEAR_POWER_GAMMA0,2.5409963130950928,307,1.0930233001708984,307
FROZEN,S1A_IW_GRDH_1SDV_20230523T102529_20230523T102558_048660_05DA38_rtc,2023-05-23T10:25:43.907123+00:00,2023-05-23,2023Q2,S1A,113,ascending,C1_hkex_dc__v1,control,LINEAR_POWER_GAMMA0,0.36689016222953796,55,0.1113821268081665,55
FROZEN,S1A_IW_GRDH_1SDV_20230523T102529_20230523T102558_048660_05DA38_rtc,2023-05-23T10:25:43.907123+00:00,2023-05-23,2023Q2,S1A,113,ascending,C2b_amc__v2,positive_control,LINEAR_POWER_GAMMA0,5.361812591552734,260,0.8992074728012085,260
FROZEN,S1A_IW_GRDH_1SDV_20230523T102529_20230523T102558_048660_05DA38_rtc,2023-05-23T10:25:43.907123+00:00,2023-05-23,2023Q2,S1A,113,ascending,P1_vacant__v1,placebo,LINEAR_POWER_GAMMA0,0.6040601134300232,93,0.08381678909063339,93
FROZEN,S1A_IW_GRDH_1SDV_20230523T102529_20230523T102558_048660_05DA38_rtc,2023-05-23T10:25:43.907123+00:00,2023-05-23,2023Q2,S1A,113,ascending,X1_build_slab__v1,positive_control,LINEAR_POWER_GAMMA0,1.0954400300979614,67,0.15157508850097656,67
FROZEN,S1A_IW_GRDH_1SDV_20230523T102529_20230523T102558_048660_05DA38_rtc,2023-05-23T10:25:43.907123+00:00,2023-05-23,2023Q2,S1A,113,ascending,X2_build_site__v1,positive_control,LINEAR_POWER_GAMMA0,0.7163478136062622,155,0.13448025286197662,155
FROZEN,S1A_IW_GRDH_1SDV_20230604T102529_20230604T102558_048835_05DF6C_rtc,2023-06-04T10:25:44.471596+00:00,2023-06-04,2023Q2,S1A,113,ascending,T1_ntt_fdc__v1,treatment,LINEAR_POWER_GAMMA0,1.9464572668075562,307,0.8763342499732971,307
FROZEN,S1A_IW_GRDH_1SDV_20230604T102529_20230604T102558_048835_05DF6C_rtc,2023-06-04T10:25:44.471596+00:00,2023-06-04,2023Q2,S1A,113,ascending,C1_hkex_dc__v1,control,LINEAR_POWER_GAMMA0,0.3832704722881317,55,0.04818239063024521,55
FROZEN,S1A_IW_GRDH_1SDV_20230604T102529_20230604T102558_048835_05DF6C_rtc,2023-06-04T10:25:44.471596+00:00,2023-06-04,2023Q2,S1A,113,ascending,C2b_amc__v2,positive_control,LINEAR_POWER_GAMMA0,2.8659186363220215,260,0.6266164779663086,260
FROZEN,S1A_IW_GRDH_1SDV_20230604T102529_20230604T102558_048835_05DF6C_rtc,2023-06-04T10:25:44.471596+00:00,2023-06-04,2023Q2,S1A,113,ascending,P1_vacant__v1,placebo,LINEAR_POWER_GAMMA0,0.5081773996353149,93,0.07705917209386826,93
FROZEN,S1A_IW_GRDH_1SDV_20230604T102529_20230604T102558_048835_05DF6C_rtc,2023-06-04T10:25:44.471596+00:00,2023-06-04,2023Q2,S1A,113,ascending,X1_build_slab__v1,positive_control,LINEAR_POWER_GAMMA0,0.990110456943512,67,0.1404576152563095,67
FROZEN,S1A_IW_GRDH_1SDV_20230604T102529_20230604T102558_048835_05DF6C_rtc,2023-06-04T10:25:44.471596+00:00,2023-06-04,2023Q2,S1A,113,ascending,X2_build_site__v1,positive_control,LINEAR_POWER_GAMMA0,0.6345157623291016,155,0.1197756826877594,155
FROZEN,S1A_IW_GRDH_1SDV_20230609T103342_20230609T103411_048908_05E1A9_rtc,2023-06-09T10:33:57.250421+00:00,2023-06-09,2023Q2,S1A,11,ascending,T1_ntt_fdc__v1,treatment,LINEAR_POWER_GAMMA0,2.820626974105835,307,0.969033420085907,307
FROZEN,S1A_IW_GRDH_1SDV_20230609T103342_20230609T103411_048908_05E1A9_rtc,2023-06-09T10:33:57.250421+00:00,2023-06-09,2023Q2,S1A,11,ascending,C1_hkex_dc__v1,control,LINEAR_POWER_GAMMA0,0.3026731014251709,55,0.09856893867254257,55
FROZEN,S1A_IW_GRDH_1SDV_20230609T103342_20230609T103411_048908_05E1A9_rtc,2023-06-09T10:33:57.250421+00:00,2023-06-09,2023Q2,S1A,11,ascending,C2b_amc__v2,positive_control,LINEAR_POWER_GAMMA0,6.400518894195557,260,0.6165606379508972,260
FROZEN,S1A_IW_GRDH_1SDV_20230609T103342_20230609T103411_048908_05E1A9_rtc,2023-06-09T10:33:57.250421+00:00,2023-06-09,2023Q2,S1A,11,ascending,P1_vacant__v1,placebo,LINEAR_POWER_GAMMA0,0.4630841016769409,93,0.08868419378995895,93
FROZEN,S1A_IW_GRDH_1SDV_20230609T103342_20230609T103411_048908_05E1A9_rtc,2023-06-09T10:33:57.250421+00:00,2023-06-09,2023Q2,S1A,11,ascending,X1_build_slab__v1,positive_control,LINEAR_POWER_GAMMA0,0.33764535188674927,67,0.0736609399318695,67
FROZEN,S1A_IW_GRDH_1SDV_20230609T103342_20230609T103411_048908_05E1A9_rtc,2023-06-09T10:33:57.250421+00:00,2023-06-09,2023Q2,S1A,11,ascending,X2_build_site__v1,positive_control,LINEAR_POWER_GAMMA0,0.3831592798233032,155,0.07716445624828339,155
FROZEN,S1A_IW_GRDH_1SDV_20230616T102530_20230616T102559_049010_05E4C1_rtc,2023-06-16T10:25:45.261686+00:00,2023-06-16,2023Q2,S1A,113,ascending,T1_ntt_fdc__v1,treatment,LINEAR_POWER_GAMMA0,3.4530868530273438,307,1.3848260641098022,307
FROZEN,S1A_IW_GRDH_1SDV_20230616T102530_20230616T102559_049010_05E4C1_rtc,2023-06-16T10:25:45.261686+00:00,2023-06-16,2023Q2,S1A,113,ascending,C1_hkex_dc__v1,control,LINEAR_POWER_GAMMA0,0.38562682271003723,55,0.11540605872869492,55
FROZEN,S1A_IW_GRDH_1SDV_20230616T102530_20230616T102559_049010_05E4C1_rtc,2023-06-16T10:25:45.261686+00:00,2023-06-16,2023Q2,S1A,113,ascending,C2b_amc__v2,positive_control,LINEAR_POWER_GAMMA0,7.614552974700928,260,0.9679479598999023,260
FROZEN,S1A_IW_GRDH_1SDV_20230616T102530_20230616T102559_049010_05E4C1_rtc,2023-06-16T10:25:45.261686+00:00,2023-06-16,2023Q2,S1A,113,ascending,P1_vacant__v1,placebo,LINEAR_POWER_GAMMA0,0.3680132329463959,93,0.12056320905685425,93
FROZEN,S1A_IW_GRDH_1SDV_20230616T102530_20230616T102559_049010_05E4C1_rtc,2023-06-16T10:25:45.261686+00:00,2023-06-16,2023Q2,S1A,113,ascending,X1_build_slab__v1,positive_control,LINEAR_POWER_GAMMA0,0.9705690741539001,67,0.13565844297409058,67
FROZEN,S1A_IW_GRDH_1SDV_20230616T102530_20230616T102559_049010_05E4C1_rtc,2023-06-16T10:25:45.261686+00:00,2023-06-16,2023Q2,S1A,113,ascending,X2_build_site__v1,positive_control,LINEAR_POWER_GAMMA0,0.7040185928344727,155,0.13574831187725067,155
FROZEN,S1A_IW_GRDH_1SDV_20230621T103343_20230621T103412_049083_05E700_rtc,2023-06-21T10:33:57.896688+00:00,2023-06-21,2023Q2,S1A,11,ascending,T1_ntt_fdc__v1,treatment,LINEAR_POWER_GAMMA0,2.8587138652801514,307,1.071313500404358,307
FROZEN,S1A_IW_GRDH_1SDV_20230621T103343_20230621T103412_049083_05E700_rtc,2023-06-21T10:33:57.896688+00:00,2023-06-21,2023Q2,S1A,11,ascending,C1_hkex_dc__v1,control,LINEAR_POWER_GAMMA0,0.2894459366798401,55,0.08678251504898071,55
FROZEN,S1A_IW_GRDH_1SDV_20230621T103343_20230621T103412_049083_05E700_rtc,2023-06-21T10:33:57.896688+00:00,2023-06-21,2023Q2,S1A,11,ascending,C2b_amc__v2,positive_control,LINEAR_POWER_GAMMA0,6.577352046966553,260,0.6665447354316711,260
FROZEN,S1A_IW_GRDH_1SDV_20230621T103343_20230621T103412_049083_05E700_rtc,2023-06-21T10:33:57.896688+00:00,2023-06-21,2023Q2,S1A,11,ascending,P1_vacant__v1,placebo,LINEAR_POWER_GAMMA0,0.34379148483276367,93,0.07830710709095001,93
FROZEN,S1A_IW_GRDH_1SDV_20230621T103343_20230621T103412_049083_05E700_rtc,2023-06-21T10:33:57.896688+00:00,2023-06-21,2023Q2,S1A,11,ascending,X1_build_slab__v1,positive_control,LINEAR_POWER_GAMMA0,0.30053094029426575,67,0.06686011701822281,67
FROZEN,S1A_IW_GRDH_1SDV_20230621T103343_20230621T103412_049083_05E700_rtc,2023-06-21T10:33:57.896688+00:00,2023-06-21,2023Q2,S1A,11,ascending,X2_build_site__v1,positive_control,LINEAR_POWER_GAMMA0,0.31542128324508667,155,0.07112128287553787,155
FROZEN,S1A_IW_GRDH_1SDV_20230628T102530_20230628T102559_049185_05EA14_rtc,2023-06-28T10:25:45.329831+00:00,2023-06-28,2023Q2,S1A,113,ascending,T1_ntt_fdc__v1,treatment,LINEAR_POWER_GAMMA0,2.2037453651428223,307,0.9335388541221619,307
FROZEN,S1A_IW_GRDH_1SDV_20230628T102530_20230628T102559_049185_05EA14_rtc,2023-06-28T10:25:45.329831+00:00,2023-06-28,2023Q2,S1A,113,ascending,C1_hkex_dc__v1,control,LINEAR_POWER_GAMMA0,0.3775758445262909,55,0.09855888783931732,55
FROZEN,S1A_IW_GRDH_1SDV_20230628T102530_20230628T102559_049185_05EA14_rtc,2023-06-28T10:25:45.329831+00:00,2023-06-28,2023Q2,S1A,113,ascending,C2b_amc__v2,positive_control,LINEAR_POWER_GAMMA0,3.6041884422302246,260,0.7526962757110596,260
FROZEN,S1A_IW_GRDH_1SDV_20230628T102530_20230628T102559_049185_05EA14_rtc,2023-06-28T10:25:45.329831+00:00,2023-06-28,2023Q2,S1A,113,ascending,P1_vacant__v1,placebo,LINEAR_POWER_GAMMA0,0.31097212433815,93,0.09713132679462433,93
FROZEN,S1A_IW_GRDH_1SDV_20230628T102530_20230628T102559_049185_05EA14_rtc,2023-06-28T10:25:45.329831+00:00,2023-06-28,2023Q2,S1A,113,ascending,X1_build_slab__v1,positive_control,LINEAR_POWER_GAMMA0,1.125194787979126,67,0.1604469120502472,67
FROZEN,S1A_IW_GRDH_1SDV_20230628T102530_20230628T102559_049185_05EA14_rtc,2023-06-28T10:25:45.329831+00:00,2023-06-28,2023Q2,S1A,113,ascending,X2_build_site__v1,positive_control,LINEAR_POWER_GAMMA0,0.788029134273529,155,0.15590180456638336,155
FROZEN,S1A_IW_GRDH_1SDV_20230703T103344_20230703T103413_049258_05EC51_rtc,2023-07-03T10:33:58.860668+00:00,2023-07-03,2023Q3,S1A,11,ascending,T1_ntt_fdc__v1,treatment,LINEAR_POWER_GAMMA0,3.0172016620635986,307,1.0551841259002686,307
FROZEN,S1A_IW_GRDH_1SDV_20230703T103344_20230703T103413_049258_05EC51_rtc,2023-07-03T10:33:58.860668+00:00,2023-07-03,2023Q3,S1A,11,ascending,C1_hkex_dc__v1,control,LINEAR_POWER_GAMMA0,0.31223171949386597,55,0.10761679708957672,55
FROZEN,S1A_IW_GRDH_1SDV_20230703T103344_20230703T103413_049258_05EC51_rtc,2023-07-03T10:33:58.860668+00:00,2023-07-03,2023Q3,S1A,11,ascending,C2b_amc__v2,positive_control,LINEAR_POWER_GAMMA0,11.838484764099121,260,0.9169129133224487,260
FROZEN,S1A_IW_GRDH_1SDV_20230703T103344_20230703T103413_049258_05EC51_rtc,2023-07-03T10:33:58.860668+00:00,2023-07-03,2023Q3,S1A,11,ascending,P1_vacant__v1,placebo,LINEAR_POWER_GAMMA0,0.38749563694000244,93,0.10318677127361298,93
FROZEN,S1A_IW_GRDH_1SDV_20230703T103344_20230703T103413_049258_05EC51_rtc,2023-07-03T10:33:58.860668+00:00,2023-07-03,2023Q3,S1A,11,ascending,X1_build_slab__v1,positive_control,LINEAR_POWER_GAMMA0,0.44504132866859436,67,0.09692015498876572,67
FROZEN,S1A_IW_GRDH_1SDV_20230703T103344_20230703T103413_049258_05EC51_rtc,2023-07-03T10:33:58.860668+00:00,2023-07-03,2023Q3,S1A,11,ascending,X2_build_site__v1,positive_control,LINEAR_POWER_GAMMA0,0.4817473292350769,155,0.09862898290157318,155
FROZEN,S1A_IW_GRDH_1SDV_20230710T102532_20230710T102601_049360_05EF7C_rtc,2023-07-10T10:25:46.811533+00:00,2023-07-10,2023Q3,S1A,113,ascending,T1_ntt_fdc__v1,treatment,LINEAR_POWER_GAMMA0,1.9043210744857788,307,0.8893316388130188,307
FROZEN,S1A_IW_GRDH_1SDV_20230710T102532_20230710T102601_049360_05EF7C_rtc,2023-07-10T10:25:46.811533+00:00,2023-07-10,2023Q3,S1A,113,ascending,C1_hkex_dc__v1,control,LINEAR_POWER_GAMMA0,0.3674461245536804,55,0.0840335339307785,55
FROZEN,S1A_IW_GRDH_1SDV_20230710T102532_20230710T102601_049360_05EF7C_rtc,2023-07-10T10:25:46.811533+00:00,2023-07-10,2023Q3,S1A,113,ascending,C2b_amc__v2,positive_control,LINEAR_POWER_GAMMA0,2.829263925552368,260,0.6588813066482544,260
FROZEN,S1A_IW_GRDH_1SDV_20230710T102532_20230710T102601_049360_05EF7C_rtc,2023-07-10T10:25:46.811533+00:00,2023-07-10,2023Q3,S1A,113,ascending,P1_vacant__v1,placebo,LINEAR_POWER_GAMMA0,0.2982560992240906,93,0.06781148910522461,93
FROZEN,S1A_IW_GRDH_1SDV_20230710T102532_20230710T102601_049360_05EF7C_rtc,2023-07-10T10:25:46.811533+00:00,2023-07-10,2023Q3,S1A,113,ascending,X1_build_slab__v1,positive_control,LINEAR_POWER_GAMMA0,0.8988674879074097,67,0.13499978184700012,67
FROZEN,S1A_IW_GRDH_1SDV_20230710T102532_20230710T102601_049360_05EF7C_rtc,2023-07-10T10:25:46.811533+00:00,2023-07-10,2023Q3,S1A,113,ascending,X2_build_site__v1,positive_control,LINEAR_POWER_GAMMA0,0.6178374886512756,155,0.12021257728338242,155
FROZEN,S1A_IW_GRDH_1SDV_20230715T103345_20230715T103414_049433_05F1BD_rtc,2023-07-15T10:33:59.853690+00:00,2023-07-15,2023Q3,S1A,11,ascending,T1_ntt_fdc__v1,treatment,LINEAR_POWER_GAMMA0,2.4123566150665283,307,1.180243730545044,307
FROZEN,S1A_IW_GRDH_1SDV_20230715T103345_20230715T103414_049433_05F1BD_rtc,2023-07-15T10:33:59.853690+00:00,2023-07-15,2023Q3,S1A,11,ascending,C1_hkex_dc__v1,control,LINEAR_POWER_GAMMA0,0.2714144289493561,55,0.10292330384254456,55
FROZEN,S1A_IW_GRDH_1SDV_20230715T103345_20230715T103414_049433_05F1BD_rtc,2023-07-15T10:33:59.853690+00:00,2023-07-15,2023Q3,S1A,11,ascending,C2b_amc__v2,positive_control,LINEAR_POWER_GAMMA0,6.201412677764893,260,0.7194730043411255,260
FROZEN,S1A_IW_GRDH_1SDV_20230715T103345_20230715T103414_049433_05F1BD_rtc,2023-07-15T10:33:59.853690+00:00,2023-07-15,2023Q3,S1A,11,ascending,P1_vacant__v1,placebo,LINEAR_POWER_GAMMA0,0.28894075751304626,93,0.0923355296254158,93
FROZEN,S1A_IW_GRDH_1SDV_20230715T103345_20230715T103414_049433_05F1BD_rtc,2023-07-15T10:33:59.853690+00:00,2023-07-15,2023Q3,S1A,11,ascending,X1_build_slab__v1,positive_control,LINEAR_POWER_GAMMA0,0.5022315979003906,67,0.08029294013977051,67
FROZEN,S1A_IW_GRDH_1SDV_20230715T103345_20230715T103414_049433_05F1BD_rtc,2023-07-15T10:33:59.853690+00:00,2023-07-15,2023Q3,S1A,11,ascending,X2_build_site__v1,positive_control,LINEAR_POWER_GAMMA0,0.46307411789894104,155,0.08474554121494293,155
FROZEN,S1A_IW_GRDH_1SDV_20230722T102532_20230722T102601_049535_05F4D0_rtc,2023-07-22T10:25:47.463654+00:00,2023-07-22,2023Q3,S1A,113,ascending,T1_ntt_fdc__v1,treatment,LINEAR_POWER_GAMMA0,2.0136804580688477,307,0.9818508625030518,307
FROZEN,S1A_IW_GRDH_1SDV_20230722T102532_20230722T102601_049535_05F4D0_rtc,2023-07-22T10:25:47.463654+00:00,2023-07-22,2023Q3,S1A,113,ascending,C1_hkex_dc__v1,control,LINEAR_POWER_GAMMA0,0.38916462659835815,55,0.06444817036390305,55
FROZEN,S1A_IW_GRDH_1SDV_20230722T102532_20230722T102601_049535_05F4D0_rtc,2023-07-22T10:25:47.463654+00:00,2023-07-22,2023Q3,S1A,113,ascending,C2b_amc__v2,positive_control,LINEAR_POWER_GAMMA0,3.3276755809783936,260,0.7692047357559204,260
FROZEN,S1A_IW_GRDH_1SDV_20230722T102532_20230722T102601_049535_05F4D0_rtc,2023-07-22T10:25:47.463654+00:00,2023-07-22,2023Q3,S1A,113,ascending,P1_vacant__v1,placebo,LINEAR_POWER_GAMMA0,0.5075767040252686,93,0.08914775401353836,93
FROZEN,S1A_IW_GRDH_1SDV_20230722T102532_20230722T102601_049535_05F4D0_rtc,2023-07-22T10:25:47.463654+00:00,2023-07-22,2023Q3,S1A,113,ascending,X1_build_slab__v1,positive_control,LINEAR_POWER_GAMMA0,1.1065202951431274,67,0.1647910177707672,67
FROZEN,S1A_IW_GRDH_1SDV_20230722T102532_20230722T102601_049535_05F4D0_rtc,2023-07-22T10:25:47.463654+00:00,2023-07-22,2023Q3,S1A,113,ascending,X2_build_site__v1,positive_control,LINEAR_POWER_GAMMA0,1.2869927883148193,155,0.15127348899841309,155
FROZEN,S1A_IW_GRDH_1SDV_20230727T103345_20230727T103415_049608_05F71D_rtc,2023-07-27T10:34:00.734081+00:00,2023-07-27,2023Q3,S1A,11,ascending,T1_ntt_fdc__v1,treatment,LINEAR_POWER_GAMMA0,2.4975459575653076,307,1.1502811908721924,307
FROZEN,S1A_IW_GRDH_1SDV_20230727T103345_20230727T103415_049608_05F71D_rtc,2023-07-27T10:34:00.734081+00:00,2023-07-27,2023Q3,S1A,11,ascending,C1_hkex_dc__v1,control,LINEAR_POWER_GAMMA0,0.28898710012435913,55,0.10857217758893967,55
FROZEN,S1A_IW_GRDH_1SDV_20230727T103345_20230727T103415_049608_05F71D_rtc,2023-07-27T10:34:00.734081+00:00,2023-07-27,2023Q3,S1A,11,ascending,C2b_amc__v2,positive_control,LINEAR_POWER_GAMMA0,5.805955410003662,260,0.6738337874412537,260
FROZEN,S1A_IW_GRDH_1SDV_20230727T103345_20230727T103415_049608_05F71D_rtc,2023-07-27T10:34:00.734081+00:00,2023-07-27,2023Q3,S1A,11,ascending,P1_vacant__v1,placebo,LINEAR_POWER_GAMMA0,0.2750570476055145,93,0.08476083725690842,93
FROZEN,S1A_IW_GRDH_1SDV_20230727T103345_20230727T103415_049608_05F71D_rtc,2023-07-27T10:34:00.734081+00:00,2023-07-27,2023Q3,S1A,11,ascending,X1_build_slab__v1,positive_control,LINEAR_POWER_GAMMA0,0.6185513138771057,67,0.12466557323932648,67
FROZEN,S1A_IW_GRDH_1SDV_20230727T103345_20230727T103415_049608_05F71D_rtc,2023-07-27T10:34:00.734081+00:00,2023-07-27,2023Q3,S1A,11,ascending,X2_build_site__v1,positive_control,LINEAR_POWER_GAMMA0,0.48628634214401245,155,0.10865510255098343,155
FROZEN,S1A_IW_GRDH_1SDV_20230803T102533_20230803T102602_049710_05FA38_rtc,2023-08-03T10:25:48.159618+00:00,2023-08-03,2023Q3,S1A,113,ascending,T1_ntt_fdc__v1,treatment,LINEAR_POWER_GAMMA0,1.8240461349487305,307,0.9082453846931458,307
FROZEN,S1A_IW_GRDH_1SDV_20230803T102533_20230803T102602_049710_05FA38_rtc,2023-08-03T10:25:48.159618+00:00,2023-08-03,2023Q3,S1A,113,ascending,C1_hkex_dc__v1,control,LINEAR_POWER_GAMMA0,0.35844022035598755,55,0.10132277011871338,55
FROZEN,S1A_IW_GRDH_1SDV_20230803T102533_20230803T102602_049710_05FA38_rtc,2023-08-03T10:25:48.159618+00:00,2023-08-03,2023Q3,S1A,113,ascending,C2b_amc__v2,positive_control,LINEAR_POWER_GAMMA0,2.7970430850982666,260,0.6142004728317261,260
FROZEN,S1A_IW_GRDH_1SDV_20230803T102533_20230803T102602_049710_05FA38_rtc,2023-08-03T10:25:48.159618+00:00,2023-08-03,2023Q3,S1A,113,ascending,P1_vacant__v1,placebo,LINEAR_POWER_GAMMA0,0.3979993164539337,93,0.07881970703601837,93
FROZEN,S1A_IW_GRDH_1SDV_20230803T102533_20230803T102602_049710_05FA38_rtc,2023-08-03T10:25:48.159618+00:00,2023-08-03,2023Q3,S1A,113,ascending,X1_build_slab__v1,positive_control,LINEAR_POWER_GAMMA0,1.9320205450057983,67,0.21498015522956848,67
FROZEN,S1A_IW_GRDH_1SDV_20230803T102533_20230803T102602_049710_05FA38_rtc,2023-08-03T10:25:48.159618+00:00,2023-08-03,2023Q3,S1A,113,ascending,X2_build_site__v1,positive_control,LINEAR_POWER_GAMMA0,2.9098708629608154,155,0.1713327318429947,155
FROZEN,S1A_IW_GRDH_1SDV_20230808T103346_20230808T103415_049783_05FC90_rtc,2023-08-08T10:34:00.676012+00:00,2023-08-08,2023Q3,S1A,11,ascending,T1_ntt_fdc__v1,treatment,LINEAR_POWER_GAMMA0,2.4283499717712402,307,0.9141156077384949,307
FROZEN,S1A_IW_GRDH_1SDV_20230808T103346_20230808T103415_049783_05FC90_rtc,2023-08-08T10:34:00.676012+00:00,2023-08-08,2023Q3,S1A,11,ascending,C1_hkex_dc__v1,control,LINEAR_POWER_GAMMA0,0.2814776301383972,55,0.10427041351795197,55
FROZEN,S1A_IW_GRDH_1SDV_20230808T103346_20230808T103415_049783_05FC90_rtc,2023-08-08T10:34:00.676012+00:00,2023-08-08,2023Q3,S1A,11,ascending,C2b_amc__v2,positive_control,LINEAR_POWER_GAMMA0,5.536197662353516,260,0.691968560218811,260
FROZEN,S1A_IW_GRDH_1SDV_20230808T103346_20230808T103415_049783_05FC90_rtc,2023-08-08T10:34:00.676012+00:00,2023-08-08,2023Q3,S1A,11,ascending,P1_vacant__v1,placebo,LINEAR_POWER_GAMMA0,0.31665176153182983,93,0.07264035940170288,93
FROZEN,S1A_IW_GRDH_1SDV_20230808T103346_20230808T103415_049783_05FC90_rtc,2023-08-08T10:34:00.676012+00:00,2023-08-08,2023Q3,S1A,11,ascending,X1_build_slab__v1,positive_control,LINEAR_POWER_GAMMA0,0.6930477023124695,67,0.13014940917491913,67
FROZEN,S1A_IW_GRDH_1SDV_20230808T103346_20230808T103415_049783_05FC90_rtc,2023-08-08T10:34:00.676012+00:00,2023-08-08,2023Q3,S1A,11,ascending,X2_build_site__v1,positive_control,LINEAR_POWER_GAMMA0,1.1598093509674072,155,0.13270588219165802,155
FROZEN,S1A_IW_GRDH_1SDV_20230815T102534_20230815T102603_049885_060006_rtc,2023-08-15T10:25:48.629647+00:00,2023-08-15,2023Q3,S1A,113,ascending,T1_ntt_fdc__v1,treatment,LINEAR_POWER_GAMMA0,1.6579509973526,307,0.8739938139915466,307
FROZEN,S1A_IW_GRDH_1SDV_20230815T102534_20230815T102603_049885_060006_rtc,2023-08-15T10:25:48.629647+00:00,2023-08-15,2023Q3,S1A,113,ascending,C1_hkex_dc__v1,control,LINEAR_POWER_GAMMA0,0.37120673060417175,55,0.10405895113945007,55
FROZEN,S1A_IW_GRDH_1SDV_20230815T102534_20230815T102603_049885_060006_rtc,2023-08-15T10:25:48.629647+00:00,2023-08-15,2023Q3,S1A,113,ascending,C2b_amc__v2,positive_control,LINEAR_POWER_GAMMA0,2.940643548965454,260,0.6890347599983215,260
FROZEN,S1A_IW_GRDH_1SDV_20230815T102534_20230815T102603_049885_060006_rtc,2023-08-15T10:25:48.629647+00:00,2023-08-15,2023Q3,S1A,113,ascending,P1_vacant__v1,placebo,LINEAR_POWER_GAMMA0,0.30475762486457825,93,0.08973653614521027,93
FROZEN,S1A_IW_GRDH_1SDV_20230815T102534_20230815T102603_049885_060006_rtc,2023-08-15T10:25:48.629647+00:00,2023-08-15,2023Q3,S1A,113,ascending,X1_build_slab__v1,positive_control,LINEAR_POWER_GAMMA0,2.0594053268432617,67,0.2219574898481369,67
FROZEN,S1A_IW_GRDH_1SDV_20230815T102534_20230815T102603_049885_060006_rtc,2023-08-15T10:25:48.629647+00:00,2023-08-15,2023Q3,S1A,113,ascending,X2_build_site__v1,positive_control,LINEAR_POWER_GAMMA0,2.599242925643921,155,0.20251627266407013,155
FROZEN,S1A_IW_GRDH_1SDV_20230820T103347_20230820T103416_049958_060290_rtc,2023-08-20T10:34:01.893646+00:00,2023-08-20,2023Q3,S1A,11,ascending,T1_ntt_fdc__v1,treatment,LINEAR_POWER_GAMMA0,2.656764030456543,307,1.0914149284362793,307
FROZEN,S1A_IW_GRDH_1SDV_20230820T103347_20230820T103416_049958_060290_rtc,2023-08-20T10:34:01.893646+00:00,2023-08-20,2023Q3,S1A,11,ascending,C1_hkex_dc__v1,control,LINEAR_POWER_GAMMA0,0.2873692512512207,55,0.08864747732877731,55
FROZEN,S1A_IW_GRDH_1SDV_20230820T103347_20230820T103416_049958_060290_rtc,2023-08-20T10:34:01.893646+00:00,2023-08-20,2023Q3,S1A,11,ascending,C2b_amc__v2,positive_control,LINEAR_POWER_GAMMA0,7.155138969421387,260,0.7547330260276794,260
FROZEN,S1A_IW_GRDH_1SDV_20230820T103347_20230820T103416_049958_060290_rtc,2023-08-20T10:34:01.893646+00:00,2023-08-20,2023Q3,S1A,11,ascending,P1_vacant__v1,placebo,LINEAR_POWER_GAMMA0,0.41832277178764343,93,0.10444937646389008,93
FROZEN,S1A_IW_GRDH_1SDV_20230820T103347_20230820T103416_049958_060290_rtc,2023-08-20T10:34:01.893646+00:00,2023-08-20,2023Q3,S1A,11,ascending,X1_build_slab__v1,positive_control,LINEAR_POWER_GAMMA0,1.8280843496322632,67,0.15140484273433685,67
FROZEN,S1A_IW_GRDH_1SDV_20230820T103347_20230820T103416_049958_060290_rtc,2023-08-20T10:34:01.893646+00:00,2023-08-20,2023Q3,S1A,11,ascending,X2_build_site__v1,positive_control,LINEAR_POWER_GAMMA0,1.5509002208709717,155,0.1480758935213089,155
FROZEN,S1A_IW_GRDH_1SDV_20230827T102534_20230827T102604_050060_060605_rtc,2023-08-27T10:25:49.508909+00:00,2023-08-27,2023Q3,S1A,113,ascending,T1_ntt_fdc__v1,treatment,LINEAR_POWER_GAMMA0,1.9830453395843506,307,0.9986463189125061,307
FROZEN,S1A_IW_GRDH_1SDV_20230827T102534_20230827T102604_050060_060605_rtc,2023-08-27T10:25:49.508909+00:00,2023-08-27,2023Q3,S1A,113,ascending,C1_hkex_dc__v1,control,LINEAR_POWER_GAMMA0,0.36078116297721863,55,0.06672631949186325,55
FROZEN,S1A_IW_GRDH_1SDV_20230827T102534_20230827T102604_050060_060605_rtc,2023-08-27T10:25:49.508909+00:00,2023-08-27,2023Q3,S1A,113,ascending,C2b_amc__v2,positive_control,LINEAR_POWER_GAMMA0,3.1232292652130127,260,0.6777352690696716,260
FROZEN,S1A_IW_GRDH_1SDV_20230827T102534_20230827T102604_050060_060605_rtc,2023-08-27T10:25:49.508909+00:00,2023-08-27,2023Q3,S1A,113,ascending,P1_vacant__v1,placebo,LINEAR_POWER_GAMMA0,0.41236159205436707,93,0.07427896559238434,93
FROZEN,S1A_IW_GRDH_1SDV_20230827T102534_20230827T102604_050060_060605_rtc,2023-08-27T10:25:49.508909+00:00,2023-08-27,2023Q3,S1A,113,ascending,X1_build_slab__v1,positive_control,LINEAR_POWER_GAMMA0,2.7111082077026367,67,0.20359495282173157,67
FROZEN,S1A_IW_GRDH_1SDV_20230827T102534_20230827T102604_050060_060605_rtc,2023-08-27T10:25:49.508909+00:00,2023-08-27,2023Q3,S1A,113,ascending,X2_build_site__v1,positive_control,LINEAR_POWER_GAMMA0,1.8920559883117676,155,0.19372211396694183,155
FROZEN,S1A_IW_GRDH_1SDV_20230901T103347_20230901T103416_050133_060890_rtc,2023-09-01T10:34:02.443255+00:00,2023-09-01,2023Q3,S1A,11,ascending,T1_ntt_fdc__v1,treatment,LINEAR_POWER_GAMMA0,5.30564022064209,307,1.288459300994873,307
FROZEN,S1A_IW_GRDH_1SDV_20230901T103347_20230901T103416_050133_060890_rtc,2023-09-01T10:34:02.443255+00:00,2023-09-01,2023Q3,S1A,11,ascending,C1_hkex_dc__v1,control,LINEAR_POWER_GAMMA0,0.5009128451347351,55,0.1152176633477211,55
FROZEN,S1A_IW_GRDH_1SDV_20230901T103347_20230901T103416_050133_060890_rtc,2023-09-01T10:34:02.443255+00:00,2023-09-01,2023Q3,S1A,11,ascending,C2b_amc__v2,positive_control,LINEAR_POWER_GAMMA0,22.042720794677734,260,1.566085696220398,260
FROZEN,S1A_IW_GRDH_1SDV_20230901T103347_20230901T103416_050133_060890_rtc,2023-09-01T10:34:02.443255+00:00,2023-09-01,2023Q3,S1A,11,ascending,P1_vacant__v1,placebo,LINEAR_POWER_GAMMA0,0.49408623576164246,93,0.10433761775493622,93
FROZEN,S1A_IW_GRDH_1SDV_20230901T103347_20230901T103416_050133_060890_rtc,2023-09-01T10:34:02.443255+00:00,2023-09-01,2023Q3,S1A,11,ascending,X1_build_slab__v1,positive_control,LINEAR_POWER_GAMMA0,1.315065860748291,67,0.2014659345149994,67
FROZEN,S1A_IW_GRDH_1SDV_20230901T103347_20230901T103416_050133_060890_rtc,2023-09-01T10:34:02.443255+00:00,2023-09-01,2023Q3,S1A,11,ascending,X2_build_site__v1,positive_control,LINEAR_POWER_GAMMA0,1.5724070072174072,155,0.21575304865837097,155
FROZEN,S1A_IW_GRDH_1SDV_20230908T102535_20230908T102604_050235_060BF7_rtc,2023-09-08T10:25:50.013308+00:00,2023-09-08,2023Q3,S1A,113,ascending,T1_ntt_fdc__v1,treatment,LINEAR_POWER_GAMMA0,2.793229818344116,307,1.1068774461746216,307
FROZEN,S1A_IW_GRDH_1SDV_20230908T102535_20230908T102604_050235_060BF7_rtc,2023-09-08T10:25:50.013308+00:00,2023-09-08,2023Q3,S1A,113,ascending,C1_hkex_dc__v1,control,LINEAR_POWER_GAMMA0,0.3496323525905609,55,0.06966279447078705,55
FROZEN,S1A_IW_GRDH_1SDV_20230908T102535_20230908T102604_050235_060BF7_rtc,2023-09-08T10:25:50.013308+00:00,2023-09-08,2023Q3,S1A,113,ascending,C2b_amc__v2,positive_control,LINEAR_POWER_GAMMA0,4.549095630645752,260,0.8072230815887451,260
FROZEN,S1A_IW_GRDH_1SDV_20230908T102535_20230908T102604_050235_060BF7_rtc,2023-09-08T10:25:50.013308+00:00,2023-09-08,2023Q3,S1A,113,ascending,P1_vacant__v1,placebo,LINEAR_POWER_GAMMA0,0.566047728061676,93,0.09382296353578568,93
FROZEN,S1A_IW_GRDH_1SDV_20230908T102535_20230908T102604_050235_060BF7_rtc,2023-09-08T10:25:50.013308+00:00,2023-09-08,2023Q3,S1A,113,ascending,X1_build_slab__v1,positive_control,LINEAR_POWER_GAMMA0,2.06600022315979,67,0.29770827293395996,67
FROZEN,S1A_IW_GRDH_1SDV_20230908T102535_20230908T102604_050235_060BF7_rtc,2023-09-08T10:25:50.013308+00:00,2023-09-08,2023Q3,S1A,113,ascending,X2_build_site__v1,positive_control,LINEAR_POWER_GAMMA0,1.8330621719360352,155,0.26470446586608887,155
FROZEN,S1A_IW_GRDH_1SDV_20230913T103348_20230913T103417_050308_060E89_rtc,2023-09-13T10:34:02.808371+00:00,2023-09-13,2023Q3,S1A,11,ascending,T1_ntt_fdc__v1,treatment,LINEAR_POWER_GAMMA0,3.488624095916748,307,1.3341093063354492,307
FROZEN,S1A_IW_GRDH_1SDV_20230913T103348_20230913T103417_050308_060E89_rtc,2023-09-13T10:34:02.808371+00:00,2023-09-13,2023Q3,S1A,11,ascending,C1_hkex_dc__v1,control,LINEAR_POWER_GAMMA0,0.2625199556350708,55,0.09899287670850754,55
FROZEN,S1A_IW_GRDH_1SDV_20230913T103348_20230913T103417_050308_060E89_rtc,2023-09-13T10:34:02.808371+00:00,2023-09-13,2023Q3,S1A,11,ascending,C2b_amc__v2,positive_control,LINEAR_POWER_GAMMA0,10.70861530303955,260,0.9643213152885437,260
FROZEN,S1A_IW_GRDH_1SDV_20230913T103348_20230913T103417_050308_060E89_rtc,2023-09-13T10:34:02.808371+00:00,2023-09-13,2023Q3,S1A,11,ascending,P1_vacant__v1,placebo,LINEAR_POWER_GAMMA0,0.38976484537124634,93,0.10789068043231964,93
FROZEN,S1A_IW_GRDH_1SDV_20230913T103348_20230913T103417_050308_060E89_rtc,2023-09-13T10:34:02.808371+00:00,2023-09-13,2023Q3,S1A,11,ascending,X1_build_slab__v1,positive_control,LINEAR_POWER_GAMMA0,1.8480794429779053,67,0.25981438159942627,67
FROZEN,S1A_IW_GRDH_1SDV_20230913T103348_20230913T103417_050308_060E89_rtc,2023-09-13T10:34:02.808371+00:00,2023-09-13,2023Q3,S1A,11,ascending,X2_build_site__v1,positive_control,LINEAR_POWER_GAMMA0,3.6697442531585693,155,0.24706518650054932,155
FROZEN,S1A_IW_GRDH_1SDV_20230920T102535_20230920T102604_050410_0611EE_rtc,2023-09-20T10:25:50.299272+00:00,2023-09-20,2023Q3,S1A,113,ascending,T1_ntt_fdc__v1,treatment,LINEAR_POWER_GAMMA0,2.078981399536133,307,1.00956130027771,307
FROZEN,S1A_IW_GRDH_1SDV_20230920T102535_20230920T102604_050410_0611EE_rtc,2023-09-20T10:25:50.299272+00:00,2023-09-20,2023Q3,S1A,113,ascending,C1_hkex_dc__v1,control,LINEAR_POWER_GAMMA0,0.3528304398059845,55,0.06872983276844025,55
FROZEN,S1A_IW_GRDH_1SDV_20230920T102535_20230920T102604_050410_0611EE_rtc,2023-09-20T10:25:50.299272+00:00,2023-09-20,2023Q3,S1A,113,ascending,C2b_amc__v2,positive_control,LINEAR_POWER_GAMMA0,3.607163667678833,260,0.8476689457893372,260
FROZEN,S1A_IW_GRDH_1SDV_20230920T102535_20230920T102604_050410_0611EE_rtc,2023-09-20T10:25:50.299272+00:00,2023-09-20,2023Q3,S1A,113,ascending,P1_vacant__v1,placebo,LINEAR_POWER_GAMMA0,0.3296525478363037,93,0.10565857589244843,93
FROZEN,S1A_IW_GRDH_1SDV_20230920T102535_20230920T102604_050410_0611EE_rtc,2023-09-20T10:25:50.299272+00:00,2023-09-20,2023Q3,S1A,113,ascending,X1_build_slab__v1,positive_control,LINEAR_POWER_GAMMA0,3.136904239654541,67,0.2994893491268158,67
FROZEN,S1A_IW_GRDH_1SDV_20230920T102535_20230920T102604_050410_0611EE_rtc,2023-09-20T10:25:50.299272+00:00,2023-09-20,2023Q3,S1A,113,ascending,X2_build_site__v1,positive_control,LINEAR_POWER_GAMMA0,2.458038806915283,155,0.26268354058265686,155
FROZEN,S1A_IW_GRDH_1SDV_20230925T103348_20230925T103417_050483_06147C_rtc,2023-09-25T10:34:03.406938+00:00,2023-09-25,2023Q3,S1A,11,ascending,T1_ntt_fdc__v1,treatment,LINEAR_POWER_GAMMA0,2.9157989025115967,307,1.2205967903137207,307
FROZEN,S1A_IW_GRDH_1SDV_20230925T103348_20230925T103417_050483_06147C_rtc,2023-09-25T10:34:03.406938+00:00,2023-09-25,2023Q3,S1A,11,ascending,C1_hkex_dc__v1,control,LINEAR_POWER_GAMMA0,0.2676864266395569,55,0.09171512722969055,55
FROZEN,S1A_IW_GRDH_1SDV_20230925T103348_20230925T103417_050483_06147C_rtc,2023-09-25T10:34:03.406938+00:00,2023-09-25,2023Q3,S1A,11,ascending,C2b_amc__v2,positive_control,LINEAR_POWER_GAMMA0,5.970780372619629,260,0.6235716342926025,260
FROZEN,S1A_IW_GRDH_1SDV_20230925T103348_20230925T103417_050483_06147C_rtc,2023-09-25T10:34:03.406938+00:00,2023-09-25,2023Q3,S1A,11,ascending,P1_vacant__v1,placebo,LINEAR_POWER_GAMMA0,0.2980470061302185,93,0.0892632007598877,93
FROZEN,S1A_IW_GRDH_1SDV_20230925T103348_20230925T103417_050483_06147C_rtc,2023-09-25T10:34:03.406938+00:00,2023-09-25,2023Q3,S1A,11,ascending,X1_build_slab__v1,positive_control,LINEAR_POWER_GAMMA0,1.0949265956878662,67,0.33340224623680115,67
FROZEN,S1A_IW_GRDH_1SDV_20230925T103348_20230925T103417_050483_06147C_rtc,2023-09-25T10:34:03.406938+00:00,2023-09-25,2023Q3,S1A,11,ascending,X2_build_site__v1,positive_control,LINEAR_POWER_GAMMA0,1.7217143774032593,155,0.2997356355190277,155
FROZEN,S1A_IW_GRDH_1SDV_20231002T102536_20231002T102605_050585_0617F0_rtc,2023-10-02T10:25:50.688023+00:00,2023-10-02,2023Q4,S1A,113,ascending,T1_ntt_fdc__v1,treatment,LINEAR_POWER_GAMMA0,1.9942222833633423,307,0.9482303857803345,307
FROZEN,S1A_IW_GRDH_1SDV_20231002T102536_20231002T102605_050585_0617F0_rtc,2023-10-02T10:25:50.688023+00:00,2023-10-02,2023Q4,S1A,113,ascending,C1_hkex_dc__v1,control,LINEAR_POWER_GAMMA0,0.3503323197364807,55,0.05551502853631973,55
FROZEN,S1A_IW_GRDH_1SDV_20231002T102536_20231002T102605_050585_0617F0_rtc,2023-10-02T10:25:50.688023+00:00,2023-10-02,2023Q4,S1A,113,ascending,C2b_amc__v2,positive_control,LINEAR_POWER_GAMMA0,3.3004188537597656,260,0.82820725440979,260
FROZEN,S1A_IW_GRDH_1SDV_20231002T102536_20231002T102605_050585_0617F0_rtc,2023-10-02T10:25:50.688023+00:00,2023-10-02,2023Q4,S1A,113,ascending,P1_vacant__v1,placebo,LINEAR_POWER_GAMMA0,0.5470839738845825,93,0.13149316608905792,93
FROZEN,S1A_IW_GRDH_1SDV_20231002T102536_20231002T102605_050585_0617F0_rtc,2023-10-02T10:25:50.688023+00:00,2023-10-02,2023Q4,S1A,113,ascending,X1_build_slab__v1,positive_control,LINEAR_POWER_GAMMA0,2.288198471069336,67,0.24182116985321045,67
FROZEN,S1A_IW_GRDH_1SDV_20231002T102536_20231002T102605_050585_0617F0_rtc,2023-10-02T10:25:50.688023+00:00,2023-10-02,2023Q4,S1A,113,ascending,X2_build_site__v1,positive_control,LINEAR_POWER_GAMMA0,1.7212796211242676,155,0.22116310894489288,155
FROZEN,S1A_IW_GRDH_1SDV_20231007T103348_20231007T103417_050658_061A7B_rtc,2023-10-07T10:34:03.318022+00:00,2023-10-07,2023Q4,S1A,11,ascending,T1_ntt_fdc__v1,treatment,LINEAR_POWER_GAMMA0,3.0520479679107666,307,1.3314121961593628,307
FROZEN,S1A_IW_GRDH_1SDV_20231007T103348_20231007T103417_050658_061A7B_rtc,2023-10-07T10:34:03.318022+00:00,2023-10-07,2023Q4,S1A,11,ascending,C1_hkex_dc__v1,control,LINEAR_POWER_GAMMA0,0.2772349715232849,55,0.09445211291313171,55
FROZEN,S1A_IW_GRDH_1SDV_20231007T103348_20231007T103417_050658_061A7B_rtc,2023-10-07T10:34:03.318022+00:00,2023-10-07,2023Q4,S1A,11,ascending,C2b_amc__v2,positive_control,LINEAR_POWER_GAMMA0,5.854577541351318,260,0.5956225395202637,260
FROZEN,S1A_IW_GRDH_1SDV_20231007T103348_20231007T103417_050658_061A7B_rtc,2023-10-07T10:34:03.318022+00:00,2023-10-07,2023Q4,S1A,11,ascending,P1_vacant__v1,placebo,LINEAR_POWER_GAMMA0,0.36039218306541443,93,0.09667052328586578,93
FROZEN,S1A_IW_GRDH_1SDV_20231007T103348_20231007T103417_050658_061A7B_rtc,2023-10-07T10:34:03.318022+00:00,2023-10-07,2023Q4,S1A,11,ascending,X1_build_slab__v1,positive_control,LINEAR_POWER_GAMMA0,1.622145175933838,67,0.20091824233531952,67
FROZEN,S1A_IW_GRDH_1SDV_20231007T103348_20231007T103417_050658_061A7B_rtc,2023-10-07T10:34:03.318022+00:00,2023-10-07,2023Q4,S1A,11,ascending,X2_build_site__v1,positive_control,LINEAR_POWER_GAMMA0,3.626359224319458,155,0.24729186296463013,155
FROZEN,S1A_IW_GRDH_1SDV_20231014T102536_20231014T102605_050760_061DF1_rtc,2023-10-14T10:25:50.552710+00:00,2023-10-14,2023Q4,S1A,113,ascending,T1_ntt_fdc__v1,treatment,LINEAR_POWER_GAMMA0,1.8730993270874023,307,0.8259929418563843,307
FROZEN,S1A_IW_GRDH_1SDV_20231014T102536_20231014T102605_050760_061DF1_rtc,2023-10-14T10:25:50.552710+00:00,2023-10-14,2023Q4,S1A,113,ascending,C1_hkex_dc__v1,control,LINEAR_POWER_GAMMA0,0.3978641927242279,55,0.05140998214483261,55
FROZEN,S1A_IW_GRDH_1SDV_20231014T102536_20231014T102605_050760_061DF1_rtc,2023-10-14T10:25:50.552710+00:00,2023-10-14,2023Q4,S1A,113,ascending,C2b_amc__v2,positive_control,LINEAR_POWER_GAMMA0,3.0938796997070312,260,0.7872744202613831,260
FROZEN,S1A_IW_GRDH_1SDV_20231014T102536_20231014T102605_050760_061DF1_rtc,2023-10-14T10:25:50.552710+00:00,2023-10-14,2023Q4,S1A,113,ascending,P1_vacant__v1,placebo,LINEAR_POWER_GAMMA0,0.29787477850914,93,0.10381238162517548,93
FROZEN,S1A_IW_GRDH_1SDV_20231014T102536_20231014T102605_050760_061DF1_rtc,2023-10-14T10:25:50.552710+00:00,2023-10-14,2023Q4,S1A,113,ascending,X1_build_slab__v1,positive_control,LINEAR_POWER_GAMMA0,2.393860340118408,67,0.3569217920303345,67
FROZEN,S1A_IW_GRDH_1SDV_20231014T102536_20231014T102605_050760_061DF1_rtc,2023-10-14T10:25:50.552710+00:00,2023-10-14,2023Q4,S1A,113,ascending,X2_build_site__v1,positive_control,LINEAR_POWER_GAMMA0,3.0987651348114014,155,0.29324477910995483,155
FROZEN,S1A_IW_GRDH_1SDV_20231019T103348_20231019T103417_050833_062076_rtc,2023-10-19T10:34:03.389754+00:00,2023-10-19,2023Q4,S1A,11,ascending,T1_ntt_fdc__v1,treatment,LINEAR_POWER_GAMMA0,3.6890928745269775,307,1.3138210773468018,307
FROZEN,S1A_IW_GRDH_1SDV_20231019T103348_20231019T103417_050833_062076_rtc,2023-10-19T10:34:03.389754+00:00,2023-10-19,2023Q4,S1A,11,ascending,C1_hkex_dc__v1,control,LINEAR_POWER_GAMMA0,0.24611957371234894,55,0.08914811164140701,55
FROZEN,S1A_IW_GRDH_1SDV_20231019T103348_20231019T103417_050833_062076_rtc,2023-10-19T10:34:03.389754+00:00,2023-10-19,2023Q4,S1A,11,ascending,C2b_amc__v2,positive_control,LINEAR_POWER_GAMMA0,13.719793319702148,260,0.9109932780265808,260
FROZEN,S1A_IW_GRDH_1SDV_20231019T103348_20231019T103417_050833_062076_rtc,2023-10-19T10:34:03.389754+00:00,2023-10-19,2023Q4,S1A,11,ascending,P1_vacant__v1,placebo,LINEAR_POWER_GAMMA0,0.4414995312690735,93,0.11534620076417923,93
FROZEN,S1A_IW_GRDH_1SDV_20231019T103348_20231019T103417_050833_062076_rtc,2023-10-19T10:34:03.389754+00:00,2023-10-19,2023Q4,S1A,11,ascending,X1_build_slab__v1,positive_control,LINEAR_POWER_GAMMA0,2.4162511825561523,67,0.2562735080718994,67
FROZEN,S1A_IW_GRDH_1SDV_20231019T103348_20231019T103417_050833_062076_rtc,2023-10-19T10:34:03.389754+00:00,2023-10-19,2023Q4,S1A,11,ascending,X2_build_site__v1,positive_control,LINEAR_POWER_GAMMA0,3.2292320728302,155,0.2423846274614334,155
FROZEN,S1A_IW_GRDH_1SDV_20231026T102535_20231026T102605_050935_0623E3_rtc,2023-10-26T10:25:50.499100+00:00,2023-10-26,2023Q4,S1A,113,ascending,T1_ntt_fdc__v1,treatment,LINEAR_POWER_GAMMA0,1.855236291885376,307,0.8156574964523315,307
FROZEN,S1A_IW_GRDH_1SDV_20231026T102535_20231026T102605_050935_0623E3_rtc,2023-10-26T10:25:50.499100+00:00,2023-10-26,2023Q4,S1A,113,ascending,C1_hkex_dc__v1,control,LINEAR_POWER_GAMMA0,0.39832162857055664,55,0.07016948610544205,55
FROZEN,S1A_IW_GRDH_1SDV_20231026T102535_20231026T102605_050935_0623E3_rtc,2023-10-26T10:25:50.499100+00:00,2023-10-26,2023Q4,S1A,113,ascending,C2b_amc__v2,positive_control,LINEAR_POWER_GAMMA0,3.0514423847198486,260,0.7599121332168579,260
FROZEN,S1A_IW_GRDH_1SDV_20231026T102535_20231026T102605_050935_0623E3_rtc,2023-10-26T10:25:50.499100+00:00,2023-10-26,2023Q4,S1A,113,ascending,P1_vacant__v1,placebo,LINEAR_POWER_GAMMA0,0.4783466160297394,93,0.10408494621515274,93
FROZEN,S1A_IW_GRDH_1SDV_20231026T102535_20231026T102605_050935_0623E3_rtc,2023-10-26T10:25:50.499100+00:00,2023-10-26,2023Q4,S1A,113,ascending,X1_build_slab__v1,positive_control,LINEAR_POWER_GAMMA0,3.2446961402893066,67,0.28219467401504517,67
FROZEN,S1A_IW_GRDH_1SDV_20231026T102535_20231026T102605_050935_0623E3_rtc,2023-10-26T10:25:50.499100+00:00,2023-10-26,2023Q4,S1A,113,ascending,X2_build_site__v1,positive_control,LINEAR_POWER_GAMMA0,2.5081379413604736,155,0.2636256217956543,155
FROZEN,S1A_IW_GRDH_1SDV_20231107T102535_20231107T102604_051110_0629E7_rtc,2023-11-07T10:25:50.031562+00:00,2023-11-07,2023Q4,S1A,113,ascending,T1_ntt_fdc__v1,treatment,LINEAR_POWER_GAMMA0,1.7959485054016113,307,0.7638683319091797,307
FROZEN,S1A_IW_GRDH_1SDV_20231107T102535_20231107T102604_051110_0629E7_rtc,2023-11-07T10:25:50.031562+00:00,2023-11-07,2023Q4,S1A,113,ascending,C1_hkex_dc__v1,control,LINEAR_POWER_GAMMA0,0.4002963900566101,55,0.06994548439979553,55
FROZEN,S1A_IW_GRDH_1SDV_20231107T102535_20231107T102604_051110_0629E7_rtc,2023-11-07T10:25:50.031562+00:00,2023-11-07,2023Q4,S1A,113,ascending,C2b_amc__v2,positive_control,LINEAR_POWER_GAMMA0,2.981865406036377,260,0.6653712391853333,260
FROZEN,S1A_IW_GRDH_1SDV_20231107T102535_20231107T102604_051110_0629E7_rtc,2023-11-07T10:25:50.031562+00:00,2023-11-07,2023Q4,S1A,113,ascending,P1_vacant__v1,placebo,LINEAR_POWER_GAMMA0,0.35682299733161926,93,0.09824924170970917,93
FROZEN,S1A_IW_GRDH_1SDV_20231107T102535_20231107T102604_051110_0629E7_rtc,2023-11-07T10:25:50.031562+00:00,2023-11-07,2023Q4,S1A,113,ascending,X1_build_slab__v1,positive_control,LINEAR_POWER_GAMMA0,2.301126003265381,67,0.31231823563575745,67
FROZEN,S1A_IW_GRDH_1SDV_20231107T102535_20231107T102604_051110_0629E7_rtc,2023-11-07T10:25:50.031562+00:00,2023-11-07,2023Q4,S1A,113,ascending,X2_build_site__v1,positive_control,LINEAR_POWER_GAMMA0,1.8925546407699585,155,0.27741339802742004,155
FROZEN,S1A_IW_GRDH_1SDV_20231112T103348_20231112T103417_051183_062C78_rtc,2023-11-12T10:34:02.868671+00:00,2023-11-12,2023Q4,S1A,11,ascending,T1_ntt_fdc__v1,treatment,LINEAR_POWER_GAMMA0,2.9685447216033936,307,1.02530038356781,307
FROZEN,S1A_IW_GRDH_1SDV_20231112T103348_20231112T103417_051183_062C78_rtc,2023-11-12T10:34:02.868671+00:00,2023-11-12,2023Q4,S1A,11,ascending,C1_hkex_dc__v1,control,LINEAR_POWER_GAMMA0,0.22598105669021606,55,0.08025333285331726,55
FROZEN,S1A_IW_GRDH_1SDV_20231112T103348_20231112T103417_051183_062C78_rtc,2023-11-12T10:34:02.868671+00:00,2023-11-12,2023Q4,S1A,11,ascending,C2b_amc__v2,positive_control,LINEAR_POWER_GAMMA0,5.749026298522949,260,0.6626269817352295,260
FROZEN,S1A_IW_GRDH_1SDV_20231112T103348_20231112T103417_051183_062C78_rtc,2023-11-12T10:34:02.868671+00:00,2023-11-12,2023Q4,S1A,11,ascending,P1_vacant__v1,placebo,LINEAR_POWER_GAMMA0,0.43424728512763977,93,0.11527843773365021,93
FROZEN,S1A_IW_GRDH_1SDV_20231112T103348_20231112T103417_051183_062C78_rtc,2023-11-12T10:34:02.868671+00:00,2023-11-12,2023Q4,S1A,11,ascending,X1_build_slab__v1,positive_control,LINEAR_POWER_GAMMA0,2.488335132598877,67,0.27953672409057617,67
FROZEN,S1A_IW_GRDH_1SDV_20231112T103348_20231112T103417_051183_062C78_rtc,2023-11-12T10:34:02.868671+00:00,2023-11-12,2023Q4,S1A,11,ascending,X2_build_site__v1,positive_control,LINEAR_POWER_GAMMA0,1.8097045421600342,155,0.24896860122680664,155
FROZEN,S1A_IW_GRDH_1SDV_20231119T102535_20231119T102604_051285_062FF6_rtc,2023-11-19T10:25:50.084410+00:00,2023-11-19,2023Q4,S1A,113,ascending,T1_ntt_fdc__v1,treatment,LINEAR_POWER_GAMMA0,1.7095175981521606,307,0.769922137260437,307
FROZEN,S1A_IW_GRDH_1SDV_20231119T102535_20231119T102604_051285_062FF6_rtc,2023-11-19T10:25:50.084410+00:00,2023-11-19,2023Q4,S1A,113,ascending,C1_hkex_dc__v1,control,LINEAR_POWER_GAMMA0,0.34326279163360596,55,0.04273785278201103,55
FROZEN,S1A_IW_GRDH_1SDV_20231119T102535_20231119T102604_051285_062FF6_rtc,2023-11-19T10:25:50.084410+00:00,2023-11-19,2023Q4,S1A,113,ascending,C2b_amc__v2,positive_control,LINEAR_POWER_GAMMA0,2.8454208374023438,260,0.72371906042099,260
FROZEN,S1A_IW_GRDH_1SDV_20231119T102535_20231119T102604_051285_062FF6_rtc,2023-11-19T10:25:50.084410+00:00,2023-11-19,2023Q4,S1A,113,ascending,P1_vacant__v1,placebo,LINEAR_POWER_GAMMA0,0.4218518137931824,93,0.09159398823976517,93
FROZEN,S1A_IW_GRDH_1SDV_20231119T102535_20231119T102604_051285_062FF6_rtc,2023-11-19T10:25:50.084410+00:00,2023-11-19,2023Q4,S1A,113,ascending,X1_build_slab__v1,positive_control,LINEAR_POWER_GAMMA0,1.9330319166183472,67,0.2702730894088745,67
FROZEN,S1A_IW_GRDH_1SDV_20231119T102535_20231119T102604_051285_062FF6_rtc,2023-11-19T10:25:50.084410+00:00,2023-11-19,2023Q4,S1A,113,ascending,X2_build_site__v1,positive_control,LINEAR_POWER_GAMMA0,1.7642632722854614,155,0.3040268123149872,155
FROZEN,S1A_IW_GRDH_1SDV_20231124T103347_20231124T103416_051358_063282_rtc,2023-11-24T10:34:02.133143+00:00,2023-11-24,2023Q4,S1A,11,ascending,T1_ntt_fdc__v1,treatment,LINEAR_POWER_GAMMA0,2.618347406387329,307,0.8946832418441772,307
FROZEN,S1A_IW_GRDH_1SDV_20231124T103347_20231124T103416_051358_063282_rtc,2023-11-24T10:34:02.133143+00:00,2023-11-24,2023Q4,S1A,11,ascending,C1_hkex_dc__v1,control,LINEAR_POWER_GAMMA0,0.24151018261909485,55,0.08769144862890244,55
FROZEN,S1A_IW_GRDH_1SDV_20231124T103347_20231124T103416_051358_063282_rtc,2023-11-24T10:34:02.133143+00:00,2023-11-24,2023Q4,S1A,11,ascending,C2b_amc__v2,positive_control,LINEAR_POWER_GAMMA0,5.060534477233887,260,0.4979529082775116,260
FROZEN,S1A_IW_GRDH_1SDV_20231124T103347_20231124T103416_051358_063282_rtc,2023-11-24T10:34:02.133143+00:00,2023-11-24,2023Q4,S1A,11,ascending,P1_vacant__v1,placebo,LINEAR_POWER_GAMMA0,0.3464352488517761,93,0.09181911498308182,93
FROZEN,S1A_IW_GRDH_1SDV_20231124T103347_20231124T103416_051358_063282_rtc,2023-11-24T10:34:02.133143+00:00,2023-11-24,2023Q4,S1A,11,ascending,X1_build_slab__v1,positive_control,LINEAR_POWER_GAMMA0,1.7538455724716187,67,0.2836303412914276,67
FROZEN,S1A_IW_GRDH_1SDV_20231124T103347_20231124T103416_051358_063282_rtc,2023-11-24T10:34:02.133143+00:00,2023-11-24,2023Q4,S1A,11,ascending,X2_build_site__v1,positive_control,LINEAR_POWER_GAMMA0,1.5872278213500977,155,0.2328861802816391,155
FROZEN,S1A_IW_GRDH_1SDV_20231206T103347_20231206T103416_051533_063884_rtc,2023-12-06T10:34:01.985368+00:00,2023-12-06,2023Q4,S1A,11,ascending,T1_ntt_fdc__v1,treatment,LINEAR_POWER_GAMMA0,2.716536521911621,307,1.0571531057357788,307
FROZEN,S1A_IW_GRDH_1SDV_20231206T103347_20231206T103416_051533_063884_rtc,2023-12-06T10:34:01.985368+00:00,2023-12-06,2023Q4,S1A,11,ascending,C1_hkex_dc__v1,control,LINEAR_POWER_GAMMA0,0.34593692421913147,55,0.10687261074781418,55
FROZEN,S1A_IW_GRDH_1SDV_20231206T103347_20231206T103416_051533_063884_rtc,2023-12-06T10:34:01.985368+00:00,2023-12-06,2023Q4,S1A,11,ascending,C2b_amc__v2,positive_control,LINEAR_POWER_GAMMA0,5.118500709533691,260,0.5025629997253418,260
FROZEN,S1A_IW_GRDH_1SDV_20231206T103347_20231206T103416_051533_063884_rtc,2023-12-06T10:34:01.985368+00:00,2023-12-06,2023Q4,S1A,11,ascending,P1_vacant__v1,placebo,LINEAR_POWER_GAMMA0,0.29061517119407654,93,0.0928720012307167,93
FROZEN,S1A_IW_GRDH_1SDV_20231206T103347_20231206T103416_051533_063884_rtc,2023-12-06T10:34:01.985368+00:00,2023-12-06,2023Q4,S1A,11,ascending,X1_build_slab__v1,positive_control,LINEAR_POWER_GAMMA0,2.580188751220703,67,0.24310049414634705,67
FROZEN,S1A_IW_GRDH_1SDV_20231206T103347_20231206T103416_051533_063884_rtc,2023-12-06T10:34:01.985368+00:00,2023-12-06,2023Q4,S1A,11,ascending,X2_build_site__v1,positive_control,LINEAR_POWER_GAMMA0,2.1296253204345703,155,0.22647759318351746,155
FROZEN,S1A_IW_GRDH_1SDV_20231213T102534_20231213T102603_051635_063C1D_rtc,2023-12-13T10:25:49.140056+00:00,2023-12-13,2023Q4,S1A,113,ascending,T1_ntt_fdc__v1,treatment,LINEAR_POWER_GAMMA0,2.0543696880340576,307,0.9163219928741455,307
FROZEN,S1A_IW_GRDH_1SDV_20231213T102534_20231213T102603_051635_063C1D_rtc,2023-12-13T10:25:49.140056+00:00,2023-12-13,2023Q4,S1A,113,ascending,C1_hkex_dc__v1,control,LINEAR_POWER_GAMMA0,0.3910813629627228,55,0.0682932585477829,55
FROZEN,S1A_IW_GRDH_1SDV_20231213T102534_20231213T102603_051635_063C1D_rtc,2023-12-13T10:25:49.140056+00:00,2023-12-13,2023Q4,S1A,113,ascending,C2b_amc__v2,positive_control,LINEAR_POWER_GAMMA0,3.307293176651001,260,0.6610355377197266,260
FROZEN,S1A_IW_GRDH_1SDV_20231213T102534_20231213T102603_051635_063C1D_rtc,2023-12-13T10:25:49.140056+00:00,2023-12-13,2023Q4,S1A,113,ascending,P1_vacant__v1,placebo,LINEAR_POWER_GAMMA0,0.49316713213920593,93,0.09737294912338257,93
FROZEN,S1A_IW_GRDH_1SDV_20231213T102534_20231213T102603_051635_063C1D_rtc,2023-12-13T10:25:49.140056+00:00,2023-12-13,2023Q4,S1A,113,ascending,X1_build_slab__v1,positive_control,LINEAR_POWER_GAMMA0,3.8222715854644775,67,0.2809563875198364,67
FROZEN,S1A_IW_GRDH_1SDV_20231213T102534_20231213T102603_051635_063C1D_rtc,2023-12-13T10:25:49.140056+00:00,2023-12-13,2023Q4,S1A,113,ascending,X2_build_site__v1,positive_control,LINEAR_POWER_GAMMA0,2.6882858276367188,155,0.2714556157588959,155
FROZEN,S1A_IW_GRDH_1SDV_20231218T103346_20231218T103415_051708_063EA4_rtc,2023-12-18T10:34:01.326491+00:00,2023-12-18,2023Q4,S1A,11,ascending,T1_ntt_fdc__v1,treatment,LINEAR_POWER_GAMMA0,2.672365188598633,307,1.0158281326293945,307
FROZEN,S1A_IW_GRDH_1SDV_20231218T103346_20231218T103415_051708_063EA4_rtc,2023-12-18T10:34:01.326491+00:00,2023-12-18,2023Q4,S1A,11,ascending,C1_hkex_dc__v1,control,LINEAR_POWER_GAMMA0,0.23246710002422333,55,0.0896834135055542,55
FROZEN,S1A_IW_GRDH_1SDV_20231218T103346_20231218T103415_051708_063EA4_rtc,2023-12-18T10:34:01.326491+00:00,2023-12-18,2023Q4,S1A,11,ascending,C2b_amc__v2,positive_control,LINEAR_POWER_GAMMA0,5.145349025726318,260,0.5105088353157043,260
FROZEN,S1A_IW_GRDH_1SDV_20231218T103346_20231218T103415_051708_063EA4_rtc,2023-12-18T10:34:01.326491+00:00,2023-12-18,2023Q4,S1A,11,ascending,P1_vacant__v1,placebo,LINEAR_POWER_GAMMA0,0.25463253259658813,93,0.07852563261985779,93
FROZEN,S1A_IW_GRDH_1SDV_20231218T103346_20231218T103415_051708_063EA4_rtc,2023-12-18T10:34:01.326491+00:00,2023-12-18,2023Q4,S1A,11,ascending,X1_build_slab__v1,positive_control,LINEAR_POWER_GAMMA0,1.3394125699996948,67,0.2081044316291809,67
FROZEN,S1A_IW_GRDH_1SDV_20231218T103346_20231218T103415_051708_063EA4_rtc,2023-12-18T10:34:01.326491+00:00,2023-12-18,2023Q4,S1A,11,ascending,X2_build_site__v1,positive_control,LINEAR_POWER_GAMMA0,1.965510606765747,155,0.20243801176548004,155
FROZEN,S1A_IW_GRDH_1SDV_20231225T102533_20231225T102602_051810_064220_rtc,2023-12-25T10:25:48.162891+00:00,2023-12-25,2023Q4,S1A,113,ascending,T1_ntt_fdc__v1,treatment,LINEAR_POWER_GAMMA0,1.8498725891113281,307,0.8369186520576477,307
FROZEN,S1A_IW_GRDH_1SDV_20231225T102533_20231225T102602_051810_064220_rtc,2023-12-25T10:25:48.162891+00:00,2023-12-25,2023Q4,S1A,113,ascending,C1_hkex_dc__v1,control,LINEAR_POWER_GAMMA0,0.3500574231147766,55,0.03377484530210495,55
FROZEN,S1A_IW_GRDH_1SDV_20231225T102533_20231225T102602_051810_064220_rtc,2023-12-25T10:25:48.162891+00:00,2023-12-25,2023Q4,S1A,113,ascending,C2b_amc__v2,positive_control,LINEAR_POWER_GAMMA0,3.1631085872650146,260,0.6861689686775208,260
FROZEN,S1A_IW_GRDH_1SDV_20231225T102533_20231225T102602_051810_064220_rtc,2023-12-25T10:25:48.162891+00:00,2023-12-25,2023Q4,S1A,113,ascending,P1_vacant__v1,placebo,LINEAR_POWER_GAMMA0,0.32938870787620544,93,0.08526917546987534,93
FROZEN,S1A_IW_GRDH_1SDV_20231225T102533_20231225T102602_051810_064220_rtc,2023-12-25T10:25:48.162891+00:00,2023-12-25,2023Q4,S1A,113,ascending,X1_build_slab__v1,positive_control,LINEAR_POWER_GAMMA0,3.783658742904663,67,0.2972968518733978,67
FROZEN,S1A_IW_GRDH_1SDV_20231225T102533_20231225T102602_051810_064220_rtc,2023-12-25T10:25:48.162891+00:00,2023-12-25,2023Q4,S1A,113,ascending,X2_build_site__v1,positive_control,LINEAR_POWER_GAMMA0,2.7977399826049805,155,0.30469271540641785,155
FROZEN,S1A_IW_GRDH_1SDV_20231230T103346_20231230T103415_051883_0644AC_rtc,2023-12-30T10:34:00.727363+00:00,2023-12-30,2023Q4,S1A,11,ascending,T1_ntt_fdc__v1,treatment,LINEAR_POWER_GAMMA0,2.8764355182647705,307,1.0402864217758179,307
FROZEN,S1A_IW_GRDH_1SDV_20231230T103346_20231230T103415_051883_0644AC_rtc,2023-12-30T10:34:00.727363+00:00,2023-12-30,2023Q4,S1A,11,ascending,C1_hkex_dc__v1,control,LINEAR_POWER_GAMMA0,0.23405879735946655,55,0.08541259169578552,55
FROZEN,S1A_IW_GRDH_1SDV_20231230T103346_20231230T103415_051883_0644AC_rtc,2023-12-30T10:34:00.727363+00:00,2023-12-30,2023Q4,S1A,11,ascending,C2b_amc__v2,positive_control,LINEAR_POWER_GAMMA0,5.471038341522217,260,0.5035833716392517,260
FROZEN,S1A_IW_GRDH_1SDV_20231230T103346_20231230T103415_051883_0644AC_rtc,2023-12-30T10:34:00.727363+00:00,2023-12-30,2023Q4,S1A,11,ascending,P1_vacant__v1,placebo,LINEAR_POWER_GAMMA0,0.3350008428096771,93,0.08738065510988235,93
FROZEN,S1A_IW_GRDH_1SDV_20231230T103346_20231230T103415_051883_0644AC_rtc,2023-12-30T10:34:00.727363+00:00,2023-12-30,2023Q4,S1A,11,ascending,X1_build_slab__v1,positive_control,LINEAR_POWER_GAMMA0,5.858445167541504,67,0.27712711691856384,67
FROZEN,S1A_IW_GRDH_1SDV_20231230T103346_20231230T103415_051883_0644AC_rtc,2023-12-30T10:34:00.727363+00:00,2023-12-30,2023Q4,S1A,11,ascending,X2_build_site__v1,positive_control,LINEAR_POWER_GAMMA0,4.58635139465332,155,0.2521041929721832,155
FROZEN,S1A_IW_GRDH_1SDV_20240106T102533_20240106T102602_051985_06481D_rtc,2024-01-06T10:25:47.763560+00:00,2024-01-06,2024Q1,S1A,113,ascending,T1_ntt_fdc__v1,treatment,LINEAR_POWER_GAMMA0,2.0365970134735107,307,0.8980605602264404,307
FROZEN,S1A_IW_GRDH_1SDV_20240106T102533_20240106T102602_051985_06481D_rtc,2024-01-06T10:25:47.763560+00:00,2024-01-06,2024Q1,S1A,113,ascending,C1_hkex_dc__v1,control,LINEAR_POWER_GAMMA0,0.3799670934677124,55,0.052338168025016785,55
FROZEN,S1A_IW_GRDH_1SDV_20240106T102533_20240106T102602_051985_06481D_rtc,2024-01-06T10:25:47.763560+00:00,2024-01-06,2024Q1,S1A,113,ascending,C2b_amc__v2,positive_control,LINEAR_POWER_GAMMA0,3.6783978939056396,260,0.6734032034873962,260
FROZEN,S1A_IW_GRDH_1SDV_20240106T102533_20240106T102602_051985_06481D_rtc,2024-01-06T10:25:47.763560+00:00,2024-01-06,2024Q1,S1A,113,ascending,P1_vacant__v1,placebo,LINEAR_POWER_GAMMA0,1.7488456964492798,93,0.12589751183986664,93
FROZEN,S1A_IW_GRDH_1SDV_20240106T102533_20240106T102602_051985_06481D_rtc,2024-01-06T10:25:47.763560+00:00,2024-01-06,2024Q1,S1A,113,ascending,X1_build_slab__v1,positive_control,LINEAR_POWER_GAMMA0,2.767204523086548,67,0.4166778028011322,67
FROZEN,S1A_IW_GRDH_1SDV_20240106T102533_20240106T102602_051985_06481D_rtc,2024-01-06T10:25:47.763560+00:00,2024-01-06,2024Q1,S1A,113,ascending,X2_build_site__v1,positive_control,LINEAR_POWER_GAMMA0,2.2019011974334717,155,0.32060980796813965,155
FROZEN,S1A_IW_GRDH_1SDV_20240118T102532_20240118T102601_052160_064E0C_rtc,2024-01-18T10:25:46.968629+00:00,2024-01-18,2024Q1,S1A,113,ascending,T1_ntt_fdc__v1,treatment,LINEAR_POWER_GAMMA0,1.8731578588485718,307,0.8647337555885315,307
FROZEN,S1A_IW_GRDH_1SDV_20240118T102532_20240118T102601_052160_064E0C_rtc,2024-01-18T10:25:46.968629+00:00,2024-01-18,2024Q1,S1A,113,ascending,C1_hkex_dc__v1,control,LINEAR_POWER_GAMMA0,0.43486717343330383,55,0.059622686356306076,55
FROZEN,S1A_IW_GRDH_1SDV_20240118T102532_20240118T102601_052160_064E0C_rtc,2024-01-18T10:25:46.968629+00:00,2024-01-18,2024Q1,S1A,113,ascending,C2b_amc__v2,positive_control,LINEAR_POWER_GAMMA0,3.0565879344940186,260,0.5855963230133057,260
FROZEN,S1A_IW_GRDH_1SDV_20240118T102532_20240118T102601_052160_064E0C_rtc,2024-01-18T10:25:46.968629+00:00,2024-01-18,2024Q1,S1A,113,ascending,P1_vacant__v1,placebo,LINEAR_POWER_GAMMA0,0.5191774368286133,93,0.09933961927890778,93
FROZEN,S1A_IW_GRDH_1SDV_20240118T102532_20240118T102601_052160_064E0C_rtc,2024-01-18T10:25:46.968629+00:00,2024-01-18,2024Q1,S1A,113,ascending,X1_build_slab__v1,positive_control,LINEAR_POWER_GAMMA0,4.846952438354492,67,0.3012462258338928,67
FROZEN,S1A_IW_GRDH_1SDV_20240118T102532_20240118T102601_052160_064E0C_rtc,2024-01-18T10:25:46.968629+00:00,2024-01-18,2024Q1,S1A,113,ascending,X2_build_site__v1,positive_control,LINEAR_POWER_GAMMA0,3.091108560562134,155,0.2792648673057556,155
FROZEN,S1A_IW_GRDH_1SDV_20240123T103345_20240123T103414_052233_06508B_rtc,2024-01-23T10:33:59.660678+00:00,2024-01-23,2024Q1,S1A,11,ascending,T1_ntt_fdc__v1,treatment,LINEAR_POWER_GAMMA0,3.0037198066711426,307,1.1254984140396118,307
FROZEN,S1A_IW_GRDH_1SDV_20240123T103345_20240123T103414_052233_06508B_rtc,2024-01-23T10:33:59.660678+00:00,2024-01-23,2024Q1,S1A,11,ascending,C1_hkex_dc__v1,control,LINEAR_POWER_GAMMA0,0.28710487484931946,55,0.09192197024822235,55
FROZEN,S1A_IW_GRDH_1SDV_20240123T103345_20240123T103414_052233_06508B_rtc,2024-01-23T10:33:59.660678+00:00,2024-01-23,2024Q1,S1A,11,ascending,C2b_amc__v2,positive_control,LINEAR_POWER_GAMMA0,6.242977142333984,260,0.5932804942131042,260
FROZEN,S1A_IW_GRDH_1SDV_20240123T103345_20240123T103414_052233_06508B_rtc,2024-01-23T10:33:59.660678+00:00,2024-01-23,2024Q1,S1A,11,ascending,P1_vacant__v1,placebo,LINEAR_POWER_GAMMA0,0.2954249083995819,93,0.07555311918258667,93
FROZEN,S1A_IW_GRDH_1SDV_20240123T103345_20240123T103414_052233_06508B_rtc,2024-01-23T10:33:59.660678+00:00,2024-01-23,2024Q1,S1A,11,ascending,X1_build_slab__v1,positive_control,LINEAR_POWER_GAMMA0,5.1278533935546875,67,0.22396577894687653,67
FROZEN,S1A_IW_GRDH_1SDV_20240123T103345_20240123T103414_052233_06508B_rtc,2024-01-23T10:33:59.660678+00:00,2024-01-23,2024Q1,S1A,11,ascending,X2_build_site__v1,positive_control,LINEAR_POWER_GAMMA0,3.315969467163086,155,0.20713341236114502,155
FROZEN,S1A_IW_GRDH_1SDV_20240130T102532_20240130T102601_052335_0653FA_rtc,2024-01-30T10:25:46.825621+00:00,2024-01-30,2024Q1,S1A,113,ascending,T1_ntt_fdc__v1,treatment,LINEAR_POWER_GAMMA0,2.476809024810791,307,1.0915400981903076,307
FROZEN,S1A_IW_GRDH_1SDV_20240130T102532_20240130T102601_052335_0653FA_rtc,2024-01-30T10:25:46.825621+00:00,2024-01-30,2024Q1,S1A,113,ascending,C1_hkex_dc__v1,control,LINEAR_POWER_GAMMA0,0.38616886734962463,55,0.06326419115066528,55
FROZEN,S1A_IW_GRDH_1SDV_20240130T102532_20240130T102601_052335_0653FA_rtc,2024-01-30T10:25:46.825621+00:00,2024-01-30,2024Q1,S1A,113,ascending,C2b_amc__v2,positive_control,LINEAR_POWER_GAMMA0,5.138845443725586,260,0.680320143699646,260
FROZEN,S1A_IW_GRDH_1SDV_20240130T102532_20240130T102601_052335_0653FA_rtc,2024-01-30T10:25:46.825621+00:00,2024-01-30,2024Q1,S1A,113,ascending,P1_vacant__v1,placebo,LINEAR_POWER_GAMMA0,0.2717050611972809,93,0.07685433328151703,93
FROZEN,S1A_IW_GRDH_1SDV_20240130T102532_20240130T102601_052335_0653FA_rtc,2024-01-30T10:25:46.825621+00:00,2024-01-30,2024Q1,S1A,113,ascending,X1_build_slab__v1,positive_control,LINEAR_POWER_GAMMA0,2.868969678878784,67,0.29546263813972473,67
FROZEN,S1A_IW_GRDH_1SDV_20240130T102532_20240130T102601_052335_0653FA_rtc,2024-01-30T10:25:46.825621+00:00,2024-01-30,2024Q1,S1A,113,ascending,X2_build_site__v1,positive_control,LINEAR_POWER_GAMMA0,2.235283851623535,155,0.28153857588768005,155
FROZEN,S1A_IW_GRDH_1SDV_20240204T103344_20240204T103413_052408_065677_rtc,2024-02-04T10:33:59.330279+00:00,2024-02-04,2024Q1,S1A,11,ascending,T1_ntt_fdc__v1,treatment,LINEAR_POWER_GAMMA0,2.976731777191162,307,1.078040599822998,307
FROZEN,S1A_IW_GRDH_1SDV_20240204T103344_20240204T103413_052408_065677_rtc,2024-02-04T10:33:59.330279+00:00,2024-02-04,2024Q1,S1A,11,ascending,C1_hkex_dc__v1,control,LINEAR_POWER_GAMMA0,0.26084211468696594,55,0.08567864447832108,55
FROZEN,S1A_IW_GRDH_1SDV_20240204T103344_20240204T103413_052408_065677_rtc,2024-02-04T10:33:59.330279+00:00,2024-02-04,2024Q1,S1A,11,ascending,C2b_amc__v2,positive_control,LINEAR_POWER_GAMMA0,7.047998428344727,260,0.5841872096061707,260
FROZEN,S1A_IW_GRDH_1SDV_20240204T103344_20240204T103413_052408_065677_rtc,2024-02-04T10:33:59.330279+00:00,2024-02-04,2024Q1,S1A,11,ascending,P1_vacant__v1,placebo,LINEAR_POWER_GAMMA0,0.3682754635810852,93,0.08367718011140823,93
FROZEN,S1A_IW_GRDH_1SDV_20240204T103344_20240204T103413_052408_065677_rtc,2024-02-04T10:33:59.330279+00:00,2024-02-04,2024Q1,S1A,11,ascending,X1_build_slab__v1,positive_control,LINEAR_POWER_GAMMA0,6.1134138107299805,67,0.29281169176101685,67
FROZEN,S1A_IW_GRDH_1SDV_20240204T103344_20240204T103413_052408_065677_rtc,2024-02-04T10:33:59.330279+00:00,2024-02-04,2024Q1,S1A,11,ascending,X2_build_site__v1,positive_control,LINEAR_POWER_GAMMA0,3.689506769180298,155,0.2428530603647232,155
FROZEN,S1A_IW_GRDH_1SDV_20240211T102531_20240211T102600_052510_0659DE_rtc,2024-02-11T10:25:46.379972+00:00,2024-02-11,2024Q1,S1A,113,ascending,T1_ntt_fdc__v1,treatment,LINEAR_POWER_GAMMA0,2.1889164447784424,307,1.0328657627105713,307
FROZEN,S1A_IW_GRDH_1SDV_20240211T102531_20240211T102600_052510_0659DE_rtc,2024-02-11T10:25:46.379972+00:00,2024-02-11,2024Q1,S1A,113,ascending,C1_hkex_dc__v1,control,LINEAR_POWER_GAMMA0,0.35962429642677307,55,0.05045340582728386,55
FROZEN,S1A_IW_GRDH_1SDV_20240211T102531_20240211T102600_052510_0659DE_rtc,2024-02-11T10:25:46.379972+00:00,2024-02-11,2024Q1,S1A,113,ascending,C2b_amc__v2,positive_control,LINEAR_POWER_GAMMA0,3.952840566635132,260,0.8139182329177856,260
FROZEN,S1A_IW_GRDH_1SDV_20240211T102531_20240211T102600_052510_0659DE_rtc,2024-02-11T10:25:46.379972+00:00,2024-02-11,2024Q1,S1A,113,ascending,P1_vacant__v1,placebo,LINEAR_POWER_GAMMA0,0.5876427292823792,93,0.10647356510162354,93
FROZEN,S1A_IW_GRDH_1SDV_20240211T102531_20240211T102600_052510_0659DE_rtc,2024-02-11T10:25:46.379972+00:00,2024-02-11,2024Q1,S1A,113,ascending,X1_build_slab__v1,positive_control,LINEAR_POWER_GAMMA0,2.2957851886749268,67,0.34280720353126526,67
FROZEN,S1A_IW_GRDH_1SDV_20240211T102531_20240211T102600_052510_0659DE_rtc,2024-02-11T10:25:46.379972+00:00,2024-02-11,2024Q1,S1A,113,ascending,X2_build_site__v1,positive_control,LINEAR_POWER_GAMMA0,1.8209666013717651,155,0.28160420060157776,155
FROZEN,S1A_IW_GRDH_1SDV_20240216T103344_20240216T103413_052583_065C62_rtc,2024-02-16T10:33:59.094289+00:00,2024-02-16,2024Q1,S1A,11,ascending,T1_ntt_fdc__v1,treatment,LINEAR_POWER_GAMMA0,2.7909812927246094,307,1.1918679475784302,307
FROZEN,S1A_IW_GRDH_1SDV_20240216T103344_20240216T103413_052583_065C62_rtc,2024-02-16T10:33:59.094289+00:00,2024-02-16,2024Q1,S1A,11,ascending,C1_hkex_dc__v1,control,LINEAR_POWER_GAMMA0,0.20768548548221588,55,0.0850982815027237,55
FROZEN,S1A_IW_GRDH_1SDV_20240216T103344_20240216T103413_052583_065C62_rtc,2024-02-16T10:33:59.094289+00:00,2024-02-16,2024Q1,S1A,11,ascending,C2b_amc__v2,positive_control,LINEAR_POWER_GAMMA0,5.672179698944092,260,0.5178752541542053,260
FROZEN,S1A_IW_GRDH_1SDV_20240216T103344_20240216T103413_052583_065C62_rtc,2024-02-16T10:33:59.094289+00:00,2024-02-16,2024Q1,S1A,11,ascending,P1_vacant__v1,placebo,LINEAR_POWER_GAMMA0,0.31074804067611694,93,0.09905417263507843,93
FROZEN,S1A_IW_GRDH_1SDV_20240216T103344_20240216T103413_052583_065C62_rtc,2024-02-16T10:33:59.094289+00:00,2024-02-16,2024Q1,S1A,11,ascending,X1_build_slab__v1,positive_control,LINEAR_POWER_GAMMA0,1.40970778465271,67,0.23369631171226501,67
FROZEN,S1A_IW_GRDH_1SDV_20240216T103344_20240216T103413_052583_065C62_rtc,2024-02-16T10:33:59.094289+00:00,2024-02-16,2024Q1,S1A,11,ascending,X2_build_site__v1,positive_control,LINEAR_POWER_GAMMA0,1.1489169597625732,155,0.2078629732131958,155
FROZEN,S1A_IW_GRDH_1SDV_20240223T102531_20240223T102600_052685_065FD0_rtc,2024-02-23T10:25:46.299525+00:00,2024-02-23,2024Q1,S1A,113,ascending,T1_ntt_fdc__v1,treatment,LINEAR_POWER_GAMMA0,2.241874933242798,307,1.015979528427124,307
FROZEN,S1A_IW_GRDH_1SDV_20240223T102531_20240223T102600_052685_065FD0_rtc,2024-02-23T10:25:46.299525+00:00,2024-02-23,2024Q1,S1A,113,ascending,C1_hkex_dc__v1,control,LINEAR_POWER_GAMMA0,0.33789482712745667,55,0.07460802048444748,55
FROZEN,S1A_IW_GRDH_1SDV_20240223T102531_20240223T102600_052685_065FD0_rtc,2024-02-23T10:25:46.299525+00:00,2024-02-23,2024Q1,S1A,113,ascending,C2b_amc__v2,positive_control,LINEAR_POWER_GAMMA0,3.2565579414367676,260,0.6990436315536499,260
FROZEN,S1A_IW_GRDH_1SDV_20240223T102531_20240223T102600_052685_065FD0_rtc,2024-02-23T10:25:46.299525+00:00,2024-02-23,2024Q1,S1A,113,ascending,P1_vacant__v1,placebo,LINEAR_POWER_GAMMA0,0.3693878948688507,93,0.07483848929405212,93
FROZEN,S1A_IW_GRDH_1SDV_20240223T102531_20240223T102600_052685_065FD0_rtc,2024-02-23T10:25:46.299525+00:00,2024-02-23,2024Q1,S1A,113,ascending,X1_build_slab__v1,positive_control,LINEAR_POWER_GAMMA0,2.3395907878875732,67,0.23551391065120697,67
FROZEN,S1A_IW_GRDH_1SDV_20240223T102531_20240223T102600_052685_065FD0_rtc,2024-02-23T10:25:46.299525+00:00,2024-02-23,2024Q1,S1A,113,ascending,X2_build_site__v1,positive_control,LINEAR_POWER_GAMMA0,1.668675422668457,155,0.2783629894256592,155
FROZEN,S1A_IW_GRDH_1SDV_20240228T103344_20240228T103413_052758_06624F_rtc,2024-02-28T10:33:58.947875+00:00,2024-02-28,2024Q1,S1A,11,ascending,T1_ntt_fdc__v1,treatment,LINEAR_POWER_GAMMA0,2.84477162361145,307,1.1988308429718018,307
FROZEN,S1A_IW_GRDH_1SDV_20240228T103344_20240228T103413_052758_06624F_rtc,2024-02-28T10:33:58.947875+00:00,2024-02-28,2024Q1,S1A,11,ascending,C1_hkex_dc__v1,control,LINEAR_POWER_GAMMA0,0.22233349084854126,55,0.0852392390370369,55
FROZEN,S1A_IW_GRDH_1SDV_20240228T103344_20240228T103413_052758_06624F_rtc,2024-02-28T10:33:58.947875+00:00,2024-02-28,2024Q1,S1A,11,ascending,C2b_amc__v2,positive_control,LINEAR_POWER_GAMMA0,4.756250858306885,260,0.5363326668739319,260
FROZEN,S1A_IW_GRDH_1SDV_20240228T103344_20240228T103413_052758_06624F_rtc,2024-02-28T10:33:58.947875+00:00,2024-02-28,2024Q1,S1A,11,ascending,P1_vacant__v1,placebo,LINEAR_POWER_GAMMA0,0.2860422432422638,93,0.06935081630945206,93
FROZEN,S1A_IW_GRDH_1SDV_20240228T103344_20240228T103413_052758_06624F_rtc,2024-02-28T10:33:58.947875+00:00,2024-02-28,2024Q1,S1A,11,ascending,X1_build_slab__v1,positive_control,LINEAR_POWER_GAMMA0,4.6514668464660645,67,0.23628458380699158,67
FROZEN,S1A_IW_GRDH_1SDV_20240228T103344_20240228T103413_052758_06624F_rtc,2024-02-28T10:33:58.947875+00:00,2024-02-28,2024Q1,S1A,11,ascending,X2_build_site__v1,positive_control,LINEAR_POWER_GAMMA0,2.969409465789795,155,0.2018500417470932,155
FROZEN,S1A_IW_GRDH_1SDV_20240306T102531_20240306T102600_052860_0665C3_rtc,2024-03-06T10:25:46.398309+00:00,2024-03-06,2024Q1,S1A,113,ascending,T1_ntt_fdc__v1,treatment,LINEAR_POWER_GAMMA0,2.1947879791259766,307,1.027258038520813,307
FROZEN,S1A_IW_GRDH_1SDV_20240306T102531_20240306T102600_052860_0665C3_rtc,2024-03-06T10:25:46.398309+00:00,2024-03-06,2024Q1,S1A,113,ascending,C1_hkex_dc__v1,control,LINEAR_POWER_GAMMA0,0.4049527645111084,55,0.06874067336320877,55
FROZEN,S1A_IW_GRDH_1SDV_20240306T102531_20240306T102600_052860_0665C3_rtc,2024-03-06T10:25:46.398309+00:00,2024-03-06,2024Q1,S1A,113,ascending,C2b_amc__v2,positive_control,LINEAR_POWER_GAMMA0,3.3550899028778076,260,0.8093202710151672,260
FROZEN,S1A_IW_GRDH_1SDV_20240306T102531_20240306T102600_052860_0665C3_rtc,2024-03-06T10:25:46.398309+00:00,2024-03-06,2024Q1,S1A,113,ascending,P1_vacant__v1,placebo,LINEAR_POWER_GAMMA0,0.3068282902240753,93,0.10432937741279602,93
FROZEN,S1A_IW_GRDH_1SDV_20240306T102531_20240306T102600_052860_0665C3_rtc,2024-03-06T10:25:46.398309+00:00,2024-03-06,2024Q1,S1A,113,ascending,X1_build_slab__v1,positive_control,LINEAR_POWER_GAMMA0,2.906079053878784,67,0.34182238578796387,67
FROZEN,S1A_IW_GRDH_1SDV_20240306T102531_20240306T102600_052860_0665C3_rtc,2024-03-06T10:25:46.398309+00:00,2024-03-06,2024Q1,S1A,113,ascending,X2_build_site__v1,positive_control,LINEAR_POWER_GAMMA0,2.127800226211548,155,0.28916695713996887,155
FROZEN,S1A_IW_GRDH_1SDV_20240311T103344_20240311T103413_052933_066845_rtc,2024-03-11T10:33:59.094245+00:00,2024-03-11,2024Q1,S1A,11,ascending,T1_ntt_fdc__v1,treatment,LINEAR_POWER_GAMMA0,3.6616322994232178,307,1.2615629434585571,307
FROZEN,S1A_IW_GRDH_1SDV_20240311T103344_20240311T103413_052933_066845_rtc,2024-03-11T10:33:59.094245+00:00,2024-03-11,2024Q1,S1A,11,ascending,C1_hkex_dc__v1,control,LINEAR_POWER_GAMMA0,0.2697827219963074,55,0.09235185384750366,55
FROZEN,S1A_IW_GRDH_1SDV_20240311T103344_20240311T103413_052933_066845_rtc,2024-03-11T10:33:59.094245+00:00,2024-03-11,2024Q1,S1A,11,ascending,C2b_amc__v2,positive_control,LINEAR_POWER_GAMMA0,10.657666206359863,260,0.7192615270614624,260
FROZEN,S1A_IW_GRDH_1SDV_20240311T103344_20240311T103413_052933_066845_rtc,2024-03-11T10:33:59.094245+00:00,2024-03-11,2024Q1,S1A,11,ascending,P1_vacant__v1,placebo,LINEAR_POWER_GAMMA0,0.5202344059944153,93,0.08910822868347168,93
FROZEN,S1A_IW_GRDH_1SDV_20240311T103344_20240311T103413_052933_066845_rtc,2024-03-11T10:33:59.094245+00:00,2024-03-11,2024Q1,S1A,11,ascending,X1_build_slab__v1,positive_control,LINEAR_POWER_GAMMA0,6.184441089630127,67,0.180502787232399,67
FROZEN,S1A_IW_GRDH_1SDV_20240311T103344_20240311T103413_052933_066845_rtc,2024-03-11T10:33:59.094245+00:00,2024-03-11,2024Q1,S1A,11,ascending,X2_build_site__v1,positive_control,LINEAR_POWER_GAMMA0,3.8900249004364014,155,0.19940760731697083,155
FROZEN,S1A_IW_GRDH_1SDV_20240318T102532_20240318T102601_053035_066BF7_rtc,2024-03-18T10:25:46.735001+00:00,2024-03-18,2024Q1,S1A,113,ascending,T1_ntt_fdc__v1,treatment,LINEAR_POWER_GAMMA0,2.408844470977783,307,1.098755121231079,307
FROZEN,S1A_IW_GRDH_1SDV_20240318T102532_20240318T102601_053035_066BF7_rtc,2024-03-18T10:25:46.735001+00:00,2024-03-18,2024Q1,S1A,113,ascending,C1_hkex_dc__v1,control,LINEAR_POWER_GAMMA0,0.37202924489974976,55,0.07965395599603653,55
FROZEN,S1A_IW_GRDH_1SDV_20240318T102532_20240318T102601_053035_066BF7_rtc,2024-03-18T10:25:46.735001+00:00,2024-03-18,2024Q1,S1A,113,ascending,C2b_amc__v2,positive_control,LINEAR_POWER_GAMMA0,3.7766830921173096,260,0.7950751781463623,260
FROZEN,S1A_IW_GRDH_1SDV_20240318T102532_20240318T102601_053035_066BF7_rtc,2024-03-18T10:25:46.735001+00:00,2024-03-18,2024Q1,S1A,113,ascending,P1_vacant__v1,placebo,LINEAR_POWER_GAMMA0,2.1901726722717285,93,0.1549946665763855,93
FROZEN,S1A_IW_GRDH_1SDV_20240318T102532_20240318T102601_053035_066BF7_rtc,2024-03-18T10:25:46.735001+00:00,2024-03-18,2024Q1,S1A,113,ascending,X1_build_slab__v1,positive_control,LINEAR_POWER_GAMMA0,2.4479618072509766,67,0.22044868767261505,67
FROZEN,S1A_IW_GRDH_1SDV_20240318T102532_20240318T102601_053035_066BF7_rtc,2024-03-18T10:25:46.735001+00:00,2024-03-18,2024Q1,S1A,113,ascending,X2_build_site__v1,positive_control,LINEAR_POWER_GAMMA0,3.152387857437134,155,0.20472905039787292,155
FROZEN,S1A_IW_GRDH_1SDV_20240323T103344_20240323T103413_053108_066ECE_rtc,2024-03-23T10:33:59.411264+00:00,2024-03-23,2024Q1,S1A,11,ascending,T1_ntt_fdc__v1,treatment,LINEAR_POWER_GAMMA0,2.5473124980926514,307,1.476770281791687,307
FROZEN,S1A_IW_GRDH_1SDV_20240323T103344_20240323T103413_053108_066ECE_rtc,2024-03-23T10:33:59.411264+00:00,2024-03-23,2024Q1,S1A,11,ascending,C1_hkex_dc__v1,control,LINEAR_POWER_GAMMA0,0.22054517269134521,55,0.08304975181818008,55
FROZEN,S1A_IW_GRDH_1SDV_20240323T103344_20240323T103413_053108_066ECE_rtc,2024-03-23T10:33:59.411264+00:00,2024-03-23,2024Q1,S1A,11,ascending,C2b_amc__v2,positive_control,LINEAR_POWER_GAMMA0,5.825253009796143,260,0.6273065805435181,260
FROZEN,S1A_IW_GRDH_1SDV_20240323T103344_20240323T103413_053108_066ECE_rtc,2024-03-23T10:33:59.411264+00:00,2024-03-23,2024Q1,S1A,11,ascending,P1_vacant__v1,placebo,LINEAR_POWER_GAMMA0,0.350961297750473,93,0.08062812685966492,93
FROZEN,S1A_IW_GRDH_1SDV_20240323T103344_20240323T103413_053108_066ECE_rtc,2024-03-23T10:33:59.411264+00:00,2024-03-23,2024Q1,S1A,11,ascending,X1_build_slab__v1,positive_control,LINEAR_POWER_GAMMA0,0.9212712645530701,67,0.16030621528625488,67
FROZEN,S1A_IW_GRDH_1SDV_20240323T103344_20240323T103413_053108_066ECE_rtc,2024-03-23T10:33:59.411264+00:00,2024-03-23,2024Q1,S1A,11,ascending,X2_build_site__v1,positive_control,LINEAR_POWER_GAMMA0,1.5713030099868774,155,0.14568890631198883,155
FROZEN,S1A_IW_GRDH_1SDV_20240330T102532_20240330T102601_053210_0672A0_rtc,2024-03-30T10:25:47.154074+00:00,2024-03-30,2024Q1,S1A,113,ascending,T1_ntt_fdc__v1,treatment,LINEAR_POWER_GAMMA0,2.355380058288574,307,1.2798526287078857,307
FROZEN,S1A_IW_GRDH_1SDV_20240330T102532_20240330T102601_053210_0672A0_rtc,2024-03-30T10:25:47.154074+00:00,2024-03-30,2024Q1,S1A,113,ascending,C1_hkex_dc__v1,control,LINEAR_POWER_GAMMA0,0.33993467688560486,55,0.051816534250974655,55
FROZEN,S1A_IW_GRDH_1SDV_20240330T102532_20240330T102601_053210_0672A0_rtc,2024-03-30T10:25:47.154074+00:00,2024-03-30,2024Q1,S1A,113,ascending,C2b_amc__v2,positive_control,LINEAR_POWER_GAMMA0,3.35941481590271,260,0.707784116268158,260
FROZEN,S1A_IW_GRDH_1SDV_20240330T102532_20240330T102601_053210_0672A0_rtc,2024-03-30T10:25:47.154074+00:00,2024-03-30,2024Q1,S1A,113,ascending,P1_vacant__v1,placebo,LINEAR_POWER_GAMMA0,1.0573800802230835,93,0.07091529667377472,93
FROZEN,S1A_IW_GRDH_1SDV_20240330T102532_20240330T102601_053210_0672A0_rtc,2024-03-30T10:25:47.154074+00:00,2024-03-30,2024Q1,S1A,113,ascending,X1_build_slab__v1,positive_control,LINEAR_POWER_GAMMA0,1.2542893886566162,67,0.1712811440229416,67
FROZEN,S1A_IW_GRDH_1SDV_20240330T102532_20240330T102601_053210_0672A0_rtc,2024-03-30T10:25:47.154074+00:00,2024-03-30,2024Q1,S1A,113,ascending,X2_build_site__v1,positive_control,LINEAR_POWER_GAMMA0,1.0353100299835205,155,0.17645063996315002,155
FROZEN,S1A_IW_GRDH_1SDV_20240404T103345_20240404T103414_053283_067573_rtc,2024-04-04T10:34:00.041089+00:00,2024-04-04,2024Q2,S1A,11,ascending,T1_ntt_fdc__v1,treatment,LINEAR_POWER_GAMMA0,2.565049171447754,307,1.4889373779296875,307
FROZEN,S1A_IW_GRDH_1SDV_20240404T103345_20240404T103414_053283_067573_rtc,2024-04-04T10:34:00.041089+00:00,2024-04-04,2024Q2,S1A,11,ascending,C1_hkex_dc__v1,control,LINEAR_POWER_GAMMA0,0.22828173637390137,55,0.08411643654108047,55
FROZEN,S1A_IW_GRDH_1SDV_20240404T103345_20240404T103414_053283_067573_rtc,2024-04-04T10:34:00.041089+00:00,2024-04-04,2024Q2,S1A,11,ascending,C2b_amc__v2,positive_control,LINEAR_POWER_GAMMA0,6.329495906829834,260,0.6313621401786804,260
FROZEN,S1A_IW_GRDH_1SDV_20240404T103345_20240404T103414_053283_067573_rtc,2024-04-04T10:34:00.041089+00:00,2024-04-04,2024Q2,S1A,11,ascending,P1_vacant__v1,placebo,LINEAR_POWER_GAMMA0,0.18730652332305908,93,0.06707148253917694,93
FROZEN,S1A_IW_GRDH_1SDV_20240404T103345_20240404T103414_053283_067573_rtc,2024-04-04T10:34:00.041089+00:00,2024-04-04,2024Q2,S1A,11,ascending,X1_build_slab__v1,positive_control,LINEAR_POWER_GAMMA0,0.5527469515800476,67,0.0961092859506607,67
FROZEN,S1A_IW_GRDH_1SDV_20240404T103345_20240404T103414_053283_067573_rtc,2024-04-04T10:34:00.041089+00:00,2024-04-04,2024Q2,S1A,11,ascending,X2_build_site__v1,positive_control,LINEAR_POWER_GAMMA0,0.812682569026947,155,0.10539868474006653,155
FROZEN,S1A_IW_GRDH_1SDV_20240411T102531_20240411T102600_053385_067984_rtc,2024-04-11T10:25:46.176521+00:00,2024-04-11,2024Q2,S1A,113,ascending,T1_ntt_fdc__v1,treatment,LINEAR_POWER_GAMMA0,2.2482054233551025,307,1.0642956495285034,307
FROZEN,S1A_IW_GRDH_1SDV_20240411T102531_20240411T102600_053385_067984_rtc,2024-04-11T10:25:46.176521+00:00,2024-04-11,2024Q2,S1A,113,ascending,C1_hkex_dc__v1,control,LINEAR_POWER_GAMMA0,0.3537866771221161,55,0.07834348827600479,55
FROZEN,S1A_IW_GRDH_1SDV_20240411T102531_20240411T102600_053385_067984_rtc,2024-04-11T10:25:46.176521+00:00,2024-04-11,2024Q2,S1A,113,ascending,C2b_amc__v2,positive_control,LINEAR_POWER_GAMMA0,2.719501256942749,260,0.6963328719139099,260
FROZEN,S1A_IW_GRDH_1SDV_20240411T102531_20240411T102600_053385_067984_rtc,2024-04-11T10:25:46.176521+00:00,2024-04-11,2024Q2,S1A,113,ascending,P1_vacant__v1,placebo,LINEAR_POWER_GAMMA0,0.4684089422225952,93,0.08576150238513947,93
FROZEN,S1A_IW_GRDH_1SDV_20240411T102531_20240411T102600_053385_067984_rtc,2024-04-11T10:25:46.176521+00:00,2024-04-11,2024Q2,S1A,113,ascending,X1_build_slab__v1,positive_control,LINEAR_POWER_GAMMA0,1.2910131216049194,67,0.20847395062446594,67
FROZEN,S1A_IW_GRDH_1SDV_20240411T102531_20240411T102600_053385_067984_rtc,2024-04-11T10:25:46.176521+00:00,2024-04-11,2024Q2,S1A,113,ascending,X2_build_site__v1,positive_control,LINEAR_POWER_GAMMA0,1.042214274406433,155,0.21910706162452698,155
FROZEN,S1A_IW_GRDH_1SDV_20240416T103345_20240416T103414_053458_067C65_rtc,2024-04-16T10:34:00.056185+00:00,2024-04-16,2024Q2,S1A,11,ascending,T1_ntt_fdc__v1,treatment,LINEAR_POWER_GAMMA0,2.4993019104003906,307,1.2480155229568481,307
FROZEN,S1A_IW_GRDH_1SDV_20240416T103345_20240416T103414_053458_067C65_rtc,2024-04-16T10:34:00.056185+00:00,2024-04-16,2024Q2,S1A,11,ascending,C1_hkex_dc__v1,control,LINEAR_POWER_GAMMA0,0.23692625761032104,55,0.08011214435100555,55
FROZEN,S1A_IW_GRDH_1SDV_20240416T103345_20240416T103414_053458_067C65_rtc,2024-04-16T10:34:00.056185+00:00,2024-04-16,2024Q2,S1A,11,ascending,C2b_amc__v2,positive_control,LINEAR_POWER_GAMMA0,6.001851558685303,260,0.5917375087738037,260
FROZEN,S1A_IW_GRDH_1SDV_20240416T103345_20240416T103414_053458_067C65_rtc,2024-04-16T10:34:00.056185+00:00,2024-04-16,2024Q2,S1A,11,ascending,P1_vacant__v1,placebo,LINEAR_POWER_GAMMA0,0.4231351613998413,93,0.07078682631254196,93
FROZEN,S1A_IW_GRDH_1SDV_20240416T103345_20240416T103414_053458_067C65_rtc,2024-04-16T10:34:00.056185+00:00,2024-04-16,2024Q2,S1A,11,ascending,X1_build_slab__v1,positive_control,LINEAR_POWER_GAMMA0,1.1308785676956177,67,0.11546726524829865,67
FROZEN,S1A_IW_GRDH_1SDV_20240416T103345_20240416T103414_053458_067C65_rtc,2024-04-16T10:34:00.056185+00:00,2024-04-16,2024Q2,S1A,11,ascending,X2_build_site__v1,positive_control,LINEAR_POWER_GAMMA0,1.0708791017532349,155,0.11552024632692337,155
FROZEN,S1A_IW_GRDH_1SDV_20240423T102532_20240423T102601_053560_068066_rtc,2024-04-23T10:25:47.350116+00:00,2024-04-23,2024Q2,S1A,113,ascending,T1_ntt_fdc__v1,treatment,LINEAR_POWER_GAMMA0,3.178624391555786,307,1.528578758239746,307
FROZEN,S1A_IW_GRDH_1SDV_20240423T102532_20240423T102601_053560_068066_rtc,2024-04-23T10:25:47.350116+00:00,2024-04-23,2024Q2,S1A,113,ascending,C1_hkex_dc__v1,control,LINEAR_POWER_GAMMA0,0.4669206738471985,55,0.08754242956638336,55
FROZEN,S1A_IW_GRDH_1SDV_20240423T102532_20240423T102601_053560_068066_rtc,2024-04-23T10:25:47.350116+00:00,2024-04-23,2024Q2,S1A,113,ascending,C2b_amc__v2,positive_control,LINEAR_POWER_GAMMA0,4.269044399261475,260,0.9356703162193298,260
FROZEN,S1A_IW_GRDH_1SDV_20240423T102532_20240423T102601_053560_068066_rtc,2024-04-23T10:25:47.350116+00:00,2024-04-23,2024Q2,S1A,113,ascending,P1_vacant__v1,placebo,LINEAR_POWER_GAMMA0,0.8502868413925171,93,0.09547103196382523,93
FROZEN,S1A_IW_GRDH_1SDV_20240423T102532_20240423T102601_053560_068066_rtc,2024-04-23T10:25:47.350116+00:00,2024-04-23,2024Q2,S1A,113,ascending,X1_build_slab__v1,positive_control,LINEAR_POWER_GAMMA0,1.3830524682998657,67,0.22283950448036194,67
FROZEN,S1A_IW_GRDH_1SDV_20240423T102532_20240423T102601_053560_068066_rtc,2024-04-23T10:25:47.350116+00:00,2024-04-23,2024Q2,S1A,113,ascending,X2_build_site__v1,positive_control,LINEAR_POWER_GAMMA0,1.1863820552825928,155,0.20717772841453552,155
FROZEN,S1A_IW_GRDH_1SDV_20240428T103346_20240428T103415_053633_068344_rtc,2024-04-28T10:34:00.651669+00:00,2024-04-28,2024Q2,S1A,11,ascending,T1_ntt_fdc__v1,treatment,LINEAR_POWER_GAMMA0,3.277491331100464,307,1.300194263458252,307
FROZEN,S1A_IW_GRDH_1SDV_20240428T103346_20240428T103415_053633_068344_rtc,2024-04-28T10:34:00.651669+00:00,2024-04-28,2024Q2,S1A,11,ascending,C1_hkex_dc__v1,control,LINEAR_POWER_GAMMA0,0.25118863582611084,55,0.08600346744060516,55
FROZEN,S1A_IW_GRDH_1SDV_20240428T103346_20240428T103415_053633_068344_rtc,2024-04-28T10:34:00.651669+00:00,2024-04-28,2024Q2,S1A,11,ascending,C2b_amc__v2,positive_control,LINEAR_POWER_GAMMA0,10.590907096862793,260,0.7441484332084656,260
FROZEN,S1A_IW_GRDH_1SDV_20240428T103346_20240428T103415_053633_068344_rtc,2024-04-28T10:34:00.651669+00:00,2024-04-28,2024Q2,S1A,11,ascending,P1_vacant__v1,placebo,LINEAR_POWER_GAMMA0,0.34910258650779724,93,0.06536886841058731,93
FROZEN,S1A_IW_GRDH_1SDV_20240428T103346_20240428T103415_053633_068344_rtc,2024-04-28T10:34:00.651669+00:00,2024-04-28,2024Q2,S1A,11,ascending,X1_build_slab__v1,positive_control,LINEAR_POWER_GAMMA0,0.7790753841400146,67,0.12819688022136688,67
FROZEN,S1A_IW_GRDH_1SDV_20240428T103346_20240428T103415_053633_068344_rtc,2024-04-28T10:34:00.651669+00:00,2024-04-28,2024Q2,S1A,11,ascending,X2_build_site__v1,positive_control,LINEAR_POWER_GAMMA0,0.833045244216919,155,0.13293609023094177,155
FROZEN,S1A_IW_GRDH_1SDV_20240505T102533_20240505T102602_053735_068749_rtc,2024-05-05T10:25:48.039426+00:00,2024-05-05,2024Q2,S1A,113,ascending,T1_ntt_fdc__v1,treatment,LINEAR_POWER_GAMMA0,2.4943840503692627,307,1.4138435125350952,307
FROZEN,S1A_IW_GRDH_1SDV_20240505T102533_20240505T102602_053735_068749_rtc,2024-05-05T10:25:48.039426+00:00,2024-05-05,2024Q2,S1A,113,ascending,C1_hkex_dc__v1,control,LINEAR_POWER_GAMMA0,0.4145161509513855,55,0.0546703115105629,55
FROZEN,S1A_IW_GRDH_1SDV_20240505T102533_20240505T102602_053735_068749_rtc,2024-05-05T10:25:48.039426+00:00,2024-05-05,2024Q2,S1A,113,ascending,C2b_amc__v2,positive_control,LINEAR_POWER_GAMMA0,3.33095383644104,260,0.8007875680923462,260
FROZEN,S1A_IW_GRDH_1SDV_20240505T102533_20240505T102602_053735_068749_rtc,2024-05-05T10:25:48.039426+00:00,2024-05-05,2024Q2,S1A,113,ascending,P1_vacant__v1,placebo,LINEAR_POWER_GAMMA0,2.5554656982421875,93,0.15105393528938293,93
FROZEN,S1A_IW_GRDH_1SDV_20240505T102533_20240505T102602_053735_068749_rtc,2024-05-05T10:25:48.039426+00:00,2024-05-05,2024Q2,S1A,113,ascending,X1_build_slab__v1,positive_control,LINEAR_POWER_GAMMA0,1.2688028812408447,67,0.19512581825256348,67
FROZEN,S1A_IW_GRDH_1SDV_20240505T102533_20240505T102602_053735_068749_rtc,2024-05-05T10:25:48.039426+00:00,2024-05-05,2024Q2,S1A,113,ascending,X2_build_site__v1,positive_control,LINEAR_POWER_GAMMA0,1.107404112815857,155,0.20584140717983246,155
FROZEN,S1A_IW_GRDH_1SDV_20240517T102533_20240517T102602_053910_068D72_rtc,2024-05-17T10:25:48.035142+00:00,2024-05-17,2024Q2,S1A,113,ascending,T1_ntt_fdc__v1,treatment,LINEAR_POWER_GAMMA0,2.4204976558685303,307,1.3100900650024414,307
FROZEN,S1A_IW_GRDH_1SDV_20240517T102533_20240517T102602_053910_068D72_rtc,2024-05-17T10:25:48.035142+00:00,2024-05-17,2024Q2,S1A,113,ascending,C1_hkex_dc__v1,control,LINEAR_POWER_GAMMA0,0.4077802896499634,55,0.06757299602031708,55
FROZEN,S1A_IW_GRDH_1SDV_20240517T102533_20240517T102602_053910_068D72_rtc,2024-05-17T10:25:48.035142+00:00,2024-05-17,2024Q2,S1A,113,ascending,C2b_amc__v2,positive_control,LINEAR_POWER_GAMMA0,3.697082757949829,260,0.7115259766578674,260
FROZEN,S1A_IW_GRDH_1SDV_20240517T102533_20240517T102602_053910_068D72_rtc,2024-05-17T10:25:48.035142+00:00,2024-05-17,2024Q2,S1A,113,ascending,P1_vacant__v1,placebo,LINEAR_POWER_GAMMA0,0.5245420932769775,93,0.0680348128080368,93
FROZEN,S1A_IW_GRDH_1SDV_20240517T102533_20240517T102602_053910_068D72_rtc,2024-05-17T10:25:48.035142+00:00,2024-05-17,2024Q2,S1A,113,ascending,X1_build_slab__v1,positive_control,LINEAR_POWER_GAMMA0,1.4038853645324707,67,0.15895859897136688,67
FROZEN,S1A_IW_GRDH_1SDV_20240517T102533_20240517T102602_053910_068D72_rtc,2024-05-17T10:25:48.035142+00:00,2024-05-17,2024Q2,S1A,113,ascending,X2_build_site__v1,positive_control,LINEAR_POWER_GAMMA0,1.0893982648849487,155,0.16299517452716827,155
FROZEN,S1A_IW_GRDH_1SDV_20240522T103345_20240522T103414_053983_068FFF_rtc,2024-05-22T10:34:00.049806+00:00,2024-05-22,2024Q2,S1A,11,ascending,T1_ntt_fdc__v1,treatment,LINEAR_POWER_GAMMA0,3.247026205062866,307,1.1142946481704712,307
FROZEN,S1A_IW_GRDH_1SDV_20240522T103345_20240522T103414_053983_068FFF_rtc,2024-05-22T10:34:00.049806+00:00,2024-05-22,2024Q2,S1A,11,ascending,C1_hkex_dc__v1,control,LINEAR_POWER_GAMMA0,0.28429797291755676,55,0.09359243512153625,55
FROZEN,S1A_IW_GRDH_1SDV_20240522T103345_20240522T103414_053983_068FFF_rtc,2024-05-22T10:34:00.049806+00:00,2024-05-22,2024Q2,S1A,11,ascending,C2b_amc__v2,positive_control,LINEAR_POWER_GAMMA0,8.184728622436523,260,0.7312261462211609,260
FROZEN,S1A_IW_GRDH_1SDV_20240522T103345_20240522T103414_053983_068FFF_rtc,2024-05-22T10:34:00.049806+00:00,2024-05-22,2024Q2,S1A,11,ascending,P1_vacant__v1,placebo,LINEAR_POWER_GAMMA0,0.429858922958374,93,0.09074254333972931,93
FROZEN,S1A_IW_GRDH_1SDV_20240522T103345_20240522T103414_053983_068FFF_rtc,2024-05-22T10:34:00.049806+00:00,2024-05-22,2024Q2,S1A,11,ascending,X1_build_slab__v1,positive_control,LINEAR_POWER_GAMMA0,1.1318730115890503,67,0.13982783257961273,67
FROZEN,S1A_IW_GRDH_1SDV_20240522T103345_20240522T103414_053983_068FFF_rtc,2024-05-22T10:34:00.049806+00:00,2024-05-22,2024Q2,S1A,11,ascending,X2_build_site__v1,positive_control,LINEAR_POWER_GAMMA0,1.2974878549575806,155,0.1340705305337906,155
FROZEN,S1A_IW_GRDH_1SDV_20240610T102532_20240610T102601_054260_069994_rtc,2024-06-10T10:25:47.058255+00:00,2024-06-10,2024Q2,S1A,113,ascending,T1_ntt_fdc__v1,treatment,LINEAR_POWER_GAMMA0,2.8305022716522217,307,1.3682594299316406,307
FROZEN,S1A_IW_GRDH_1SDV_20240610T102532_20240610T102601_054260_069994_rtc,2024-06-10T10:25:47.058255+00:00,2024-06-10,2024Q2,S1A,113,ascending,C1_hkex_dc__v1,control,LINEAR_POWER_GAMMA0,0.41335529088974,55,0.05950196459889412,55
FROZEN,S1A_IW_GRDH_1SDV_20240610T102532_20240610T102601_054260_069994_rtc,2024-06-10T10:25:47.058255+00:00,2024-06-10,2024Q2,S1A,113,ascending,C2b_amc__v2,positive_control,LINEAR_POWER_GAMMA0,4.3225297927856445,260,0.9466227293014526,260
FROZEN,S1A_IW_GRDH_1SDV_20240610T102532_20240610T102601_054260_069994_rtc,2024-06-10T10:25:47.058255+00:00,2024-06-10,2024Q2,S1A,113,ascending,P1_vacant__v1,placebo,LINEAR_POWER_GAMMA0,0.6032256484031677,93,0.08568231761455536,93
FROZEN,S1A_IW_GRDH_1SDV_20240610T102532_20240610T102601_054260_069994_rtc,2024-06-10T10:25:47.058255+00:00,2024-06-10,2024Q2,S1A,113,ascending,X1_build_slab__v1,positive_control,LINEAR_POWER_GAMMA0,1.6480923891067505,67,0.21529808640480042,67
FROZEN,S1A_IW_GRDH_1SDV_20240610T102532_20240610T102601_054260_069994_rtc,2024-06-10T10:25:47.058255+00:00,2024-06-10,2024Q2,S1A,113,ascending,X2_build_site__v1,positive_control,LINEAR_POWER_GAMMA0,1.2739717960357666,155,0.21783949434757233,155
FROZEN,S1A_IW_GRDH_1SDV_20240615T103345_20240615T103414_054333_069C1B_rtc,2024-06-15T10:33:59.700325+00:00,2024-06-15,2024Q2,S1A,11,ascending,T1_ntt_fdc__v1,treatment,LINEAR_POWER_GAMMA0,2.8306400775909424,307,0.8736125230789185,307
FROZEN,S1A_IW_GRDH_1SDV_20240615T103345_20240615T103414_054333_069C1B_rtc,2024-06-15T10:33:59.700325+00:00,2024-06-15,2024Q2,S1A,11,ascending,C1_hkex_dc__v1,control,LINEAR_POWER_GAMMA0,0.2739894986152649,55,0.08116117119789124,55
FROZEN,S1A_IW_GRDH_1SDV_20240615T103345_20240615T103414_054333_069C1B_rtc,2024-06-15T10:33:59.700325+00:00,2024-06-15,2024Q2,S1A,11,ascending,C2b_amc__v2,positive_control,LINEAR_POWER_GAMMA0,9.771554946899414,260,0.868549108505249,260
FROZEN,S1A_IW_GRDH_1SDV_20240615T103345_20240615T103414_054333_069C1B_rtc,2024-06-15T10:33:59.700325+00:00,2024-06-15,2024Q2,S1A,11,ascending,P1_vacant__v1,placebo,LINEAR_POWER_GAMMA0,0.3510313928127289,93,0.07995910197496414,93
FROZEN,S1A_IW_GRDH_1SDV_20240615T103345_20240615T103414_054333_069C1B_rtc,2024-06-15T10:33:59.700325+00:00,2024-06-15,2024Q2,S1A,11,ascending,X1_build_slab__v1,positive_control,LINEAR_POWER_GAMMA0,0.9032105803489685,67,0.13444624841213226,67
FROZEN,S1A_IW_GRDH_1SDV_20240615T103345_20240615T103414_054333_069C1B_rtc,2024-06-15T10:33:59.700325+00:00,2024-06-15,2024Q2,S1A,11,ascending,X2_build_site__v1,positive_control,LINEAR_POWER_GAMMA0,0.8053365349769592,155,0.14564694464206696,155
FROZEN,S1A_IW_GRDH_1SDV_20240622T102532_20240622T102601_054435_069FA0_rtc,2024-06-22T10:25:46.625179+00:00,2024-06-22,2024Q2,S1A,113,ascending,T1_ntt_fdc__v1,treatment,LINEAR_POWER_GAMMA0,2.559438943862915,307,1.1925301551818848,307
FROZEN,S1A_IW_GRDH_1SDV_20240622T102532_20240622T102601_054435_069FA0_rtc,2024-06-22T10:25:46.625179+00:00,2024-06-22,2024Q2,S1A,113,ascending,C1_hkex_dc__v1,control,LINEAR_POWER_GAMMA0,0.42033541202545166,55,0.05543995276093483,55
FROZEN,S1A_IW_GRDH_1SDV_20240622T102532_20240622T102601_054435_069FA0_rtc,2024-06-22T10:25:46.625179+00:00,2024-06-22,2024Q2,S1A,113,ascending,C2b_amc__v2,positive_control,LINEAR_POWER_GAMMA0,3.6999337673187256,260,0.8556071519851685,260
FROZEN,S1A_IW_GRDH_1SDV_20240622T102532_20240622T102601_054435_069FA0_rtc,2024-06-22T10:25:46.625179+00:00,2024-06-22,2024Q2,S1A,113,ascending,P1_vacant__v1,placebo,LINEAR_POWER_GAMMA0,0.35405489802360535,93,0.07631543278694153,93
FROZEN,S1A_IW_GRDH_1SDV_20240622T102532_20240622T102601_054435_069FA0_rtc,2024-06-22T10:25:46.625179+00:00,2024-06-22,2024Q2,S1A,113,ascending,X1_build_slab__v1,positive_control,LINEAR_POWER_GAMMA0,1.5497801303863525,67,0.201877161860466,67
FROZEN,S1A_IW_GRDH_1SDV_20240622T102532_20240622T102601_054435_069FA0_rtc,2024-06-22T10:25:46.625179+00:00,2024-06-22,2024Q2,S1A,113,ascending,X2_build_site__v1,positive_control,LINEAR_POWER_GAMMA0,1.3520737886428833,155,0.25936299562454224,155
FROZEN,S1A_IW_GRDH_1SDV_20240704T102531_20240704T102600_054610_06A5BB_rtc,2024-07-04T10:25:45.915446+00:00,2024-07-04,2024Q3,S1A,113,ascending,T1_ntt_fdc__v1,treatment,LINEAR_POWER_GAMMA0,2.531942129135132,307,1.4148153066635132,307
FROZEN,S1A_IW_GRDH_1SDV_20240704T102531_20240704T102600_054610_06A5BB_rtc,2024-07-04T10:25:45.915446+00:00,2024-07-04,2024Q3,S1A,113,ascending,C1_hkex_dc__v1,control,LINEAR_POWER_GAMMA0,0.46574971079826355,55,0.09460856765508652,55
FROZEN,S1A_IW_GRDH_1SDV_20240704T102531_20240704T102600_054610_06A5BB_rtc,2024-07-04T10:25:45.915446+00:00,2024-07-04,2024Q3,S1A,113,ascending,C2b_amc__v2,positive_control,LINEAR_POWER_GAMMA0,3.355863094329834,260,0.8308536410331726,260
FROZEN,S1A_IW_GRDH_1SDV_20240704T102531_20240704T102600_054610_06A5BB_rtc,2024-07-04T10:25:45.915446+00:00,2024-07-04,2024Q3,S1A,113,ascending,P1_vacant__v1,placebo,LINEAR_POWER_GAMMA0,0.92817622423172,93,0.11694622784852982,93
FROZEN,S1A_IW_GRDH_1SDV_20240704T102531_20240704T102600_054610_06A5BB_rtc,2024-07-04T10:25:45.915446+00:00,2024-07-04,2024Q3,S1A,113,ascending,X1_build_slab__v1,positive_control,LINEAR_POWER_GAMMA0,1.8802502155303955,67,0.2420075237751007,67
FROZEN,S1A_IW_GRDH_1SDV_20240704T102531_20240704T102600_054610_06A5BB_rtc,2024-07-04T10:25:45.915446+00:00,2024-07-04,2024Q3,S1A,113,ascending,X2_build_site__v1,positive_control,LINEAR_POWER_GAMMA0,1.3786511421203613,155,0.23062820732593536,155
FROZEN,S1A_IW_GRDH_1SDV_20240716T102531_20240716T102600_054785_06ABC7_rtc,2024-07-16T10:25:45.527323+00:00,2024-07-16,2024Q3,S1A,113,ascending,T1_ntt_fdc__v1,treatment,LINEAR_POWER_GAMMA0,3.2029755115509033,307,1.1822589635849,307
FROZEN,S1A_IW_GRDH_1SDV_20240716T102531_20240716T102600_054785_06ABC7_rtc,2024-07-16T10:25:45.527323+00:00,2024-07-16,2024Q3,S1A,113,ascending,C1_hkex_dc__v1,control,LINEAR_POWER_GAMMA0,0.38009804487228394,55,0.07800153642892838,55
FROZEN,S1A_IW_GRDH_1SDV_20240716T102531_20240716T102600_054785_06ABC7_rtc,2024-07-16T10:25:45.527323+00:00,2024-07-16,2024Q3,S1A,113,ascending,C2b_amc__v2,positive_control,LINEAR_POWER_GAMMA0,4.168849468231201,260,0.9336836934089661,260
FROZEN,S1A_IW_GRDH_1SDV_20240716T102531_20240716T102600_054785_06ABC7_rtc,2024-07-16T10:25:45.527323+00:00,2024-07-16,2024Q3,S1A,113,ascending,P1_vacant__v1,placebo,LINEAR_POWER_GAMMA0,0.7858214974403381,93,0.10887470096349716,93
FROZEN,S1A_IW_GRDH_1SDV_20240716T102531_20240716T102600_054785_06ABC7_rtc,2024-07-16T10:25:45.527323+00:00,2024-07-16,2024Q3,S1A,113,ascending,X1_build_slab__v1,positive_control,LINEAR_POWER_GAMMA0,2.665449857711792,67,0.34446924924850464,67
FROZEN,S1A_IW_GRDH_1SDV_20240716T102531_20240716T102600_054785_06ABC7_rtc,2024-07-16T10:25:45.527323+00:00,2024-07-16,2024Q3,S1A,113,ascending,X2_build_site__v1,positive_control,LINEAR_POWER_GAMMA0,1.7856031656265259,155,0.28642094135284424,155
FROZEN,S1A_IW_GRDH_1SDV_20240728T102530_20240728T102559_054960_06B1E1_rtc,2024-07-28T10:25:45.072580+00:00,2024-07-28,2024Q3,S1A,113,ascending,T1_ntt_fdc__v1,treatment,LINEAR_POWER_GAMMA0,3.2783303260803223,307,1.4232064485549927,307
FROZEN,S1A_IW_GRDH_1SDV_20240728T102530_20240728T102559_054960_06B1E1_rtc,2024-07-28T10:25:45.072580+00:00,2024-07-28,2024Q3,S1A,113,ascending,C1_hkex_dc__v1,control,LINEAR_POWER_GAMMA0,0.4349551200866699,55,0.06691279262304306,55
FROZEN,S1A_IW_GRDH_1SDV_20240728T102530_20240728T102559_054960_06B1E1_rtc,2024-07-28T10:25:45.072580+00:00,2024-07-28,2024Q3,S1A,113,ascending,C2b_amc__v2,positive_control,LINEAR_POWER_GAMMA0,4.0100417137146,260,0.7891345620155334,260
FROZEN,S1A_IW_GRDH_1SDV_20240728T102530_20240728T102559_054960_06B1E1_rtc,2024-07-28T10:25:45.072580+00:00,2024-07-28,2024Q3,S1A,113,ascending,P1_vacant__v1,placebo,LINEAR_POWER_GAMMA0,0.5796703696250916,93,0.09943760186433792,93
FROZEN,S1A_IW_GRDH_1SDV_20240728T102530_20240728T102559_054960_06B1E1_rtc,2024-07-28T10:25:45.072580+00:00,2024-07-28,2024Q3,S1A,113,ascending,X1_build_slab__v1,positive_control,LINEAR_POWER_GAMMA0,4.240034103393555,67,0.2951584756374359,67
FROZEN,S1A_IW_GRDH_1SDV_20240728T102530_20240728T102559_054960_06B1E1_rtc,2024-07-28T10:25:45.072580+00:00,2024-07-28,2024Q3,S1A,113,ascending,X2_build_site__v1,positive_control,LINEAR_POWER_GAMMA0,2.5752649307250977,155,0.2313338667154312,155
FROZEN,S1A_IW_GRDH_1SDV_20240809T102530_20240809T102559_055135_06B80A_rtc,2024-08-09T10:25:45.167287+00:00,2024-08-09,2024Q3,S1A,113,ascending,T1_ntt_fdc__v1,treatment,LINEAR_POWER_GAMMA0,2.3904571533203125,307,1.0729460716247559,307
FROZEN,S1A_IW_GRDH_1SDV_20240809T102530_20240809T102559_055135_06B80A_rtc,2024-08-09T10:25:45.167287+00:00,2024-08-09,2024Q3,S1A,113,ascending,C1_hkex_dc__v1,control,LINEAR_POWER_GAMMA0,0.4071809649467468,55,0.06758129596710205,55
FROZEN,S1A_IW_GRDH_1SDV_20240809T102530_20240809T102559_055135_06B80A_rtc,2024-08-09T10:25:45.167287+00:00,2024-08-09,2024Q3,S1A,113,ascending,C2b_amc__v2,positive_control,LINEAR_POWER_GAMMA0,3.2016379833221436,260,0.7668095827102661,260
FROZEN,S1A_IW_GRDH_1SDV_20240809T102530_20240809T102559_055135_06B80A_rtc,2024-08-09T10:25:45.167287+00:00,2024-08-09,2024Q3,S1A,113,ascending,P1_vacant__v1,placebo,LINEAR_POWER_GAMMA0,0.4044291079044342,93,0.07370413839817047,93
FROZEN,S1A_IW_GRDH_1SDV_20240809T102530_20240809T102559_055135_06B80A_rtc,2024-08-09T10:25:45.167287+00:00,2024-08-09,2024Q3,S1A,113,ascending,X1_build_slab__v1,positive_control,LINEAR_POWER_GAMMA0,2.072995901107788,67,0.19343449175357819,67
FROZEN,S1A_IW_GRDH_1SDV_20240809T102530_20240809T102559_055135_06B80A_rtc,2024-08-09T10:25:45.167287+00:00,2024-08-09,2024Q3,S1A,113,ascending,X2_build_site__v1,positive_control,LINEAR_POWER_GAMMA0,1.6922752857208252,155,0.2718053162097931,155
FROZEN,S1A_IW_GRDH_1SDV_20240814T103343_20240814T103412_055208_06BAB0_rtc,2024-08-14T10:33:57.633194+00:00,2024-08-14,2024Q3,S1A,11,ascending,T1_ntt_fdc__v1,treatment,LINEAR_POWER_GAMMA0,2.261761426925659,307,0.7530959844589233,307
FROZEN,S1A_IW_GRDH_1SDV_20240814T103343_20240814T103412_055208_06BAB0_rtc,2024-08-14T10:33:57.633194+00:00,2024-08-14,2024Q3,S1A,11,ascending,C1_hkex_dc__v1,control,LINEAR_POWER_GAMMA0,0.2770170569419861,55,0.08118103444576263,55
FROZEN,S1A_IW_GRDH_1SDV_20240814T103343_20240814T103412_055208_06BAB0_rtc,2024-08-14T10:33:57.633194+00:00,2024-08-14,2024Q3,S1A,11,ascending,C2b_amc__v2,positive_control,LINEAR_POWER_GAMMA0,6.036196708679199,260,0.717003345489502,260
FROZEN,S1A_IW_GRDH_1SDV_20240814T103343_20240814T103412_055208_06BAB0_rtc,2024-08-14T10:33:57.633194+00:00,2024-08-14,2024Q3,S1A,11,ascending,P1_vacant__v1,placebo,LINEAR_POWER_GAMMA0,0.42635735869407654,93,0.0849585309624672,93
FROZEN,S1A_IW_GRDH_1SDV_20240814T103343_20240814T103412_055208_06BAB0_rtc,2024-08-14T10:33:57.633194+00:00,2024-08-14,2024Q3,S1A,11,ascending,X1_build_slab__v1,positive_control,LINEAR_POWER_GAMMA0,4.75414514541626,67,0.18884359300136566,67
FROZEN,S1A_IW_GRDH_1SDV_20240814T103343_20240814T103412_055208_06BAB0_rtc,2024-08-14T10:33:57.633194+00:00,2024-08-14,2024Q3,S1A,11,ascending,X2_build_site__v1,positive_control,LINEAR_POWER_GAMMA0,2.6731107234954834,155,0.14742186665534973,155
FROZEN,S1A_IW_GRDH_1SDV_20240821T102530_20240821T102559_055310_06BE67_rtc,2024-08-21T10:25:45.451886+00:00,2024-08-21,2024Q3,S1A,113,ascending,T1_ntt_fdc__v1,treatment,LINEAR_POWER_GAMMA0,2.6674857139587402,307,1.2445942163467407,307
FROZEN,S1A_IW_GRDH_1SDV_20240821T102530_20240821T102559_055310_06BE67_rtc,2024-08-21T10:25:45.451886+00:00,2024-08-21,2024Q3,S1A,113,ascending,C1_hkex_dc__v1,control,LINEAR_POWER_GAMMA0,0.38910362124443054,55,0.08602376282215118,55
FROZEN,S1A_IW_GRDH_1SDV_20240821T102530_20240821T102559_055310_06BE67_rtc,2024-08-21T10:25:45.451886+00:00,2024-08-21,2024Q3,S1A,113,ascending,C2b_amc__v2,positive_control,LINEAR_POWER_GAMMA0,3.6613290309906006,260,0.783186674118042,260
FROZEN,S1A_IW_GRDH_1SDV_20240821T102530_20240821T102559_055310_06BE67_rtc,2024-08-21T10:25:45.451886+00:00,2024-08-21,2024Q3,S1A,113,ascending,P1_vacant__v1,placebo,LINEAR_POWER_GAMMA0,0.7688724398612976,93,0.10132820159196854,93
FROZEN,S1A_IW_GRDH_1SDV_20240821T102530_20240821T102559_055310_06BE67_rtc,2024-08-21T10:25:45.451886+00:00,2024-08-21,2024Q3,S1A,113,ascending,X1_build_slab__v1,positive_control,LINEAR_POWER_GAMMA0,3.4444234371185303,67,0.3279571235179901,67
FROZEN,S1A_IW_GRDH_1SDV_20240821T102530_20240821T102559_055310_06BE67_rtc,2024-08-21T10:25:45.451886+00:00,2024-08-21,2024Q3,S1A,113,ascending,X2_build_site__v1,positive_control,LINEAR_POWER_GAMMA0,2.435441493988037,155,0.42239031195640564,155
FROZEN,S1A_IW_GRDH_1SDV_20240826T103343_20240826T103412_055383_06C131_rtc,2024-08-26T10:33:58.373065+00:00,2024-08-26,2024Q3,S1A,11,ascending,T1_ntt_fdc__v1,treatment,LINEAR_POWER_GAMMA0,2.308516263961792,307,0.896281361579895,307
FROZEN,S1A_IW_GRDH_1SDV_20240826T103343_20240826T103412_055383_06C131_rtc,2024-08-26T10:33:58.373065+00:00,2024-08-26,2024Q3,S1A,11,ascending,C1_hkex_dc__v1,control,LINEAR_POWER_GAMMA0,0.24434170126914978,55,0.08557181805372238,55
FROZEN,S1A_IW_GRDH_1SDV_20240826T103343_20240826T103412_055383_06C131_rtc,2024-08-26T10:33:58.373065+00:00,2024-08-26,2024Q3,S1A,11,ascending,C2b_amc__v2,positive_control,LINEAR_POWER_GAMMA0,6.484039783477783,260,0.6782004237174988,260
FROZEN,S1A_IW_GRDH_1SDV_20240826T103343_20240826T103412_055383_06C131_rtc,2024-08-26T10:33:58.373065+00:00,2024-08-26,2024Q3,S1A,11,ascending,P1_vacant__v1,placebo,LINEAR_POWER_GAMMA0,0.33364108204841614,93,0.07248689234256744,93
FROZEN,S1A_IW_GRDH_1SDV_20240826T103343_20240826T103412_055383_06C131_rtc,2024-08-26T10:33:58.373065+00:00,2024-08-26,2024Q3,S1A,11,ascending,X1_build_slab__v1,positive_control,LINEAR_POWER_GAMMA0,3.44842791557312,67,0.21034441888332367,67
FROZEN,S1A_IW_GRDH_1SDV_20240826T103343_20240826T103412_055383_06C131_rtc,2024-08-26T10:33:58.373065+00:00,2024-08-26,2024Q3,S1A,11,ascending,X2_build_site__v1,positive_control,LINEAR_POWER_GAMMA0,2.120511054992676,155,0.15181897580623627,155
FROZEN,S1A_IW_GRDH_1SDV_20240902T102531_20240902T102600_055485_06C4E7_rtc,2024-09-02T10:25:45.673284+00:00,2024-09-02,2024Q3,S1A,113,ascending,T1_ntt_fdc__v1,treatment,LINEAR_POWER_GAMMA0,2.114434242248535,307,1.0227442979812622,307
FROZEN,S1A_IW_GRDH_1SDV_20240902T102531_20240902T102600_055485_06C4E7_rtc,2024-09-02T10:25:45.673284+00:00,2024-09-02,2024Q3,S1A,113,ascending,C1_hkex_dc__v1,control,LINEAR_POWER_GAMMA0,0.3776455521583557,55,0.0535108856856823,55
FROZEN,S1A_IW_GRDH_1SDV_20240902T102531_20240902T102600_055485_06C4E7_rtc,2024-09-02T10:25:45.673284+00:00,2024-09-02,2024Q3,S1A,113,ascending,C2b_amc__v2,positive_control,LINEAR_POWER_GAMMA0,3.0364906787872314,260,0.7502081990242004,260
FROZEN,S1A_IW_GRDH_1SDV_20240902T102531_20240902T102600_055485_06C4E7_rtc,2024-09-02T10:25:45.673284+00:00,2024-09-02,2024Q3,S1A,113,ascending,P1_vacant__v1,placebo,LINEAR_POWER_GAMMA0,0.5762171149253845,93,0.06536842882633209,93
FROZEN,S1A_IW_GRDH_1SDV_20240902T102531_20240902T102600_055485_06C4E7_rtc,2024-09-02T10:25:45.673284+00:00,2024-09-02,2024Q3,S1A,113,ascending,X1_build_slab__v1,positive_control,LINEAR_POWER_GAMMA0,2.433361053466797,67,0.19824139773845673,67
FROZEN,S1A_IW_GRDH_1SDV_20240902T102531_20240902T102600_055485_06C4E7_rtc,2024-09-02T10:25:45.673284+00:00,2024-09-02,2024Q3,S1A,113,ascending,X2_build_site__v1,positive_control,LINEAR_POWER_GAMMA0,1.7492282390594482,155,0.16153933107852936,155
FROZEN,S1A_IW_GRDH_1SDV_20240907T103344_20240907T103413_055558_06C7D2_rtc,2024-09-07T10:33:58.548132+00:00,2024-09-07,2024Q3,S1A,11,ascending,T1_ntt_fdc__v1,treatment,LINEAR_POWER_GAMMA0,2.441405773162842,307,0.7929555773735046,307
FROZEN,S1A_IW_GRDH_1SDV_20240907T103344_20240907T103413_055558_06C7D2_rtc,2024-09-07T10:33:58.548132+00:00,2024-09-07,2024Q3,S1A,11,ascending,C1_hkex_dc__v1,control,LINEAR_POWER_GAMMA0,0.25300928950309753,55,0.09154991060495377,55
FROZEN,S1A_IW_GRDH_1SDV_20240907T103344_20240907T103413_055558_06C7D2_rtc,2024-09-07T10:33:58.548132+00:00,2024-09-07,2024Q3,S1A,11,ascending,C2b_amc__v2,positive_control,LINEAR_POWER_GAMMA0,7.3054656982421875,260,0.7143378853797913,260
FROZEN,S1A_IW_GRDH_1SDV_20240907T103344_20240907T103413_055558_06C7D2_rtc,2024-09-07T10:33:58.548132+00:00,2024-09-07,2024Q3,S1A,11,ascending,P1_vacant__v1,placebo,LINEAR_POWER_GAMMA0,0.4004261791706085,93,0.08368318527936935,93
FROZEN,S1A_IW_GRDH_1SDV_20240907T103344_20240907T103413_055558_06C7D2_rtc,2024-09-07T10:33:58.548132+00:00,2024-09-07,2024Q3,S1A,11,ascending,X1_build_slab__v1,positive_control,LINEAR_POWER_GAMMA0,6.427223205566406,67,0.3168862462043762,67
FROZEN,S1A_IW_GRDH_1SDV_20240907T103344_20240907T103413_055558_06C7D2_rtc,2024-09-07T10:33:58.548132+00:00,2024-09-07,2024Q3,S1A,11,ascending,X2_build_site__v1,positive_control,LINEAR_POWER_GAMMA0,3.640793561935425,155,0.20530597865581512,155
FROZEN,S1A_IW_GRDH_1SDV_20240914T102531_20240914T102600_055660_06CBD1_rtc,2024-09-14T10:25:46.206499+00:00,2024-09-14,2024Q3,S1A,113,ascending,T1_ntt_fdc__v1,treatment,LINEAR_POWER_GAMMA0,2.5631539821624756,307,1.27162504196167,307
FROZEN,S1A_IW_GRDH_1SDV_20240914T102531_20240914T102600_055660_06CBD1_rtc,2024-09-14T10:25:46.206499+00:00,2024-09-14,2024Q3,S1A,113,ascending,C1_hkex_dc__v1,control,LINEAR_POWER_GAMMA0,0.39342808723449707,55,0.045111168175935745,55
FROZEN,S1A_IW_GRDH_1SDV_20240914T102531_20240914T102600_055660_06CBD1_rtc,2024-09-14T10:25:46.206499+00:00,2024-09-14,2024Q3,S1A,113,ascending,C2b_amc__v2,positive_control,LINEAR_POWER_GAMMA0,3.6712052822113037,260,0.6774318814277649,260
FROZEN,S1A_IW_GRDH_1SDV_20240914T102531_20240914T102600_055660_06CBD1_rtc,2024-09-14T10:25:46.206499+00:00,2024-09-14,2024Q3,S1A,113,ascending,P1_vacant__v1,placebo,LINEAR_POWER_GAMMA0,0.4319019913673401,93,0.10528074949979782,93
FROZEN,S1A_IW_GRDH_1SDV_20240914T102531_20240914T102600_055660_06CBD1_rtc,2024-09-14T10:25:46.206499+00:00,2024-09-14,2024Q3,S1A,113,ascending,X1_build_slab__v1,positive_control,LINEAR_POWER_GAMMA0,3.1544671058654785,67,0.1741321086883545,67
FROZEN,S1A_IW_GRDH_1SDV_20240914T102531_20240914T102600_055660_06CBD1_rtc,2024-09-14T10:25:46.206499+00:00,2024-09-14,2024Q3,S1A,113,ascending,X2_build_site__v1,positive_control,LINEAR_POWER_GAMMA0,1.875867486000061,155,0.14204338192939758,155
FROZEN,S1A_IW_GRDH_1SDV_20240919T103344_20240919T103413_055733_06CEBA_rtc,2024-09-19T10:33:59.083165+00:00,2024-09-19,2024Q3,S1A,11,ascending,T1_ntt_fdc__v1,treatment,LINEAR_POWER_GAMMA0,2.1218819618225098,307,0.8722026348114014,307
FROZEN,S1A_IW_GRDH_1SDV_20240919T103344_20240919T103413_055733_06CEBA_rtc,2024-09-19T10:33:59.083165+00:00,2024-09-19,2024Q3,S1A,11,ascending,C1_hkex_dc__v1,control,LINEAR_POWER_GAMMA0,0.5163586139678955,55,0.0870882049202919,55
FROZEN,S1A_IW_GRDH_1SDV_20240919T103344_20240919T103413_055733_06CEBA_rtc,2024-09-19T10:33:59.083165+00:00,2024-09-19,2024Q3,S1A,11,ascending,C2b_amc__v2,positive_control,LINEAR_POWER_GAMMA0,5.952084541320801,260,0.6385176181793213,260
FROZEN,S1A_IW_GRDH_1SDV_20240919T103344_20240919T103413_055733_06CEBA_rtc,2024-09-19T10:33:59.083165+00:00,2024-09-19,2024Q3,S1A,11,ascending,P1_vacant__v1,placebo,LINEAR_POWER_GAMMA0,0.5023525357246399,93,0.0870095044374466,93
FROZEN,S1A_IW_GRDH_1SDV_20240919T103344_20240919T103413_055733_06CEBA_rtc,2024-09-19T10:33:59.083165+00:00,2024-09-19,2024Q3,S1A,11,ascending,X1_build_slab__v1,positive_control,LINEAR_POWER_GAMMA0,2.8855481147766113,67,0.2389899641275406,67
FROZEN,S1A_IW_GRDH_1SDV_20240919T103344_20240919T103413_055733_06CEBA_rtc,2024-09-19T10:33:59.083165+00:00,2024-09-19,2024Q3,S1A,11,ascending,X2_build_site__v1,positive_control,LINEAR_POWER_GAMMA0,2.0465738773345947,155,0.16841386258602142,155
FROZEN,S1A_IW_GRDH_1SDV_20240926T102531_20240926T102600_055835_06D2BF_rtc,2024-09-26T10:25:46.326509+00:00,2024-09-26,2024Q3,S1A,113,ascending,T1_ntt_fdc__v1,treatment,LINEAR_POWER_GAMMA0,2.636749029159546,307,1.2569985389709473,307
FROZEN,S1A_IW_GRDH_1SDV_20240926T102531_20240926T102600_055835_06D2BF_rtc,2024-09-26T10:25:46.326509+00:00,2024-09-26,2024Q3,S1A,113,ascending,C1_hkex_dc__v1,control,LINEAR_POWER_GAMMA0,0.38524889945983887,55,0.05737973004579544,55
FROZEN,S1A_IW_GRDH_1SDV_20240926T102531_20240926T102600_055835_06D2BF_rtc,2024-09-26T10:25:46.326509+00:00,2024-09-26,2024Q3,S1A,113,ascending,C2b_amc__v2,positive_control,LINEAR_POWER_GAMMA0,3.826115369796753,260,0.6742740273475647,260
FROZEN,S1A_IW_GRDH_1SDV_20240926T102531_20240926T102600_055835_06D2BF_rtc,2024-09-26T10:25:46.326509+00:00,2024-09-26,2024Q3,S1A,113,ascending,P1_vacant__v1,placebo,LINEAR_POWER_GAMMA0,0.5467935800552368,93,0.08501038700342178,93
FROZEN,S1A_IW_GRDH_1SDV_20240926T102531_20240926T102600_055835_06D2BF_rtc,2024-09-26T10:25:46.326509+00:00,2024-09-26,2024Q3,S1A,113,ascending,X1_build_slab__v1,positive_control,LINEAR_POWER_GAMMA0,3.723365068435669,67,0.2457413673400879,67
FROZEN,S1A_IW_GRDH_1SDV_20240926T102531_20240926T102600_055835_06D2BF_rtc,2024-09-26T10:25:46.326509+00:00,2024-09-26,2024Q3,S1A,113,ascending,X2_build_site__v1,positive_control,LINEAR_POWER_GAMMA0,2.269968271255493,155,0.17600847780704498,155
FROZEN,S1A_IW_GRDH_1SDV_20241008T102532_20241008T102601_056010_06D9A6_rtc,2024-10-08T10:25:47.318702+00:00,2024-10-08,2024Q4,S1A,113,ascending,T1_ntt_fdc__v1,treatment,LINEAR_POWER_GAMMA0,2.3020644187927246,307,0.9835036993026733,307
FROZEN,S1A_IW_GRDH_1SDV_20241008T102532_20241008T102601_056010_06D9A6_rtc,2024-10-08T10:25:47.318702+00:00,2024-10-08,2024Q4,S1A,113,ascending,C1_hkex_dc__v1,control,LINEAR_POWER_GAMMA0,0.41757452487945557,55,0.0582633875310421,55
FROZEN,S1A_IW_GRDH_1SDV_20241008T102532_20241008T102601_056010_06D9A6_rtc,2024-10-08T10:25:47.318702+00:00,2024-10-08,2024Q4,S1A,113,ascending,C2b_amc__v2,positive_control,LINEAR_POWER_GAMMA0,3.1608924865722656,260,0.6358308792114258,260
FROZEN,S1A_IW_GRDH_1SDV_20241008T102532_20241008T102601_056010_06D9A6_rtc,2024-10-08T10:25:47.318702+00:00,2024-10-08,2024Q4,S1A,113,ascending,P1_vacant__v1,placebo,LINEAR_POWER_GAMMA0,0.8224474191665649,93,0.08540315181016922,93
FROZEN,S1A_IW_GRDH_1SDV_20241008T102532_20241008T102601_056010_06D9A6_rtc,2024-10-08T10:25:47.318702+00:00,2024-10-08,2024Q4,S1A,113,ascending,X1_build_slab__v1,positive_control,LINEAR_POWER_GAMMA0,1.916542887687683,67,0.19811148941516876,67
FROZEN,S1A_IW_GRDH_1SDV_20241008T102532_20241008T102601_056010_06D9A6_rtc,2024-10-08T10:25:47.318702+00:00,2024-10-08,2024Q4,S1A,113,ascending,X2_build_site__v1,positive_control,LINEAR_POWER_GAMMA0,1.2135170698165894,155,0.16255028545856476,155
FROZEN,S1A_IW_GRDH_1SDV_20241013T103344_20241013T103413_056083_06DC8B_rtc,2024-10-13T10:33:59.394111+00:00,2024-10-13,2024Q4,S1A,11,ascending,T1_ntt_fdc__v1,treatment,LINEAR_POWER_GAMMA0,2.0623390674591064,307,0.7897173762321472,307
FROZEN,S1A_IW_GRDH_1SDV_20241013T103344_20241013T103413_056083_06DC8B_rtc,2024-10-13T10:33:59.394111+00:00,2024-10-13,2024Q4,S1A,11,ascending,C1_hkex_dc__v1,control,LINEAR_POWER_GAMMA0,0.2464599907398224,55,0.07947607338428497,55
FROZEN,S1A_IW_GRDH_1SDV_20241013T103344_20241013T103413_056083_06DC8B_rtc,2024-10-13T10:33:59.394111+00:00,2024-10-13,2024Q4,S1A,11,ascending,C2b_amc__v2,positive_control,LINEAR_POWER_GAMMA0,5.3717756271362305,260,0.5692562460899353,260
FROZEN,S1A_IW_GRDH_1SDV_20241013T103344_20241013T103413_056083_06DC8B_rtc,2024-10-13T10:33:59.394111+00:00,2024-10-13,2024Q4,S1A,11,ascending,P1_vacant__v1,placebo,LINEAR_POWER_GAMMA0,0.35552725195884705,93,0.09380879253149033,93
FROZEN,S1A_IW_GRDH_1SDV_20241013T103344_20241013T103413_056083_06DC8B_rtc,2024-10-13T10:33:59.394111+00:00,2024-10-13,2024Q4,S1A,11,ascending,X1_build_slab__v1,positive_control,LINEAR_POWER_GAMMA0,2.613304615020752,67,0.22140559554100037,67
FROZEN,S1A_IW_GRDH_1SDV_20241013T103344_20241013T103413_056083_06DC8B_rtc,2024-10-13T10:33:59.394111+00:00,2024-10-13,2024Q4,S1A,11,ascending,X2_build_site__v1,positive_control,LINEAR_POWER_GAMMA0,1.6012954711914062,155,0.15976904332637787,155
FROZEN,S1A_IW_GRDH_1SDV_20241020T102532_20241020T102601_056185_06E091_rtc,2024-10-20T10:25:47.000006+00:00,2024-10-20,2024Q4,S1A,113,ascending,T1_ntt_fdc__v1,treatment,LINEAR_POWER_GAMMA0,2.940851926803589,307,1.2039690017700195,307
FROZEN,S1A_IW_GRDH_1SDV_20241020T102532_20241020T102601_056185_06E091_rtc,2024-10-20T10:25:47.000006+00:00,2024-10-20,2024Q4,S1A,113,ascending,C1_hkex_dc__v1,control,LINEAR_POWER_GAMMA0,0.38346436619758606,55,0.045390333980321884,55
FROZEN,S1A_IW_GRDH_1SDV_20241020T102532_20241020T102601_056185_06E091_rtc,2024-10-20T10:25:47.000006+00:00,2024-10-20,2024Q4,S1A,113,ascending,C2b_amc__v2,positive_control,LINEAR_POWER_GAMMA0,3.7799599170684814,260,0.6655313372612,260
FROZEN,S1A_IW_GRDH_1SDV_20241020T102532_20241020T102601_056185_06E091_rtc,2024-10-20T10:25:47.000006+00:00,2024-10-20,2024Q4,S1A,113,ascending,P1_vacant__v1,placebo,LINEAR_POWER_GAMMA0,0.6876501441001892,93,0.09167568385601044,93
FROZEN,S1A_IW_GRDH_1SDV_20241020T102532_20241020T102601_056185_06E091_rtc,2024-10-20T10:25:47.000006+00:00,2024-10-20,2024Q4,S1A,113,ascending,X1_build_slab__v1,positive_control,LINEAR_POWER_GAMMA0,2.5376172065734863,67,0.24530667066574097,67
FROZEN,S1A_IW_GRDH_1SDV_20241020T102532_20241020T102601_056185_06E091_rtc,2024-10-20T10:25:47.000006+00:00,2024-10-20,2024Q4,S1A,113,ascending,X2_build_site__v1,positive_control,LINEAR_POWER_GAMMA0,1.5832029581069946,155,0.18640312552452087,155
FROZEN,S1A_IW_GRDH_1SDV_20241025T103344_20241025T103413_056258_06E381_rtc,2024-10-25T10:33:59.097038+00:00,2024-10-25,2024Q4,S1A,11,ascending,T1_ntt_fdc__v1,treatment,LINEAR_POWER_GAMMA0,2.1321754455566406,307,0.7494645714759827,307
FROZEN,S1A_IW_GRDH_1SDV_20241025T103344_20241025T103413_056258_06E381_rtc,2024-10-25T10:33:59.097038+00:00,2024-10-25,2024Q4,S1A,11,ascending,C1_hkex_dc__v1,control,LINEAR_POWER_GAMMA0,0.2319619208574295,55,0.08358283340930939,55
FROZEN,S1A_IW_GRDH_1SDV_20241025T103344_20241025T103413_056258_06E381_rtc,2024-10-25T10:33:59.097038+00:00,2024-10-25,2024Q4,S1A,11,ascending,C2b_amc__v2,positive_control,LINEAR_POWER_GAMMA0,5.371965408325195,260,0.6404637694358826,260
FROZEN,S1A_IW_GRDH_1SDV_20241025T103344_20241025T103413_056258_06E381_rtc,2024-10-25T10:33:59.097038+00:00,2024-10-25,2024Q4,S1A,11,ascending,P1_vacant__v1,placebo,LINEAR_POWER_GAMMA0,0.337430477142334,93,0.08030660450458527,93
FROZEN,S1A_IW_GRDH_1SDV_20241025T103344_20241025T103413_056258_06E381_rtc,2024-10-25T10:33:59.097038+00:00,2024-10-25,2024Q4,S1A,11,ascending,X1_build_slab__v1,positive_control,LINEAR_POWER_GAMMA0,3.256659507751465,67,0.1882583349943161,67
FROZEN,S1A_IW_GRDH_1SDV_20241025T103344_20241025T103413_056258_06E381_rtc,2024-10-25T10:33:59.097038+00:00,2024-10-25,2024Q4,S1A,11,ascending,X2_build_site__v1,positive_control,LINEAR_POWER_GAMMA0,1.8456538915634155,155,0.14090651273727417,155
FROZEN,S1A_IW_GRDH_1SDV_20241113T102531_20241113T102600_056535_06EE7A_rtc,2024-11-13T10:25:46.249619+00:00,2024-11-13,2024Q4,S1A,113,ascending,T1_ntt_fdc__v1,treatment,LINEAR_POWER_GAMMA0,3.1778666973114014,307,1.3845521211624146,307
FROZEN,S1A_IW_GRDH_1SDV_20241113T102531_20241113T102600_056535_06EE7A_rtc,2024-11-13T10:25:46.249619+00:00,2024-11-13,2024Q4,S1A,113,ascending,C1_hkex_dc__v1,control,LINEAR_POWER_GAMMA0,0.3586365580558777,55,0.07827765494585037,55
FROZEN,S1A_IW_GRDH_1SDV_20241113T102531_20241113T102600_056535_06EE7A_rtc,2024-11-13T10:25:46.249619+00:00,2024-11-13,2024Q4,S1A,113,ascending,C2b_amc__v2,positive_control,LINEAR_POWER_GAMMA0,5.581549167633057,260,0.7912049293518066,260
FROZEN,S1A_IW_GRDH_1SDV_20241113T102531_20241113T102600_056535_06EE7A_rtc,2024-11-13T10:25:46.249619+00:00,2024-11-13,2024Q4,S1A,113,ascending,P1_vacant__v1,placebo,LINEAR_POWER_GAMMA0,0.5290050506591797,93,0.11438242346048355,93
FROZEN,S1A_IW_GRDH_1SDV_20241113T102531_20241113T102600_056535_06EE7A_rtc,2024-11-13T10:25:46.249619+00:00,2024-11-13,2024Q4,S1A,113,ascending,X1_build_slab__v1,positive_control,LINEAR_POWER_GAMMA0,5.751957893371582,67,0.53202885389328,67
FROZEN,S1A_IW_GRDH_1SDV_20241113T102531_20241113T102600_056535_06EE7A_rtc,2024-11-13T10:25:46.249619+00:00,2024-11-13,2024Q4,S1A,113,ascending,X2_build_site__v1,positive_control,LINEAR_POWER_GAMMA0,3.2596933841705322,155,0.3383558988571167,155
FROZEN,S1A_IW_GRDH_1SDV_20241118T103344_20241118T103413_056608_06F16C_rtc,2024-11-18T10:33:58.880143+00:00,2024-11-18,2024Q4,S1A,11,ascending,T1_ntt_fdc__v1,treatment,LINEAR_POWER_GAMMA0,2.627690315246582,307,0.918737530708313,307
FROZEN,S1A_IW_GRDH_1SDV_20241118T103344_20241118T103413_056608_06F16C_rtc,2024-11-18T10:33:58.880143+00:00,2024-11-18,2024Q4,S1A,11,ascending,C1_hkex_dc__v1,control,LINEAR_POWER_GAMMA0,0.2560403347015381,55,0.08305587619543076,55
FROZEN,S1A_IW_GRDH_1SDV_20241118T103344_20241118T103413_056608_06F16C_rtc,2024-11-18T10:33:58.880143+00:00,2024-11-18,2024Q4,S1A,11,ascending,C2b_amc__v2,positive_control,LINEAR_POWER_GAMMA0,6.945950031280518,260,0.5972533822059631,260
FROZEN,S1A_IW_GRDH_1SDV_20241118T103344_20241118T103413_056608_06F16C_rtc,2024-11-18T10:33:58.880143+00:00,2024-11-18,2024Q4,S1A,11,ascending,P1_vacant__v1,placebo,LINEAR_POWER_GAMMA0,0.2423996925354004,93,0.061374858021736145,93
FROZEN,S1A_IW_GRDH_1SDV_20241118T103344_20241118T103413_056608_06F16C_rtc,2024-11-18T10:33:58.880143+00:00,2024-11-18,2024Q4,S1A,11,ascending,X1_build_slab__v1,positive_control,LINEAR_POWER_GAMMA0,4.996466159820557,67,0.2136690765619278,67
FROZEN,S1A_IW_GRDH_1SDV_20241118T103344_20241118T103413_056608_06F16C_rtc,2024-11-18T10:33:58.880143+00:00,2024-11-18,2024Q4,S1A,11,ascending,X2_build_site__v1,positive_control,LINEAR_POWER_GAMMA0,2.7412097454071045,155,0.1683214008808136,155
FROZEN,S1A_IW_GRDH_1SDV_20241125T102531_20241125T102600_056710_06F578_rtc,2024-11-25T10:25:45.567619+00:00,2024-11-25,2024Q4,S1A,113,ascending,T1_ntt_fdc__v1,treatment,LINEAR_POWER_GAMMA0,2.1622159481048584,307,0.9136965870857239,307
FROZEN,S1A_IW_GRDH_1SDV_20241125T102531_20241125T102600_056710_06F578_rtc,2024-11-25T10:25:45.567619+00:00,2024-11-25,2024Q4,S1A,113,ascending,C1_hkex_dc__v1,control,LINEAR_POWER_GAMMA0,0.3642105758190155,55,0.07006511092185974,55
FROZEN,S1A_IW_GRDH_1SDV_20241125T102531_20241125T102600_056710_06F578_rtc,2024-11-25T10:25:45.567619+00:00,2024-11-25,2024Q4,S1A,113,ascending,C2b_amc__v2,positive_control,LINEAR_POWER_GAMMA0,3.465329170227051,260,0.5940460562705994,260
FROZEN,S1A_IW_GRDH_1SDV_20241125T102531_20241125T102600_056710_06F578_rtc,2024-11-25T10:25:45.567619+00:00,2024-11-25,2024Q4,S1A,113,ascending,P1_vacant__v1,placebo,LINEAR_POWER_GAMMA0,0.7215558886528015,93,0.10846590250730515,93
FROZEN,S1A_IW_GRDH_1SDV_20241125T102531_20241125T102600_056710_06F578_rtc,2024-11-25T10:25:45.567619+00:00,2024-11-25,2024Q4,S1A,113,ascending,X1_build_slab__v1,positive_control,LINEAR_POWER_GAMMA0,3.7814958095550537,67,0.29936328530311584,67
FROZEN,S1A_IW_GRDH_1SDV_20241125T102531_20241125T102600_056710_06F578_rtc,2024-11-25T10:25:45.567619+00:00,2024-11-25,2024Q4,S1A,113,ascending,X2_build_site__v1,positive_control,LINEAR_POWER_GAMMA0,2.2352917194366455,155,0.21571576595306396,155
FROZEN,S1A_IW_GRDH_1SDV_20241207T102530_20241207T102559_056885_06FC56_rtc,2024-12-07T10:25:44.513290+00:00,2024-12-07,2024Q4,S1A,113,ascending,T1_ntt_fdc__v1,treatment,LINEAR_POWER_GAMMA0,2.0222859382629395,307,0.8709046840667725,307
FROZEN,S1A_IW_GRDH_1SDV_20241207T102530_20241207T102559_056885_06FC56_rtc,2024-12-07T10:25:44.513290+00:00,2024-12-07,2024Q4,S1A,113,ascending,C1_hkex_dc__v1,control,LINEAR_POWER_GAMMA0,0.34813392162323,55,0.037068191915750504,55
FROZEN,S1A_IW_GRDH_1SDV_20241207T102530_20241207T102559_056885_06FC56_rtc,2024-12-07T10:25:44.513290+00:00,2024-12-07,2024Q4,S1A,113,ascending,C2b_amc__v2,positive_control,LINEAR_POWER_GAMMA0,3.0429611206054688,260,0.5387371778488159,260
FROZEN,S1A_IW_GRDH_1SDV_20241207T102530_20241207T102559_056885_06FC56_rtc,2024-12-07T10:25:44.513290+00:00,2024-12-07,2024Q4,S1A,113,ascending,P1_vacant__v1,placebo,LINEAR_POWER_GAMMA0,0.7435674071311951,93,0.06821684539318085,93
FROZEN,S1A_IW_GRDH_1SDV_20241207T102530_20241207T102559_056885_06FC56_rtc,2024-12-07T10:25:44.513290+00:00,2024-12-07,2024Q4,S1A,113,ascending,X1_build_slab__v1,positive_control,LINEAR_POWER_GAMMA0,1.967198133468628,67,0.28346264362335205,67
FROZEN,S1A_IW_GRDH_1SDV_20241207T102530_20241207T102559_056885_06FC56_rtc,2024-12-07T10:25:44.513290+00:00,2024-12-07,2024Q4,S1A,113,ascending,X2_build_site__v1,positive_control,LINEAR_POWER_GAMMA0,1.2481448650360107,155,0.21240884065628052,155
FROZEN,S1A_IW_GRDH_1SDV_20241212T103342_20241212T103411_056958_06FF3D_rtc,2024-12-12T10:33:57.101128+00:00,2024-12-12,2024Q4,S1A,11,ascending,T1_ntt_fdc__v1,treatment,LINEAR_POWER_GAMMA0,2.264498233795166,307,0.8449937701225281,307
FROZEN,S1A_IW_GRDH_1SDV_20241212T103342_20241212T103411_056958_06FF3D_rtc,2024-12-12T10:33:57.101128+00:00,2024-12-12,2024Q4,S1A,11,ascending,C1_hkex_dc__v1,control,LINEAR_POWER_GAMMA0,0.21044690907001495,55,0.08077190071344376,55
FROZEN,S1A_IW_GRDH_1SDV_20241212T103342_20241212T103411_056958_06FF3D_rtc,2024-12-12T10:33:57.101128+00:00,2024-12-12,2024Q4,S1A,11,ascending,C2b_amc__v2,positive_control,LINEAR_POWER_GAMMA0,5.663287162780762,260,0.5360430479049683,260
FROZEN,S1A_IW_GRDH_1SDV_20241212T103342_20241212T103411_056958_06FF3D_rtc,2024-12-12T10:33:57.101128+00:00,2024-12-12,2024Q4,S1A,11,ascending,P1_vacant__v1,placebo,LINEAR_POWER_GAMMA0,0.21729803085327148,93,0.0723290666937828,93
FROZEN,S1A_IW_GRDH_1SDV_20241212T103342_20241212T103411_056958_06FF3D_rtc,2024-12-12T10:33:57.101128+00:00,2024-12-12,2024Q4,S1A,11,ascending,X1_build_slab__v1,positive_control,LINEAR_POWER_GAMMA0,1.7254153490066528,67,0.246638223528862,67
FROZEN,S1A_IW_GRDH_1SDV_20241212T103342_20241212T103411_056958_06FF3D_rtc,2024-12-12T10:33:57.101128+00:00,2024-12-12,2024Q4,S1A,11,ascending,X2_build_site__v1,positive_control,LINEAR_POWER_GAMMA0,1.1283248662948608,155,0.1782124936580658,155
FROZEN,S1A_IW_GRDH_1SDV_20241219T102528_20241219T102557_057060_070358_rtc,2024-12-19T10:25:43.309256+00:00,2024-12-19,2024Q4,S1A,113,ascending,T1_ntt_fdc__v1,treatment,LINEAR_POWER_GAMMA0,2.0147383213043213,307,0.869007408618927,307
FROZEN,S1A_IW_GRDH_1SDV_20241219T102528_20241219T102557_057060_070358_rtc,2024-12-19T10:25:43.309256+00:00,2024-12-19,2024Q4,S1A,113,ascending,C1_hkex_dc__v1,control,LINEAR_POWER_GAMMA0,0.3737117052078247,55,0.05574392154812813,55
FROZEN,S1A_IW_GRDH_1SDV_20241219T102528_20241219T102557_057060_070358_rtc,2024-12-19T10:25:43.309256+00:00,2024-12-19,2024Q4,S1A,113,ascending,C2b_amc__v2,positive_control,LINEAR_POWER_GAMMA0,2.8018031120300293,260,0.5883135199546814,260
FROZEN,S1A_IW_GRDH_1SDV_20241219T102528_20241219T102557_057060_070358_rtc,2024-12-19T10:25:43.309256+00:00,2024-12-19,2024Q4,S1A,113,ascending,P1_vacant__v1,placebo,LINEAR_POWER_GAMMA0,0.36452874541282654,93,0.06993816792964935,93
FROZEN,S1A_IW_GRDH_1SDV_20241219T102528_20241219T102557_057060_070358_rtc,2024-12-19T10:25:43.309256+00:00,2024-12-19,2024Q4,S1A,113,ascending,X1_build_slab__v1,positive_control,LINEAR_POWER_GAMMA0,2.118952751159668,67,0.34916597604751587,67
FROZEN,S1A_IW_GRDH_1SDV_20241219T102528_20241219T102557_057060_070358_rtc,2024-12-19T10:25:43.309256+00:00,2024-12-19,2024Q4,S1A,113,ascending,X2_build_site__v1,positive_control,LINEAR_POWER_GAMMA0,1.4044164419174194,155,0.24287383258342743,155
FROZEN,S1A_IW_GRDH_1SDV_20241224T103341_20241224T103410_057133_070648_rtc,2024-12-24T10:33:55.765052+00:00,2024-12-24,2024Q4,S1A,11,ascending,T1_ntt_fdc__v1,treatment,LINEAR_POWER_GAMMA0,2.1481850147247314,307,0.7809804081916809,307
FROZEN,S1A_IW_GRDH_1SDV_20241224T103341_20241224T103410_057133_070648_rtc,2024-12-24T10:33:55.765052+00:00,2024-12-24,2024Q4,S1A,11,ascending,C1_hkex_dc__v1,control,LINEAR_POWER_GAMMA0,0.21551014482975006,55,0.07483384758234024,55
FROZEN,S1A_IW_GRDH_1SDV_20241224T103341_20241224T103410_057133_070648_rtc,2024-12-24T10:33:55.765052+00:00,2024-12-24,2024Q4,S1A,11,ascending,C2b_amc__v2,positive_control,LINEAR_POWER_GAMMA0,5.7986907958984375,260,0.5616452693939209,260
FROZEN,S1A_IW_GRDH_1SDV_20241224T103341_20241224T103410_057133_070648_rtc,2024-12-24T10:33:55.765052+00:00,2024-12-24,2024Q4,S1A,11,ascending,P1_vacant__v1,placebo,LINEAR_POWER_GAMMA0,0.30281326174736023,93,0.0746053084731102,93
FROZEN,S1A_IW_GRDH_1SDV_20241224T103341_20241224T103410_057133_070648_rtc,2024-12-24T10:33:55.765052+00:00,2024-12-24,2024Q4,S1A,11,ascending,X1_build_slab__v1,positive_control,LINEAR_POWER_GAMMA0,1.2231758832931519,67,0.20119988918304443,67
FROZEN,S1A_IW_GRDH_1SDV_20241224T103341_20241224T103410_057133_070648_rtc,2024-12-24T10:33:55.765052+00:00,2024-12-24,2024Q4,S1A,11,ascending,X2_build_site__v1,positive_control,LINEAR_POWER_GAMMA0,1.5824925899505615,155,0.16883449256420135,155
FROZEN,S1A_IW_GRDH_1SDV_20250105T103340_20250105T103409_057308_070D26_rtc,2025-01-05T10:33:54.682932+00:00,2025-01-05,2025Q1,S1A,11,ascending,T1_ntt_fdc__v1,treatment,LINEAR_POWER_GAMMA0,2.2711873054504395,307,0.7945008873939514,307
FROZEN,S1A_IW_GRDH_1SDV_20250105T103340_20250105T103409_057308_070D26_rtc,2025-01-05T10:33:54.682932+00:00,2025-01-05,2025Q1,S1A,11,ascending,C1_hkex_dc__v1,control,LINEAR_POWER_GAMMA0,0.23275406658649445,55,0.07500392943620682,55
FROZEN,S1A_IW_GRDH_1SDV_20250105T103340_20250105T103409_057308_070D26_rtc,2025-01-05T10:33:54.682932+00:00,2025-01-05,2025Q1,S1A,11,ascending,C2b_amc__v2,positive_control,LINEAR_POWER_GAMMA0,5.784204006195068,260,0.5137020349502563,260
FROZEN,S1A_IW_GRDH_1SDV_20250105T103340_20250105T103409_057308_070D26_rtc,2025-01-05T10:33:54.682932+00:00,2025-01-05,2025Q1,S1A,11,ascending,P1_vacant__v1,placebo,LINEAR_POWER_GAMMA0,0.2528854012489319,93,0.07175837457180023,93
FROZEN,S1A_IW_GRDH_1SDV_20250105T103340_20250105T103409_057308_070D26_rtc,2025-01-05T10:33:54.682932+00:00,2025-01-05,2025Q1,S1A,11,ascending,X1_build_slab__v1,positive_control,LINEAR_POWER_GAMMA0,1.0139422416687012,67,0.20390260219573975,67
FROZEN,S1A_IW_GRDH_1SDV_20250105T103340_20250105T103409_057308_070D26_rtc,2025-01-05T10:33:54.682932+00:00,2025-01-05,2025Q1,S1A,11,ascending,X2_build_site__v1,positive_control,LINEAR_POWER_GAMMA0,0.76183021068573,155,0.18672603368759155,155
FROZEN,S1A_IW_GRDH_1SDV_20250112T102526_20250112T102555_057410_07112A_rtc,2025-01-12T10:25:41.426726+00:00,2025-01-12,2025Q1,S1A,113,ascending,T1_ntt_fdc__v1,treatment,LINEAR_POWER_GAMMA0,2.069566249847412,307,0.8544495701789856,307
FROZEN,S1A_IW_GRDH_1SDV_20250112T102526_20250112T102555_057410_07112A_rtc,2025-01-12T10:25:41.426726+00:00,2025-01-12,2025Q1,S1A,113,ascending,C1_hkex_dc__v1,control,LINEAR_POWER_GAMMA0,0.3283824026584625,55,0.03506672754883766,55
FROZEN,S1A_IW_GRDH_1SDV_20250112T102526_20250112T102555_057410_07112A_rtc,2025-01-12T10:25:41.426726+00:00,2025-01-12,2025Q1,S1A,113,ascending,C2b_amc__v2,positive_control,LINEAR_POWER_GAMMA0,3.165879011154175,260,0.5414465665817261,260
FROZEN,S1A_IW_GRDH_1SDV_20250112T102526_20250112T102555_057410_07112A_rtc,2025-01-12T10:25:41.426726+00:00,2025-01-12,2025Q1,S1A,113,ascending,P1_vacant__v1,placebo,LINEAR_POWER_GAMMA0,1.5341238975524902,93,0.08513157069683075,93
FROZEN,S1A_IW_GRDH_1SDV_20250112T102526_20250112T102555_057410_07112A_rtc,2025-01-12T10:25:41.426726+00:00,2025-01-12,2025Q1,S1A,113,ascending,X1_build_slab__v1,positive_control,LINEAR_POWER_GAMMA0,1.3685084581375122,67,0.27584996819496155,67
FROZEN,S1A_IW_GRDH_1SDV_20250112T102526_20250112T102555_057410_07112A_rtc,2025-01-12T10:25:41.426726+00:00,2025-01-12,2025Q1,S1A,113,ascending,X2_build_site__v1,positive_control,LINEAR_POWER_GAMMA0,1.0575010776519775,155,0.22440692782402039,155
FROZEN,S1A_IW_GRDH_1SDV_20250117T103339_20250117T103408_057483_071413_rtc,2025-01-17T10:33:53.545242+00:00,2025-01-17,2025Q1,S1A,11,ascending,T1_ntt_fdc__v1,treatment,LINEAR_POWER_GAMMA0,2.144076108932495,307,0.7241328358650208,307
FROZEN,S1A_IW_GRDH_1SDV_20250117T103339_20250117T103408_057483_071413_rtc,2025-01-17T10:33:53.545242+00:00,2025-01-17,2025Q1,S1A,11,ascending,C1_hkex_dc__v1,control,LINEAR_POWER_GAMMA0,0.23207537829875946,55,0.08104541152715683,55
FROZEN,S1A_IW_GRDH_1SDV_20250117T103339_20250117T103408_057483_071413_rtc,2025-01-17T10:33:53.545242+00:00,2025-01-17,2025Q1,S1A,11,ascending,C2b_amc__v2,positive_control,LINEAR_POWER_GAMMA0,5.216507434844971,260,0.5718247890472412,260
FROZEN,S1A_IW_GRDH_1SDV_20250117T103339_20250117T103408_057483_071413_rtc,2025-01-17T10:33:53.545242+00:00,2025-01-17,2025Q1,S1A,11,ascending,P1_vacant__v1,placebo,LINEAR_POWER_GAMMA0,0.28932416439056396,93,0.07475391030311584,93
FROZEN,S1A_IW_GRDH_1SDV_20250117T103339_20250117T103408_057483_071413_rtc,2025-01-17T10:33:53.545242+00:00,2025-01-17,2025Q1,S1A,11,ascending,X1_build_slab__v1,positive_control,LINEAR_POWER_GAMMA0,0.9554595947265625,67,0.2773410975933075,67
FROZEN,S1A_IW_GRDH_1SDV_20250117T103339_20250117T103408_057483_071413_rtc,2025-01-17T10:33:53.545242+00:00,2025-01-17,2025Q1,S1A,11,ascending,X2_build_site__v1,positive_control,LINEAR_POWER_GAMMA0,0.739550769329071,155,0.20383381843566895,155
FROZEN,S1A_IW_GRDH_1SDV_20250124T102526_20250124T102555_057585_07181F_rtc,2025-01-24T10:25:40.579265+00:00,2025-01-24,2025Q1,S1A,113,ascending,T1_ntt_fdc__v1,treatment,LINEAR_POWER_GAMMA0,2.0212020874023438,307,0.8940972685813904,307
FROZEN,S1A_IW_GRDH_1SDV_20250124T102526_20250124T102555_057585_07181F_rtc,2025-01-24T10:25:40.579265+00:00,2025-01-24,2025Q1,S1A,113,ascending,C1_hkex_dc__v1,control,LINEAR_POWER_GAMMA0,0.3791531026363373,55,0.06511501222848892,55
FROZEN,S1A_IW_GRDH_1SDV_20250124T102526_20250124T102555_057585_07181F_rtc,2025-01-24T10:25:40.579265+00:00,2025-01-24,2025Q1,S1A,113,ascending,C2b_amc__v2,positive_control,LINEAR_POWER_GAMMA0,3.3208396434783936,260,0.5501505732536316,260
FROZEN,S1A_IW_GRDH_1SDV_20250124T102526_20250124T102555_057585_07181F_rtc,2025-01-24T10:25:40.579265+00:00,2025-01-24,2025Q1,S1A,113,ascending,P1_vacant__v1,placebo,LINEAR_POWER_GAMMA0,0.8518799543380737,93,0.07503194361925125,93
FROZEN,S1A_IW_GRDH_1SDV_20250124T102526_20250124T102555_057585_07181F_rtc,2025-01-24T10:25:40.579265+00:00,2025-01-24,2025Q1,S1A,113,ascending,X1_build_slab__v1,positive_control,LINEAR_POWER_GAMMA0,1.7095885276794434,67,0.2998984456062317,67
FROZEN,S1A_IW_GRDH_1SDV_20250124T102526_20250124T102555_057585_07181F_rtc,2025-01-24T10:25:40.579265+00:00,2025-01-24,2025Q1,S1A,113,ascending,X2_build_site__v1,positive_control,LINEAR_POWER_GAMMA0,1.2804256677627563,155,0.23441345989704132,155
FROZEN,S1A_IW_GRDH_1SDV_20250129T103338_20250129T103407_057658_071B07_rtc,2025-01-29T10:33:53.019910+00:00,2025-01-29,2025Q1,S1A,11,ascending,T1_ntt_fdc__v1,treatment,LINEAR_POWER_GAMMA0,2.2304980754852295,307,0.8546191453933716,307
FROZEN,S1A_IW_GRDH_1SDV_20250129T103338_20250129T103407_057658_071B07_rtc,2025-01-29T10:33:53.019910+00:00,2025-01-29,2025Q1,S1A,11,ascending,C1_hkex_dc__v1,control,LINEAR_POWER_GAMMA0,0.24258551001548767,55,0.07751724869012833,55
FROZEN,S1A_IW_GRDH_1SDV_20250129T103338_20250129T103407_057658_071B07_rtc,2025-01-29T10:33:53.019910+00:00,2025-01-29,2025Q1,S1A,11,ascending,C2b_amc__v2,positive_control,LINEAR_POWER_GAMMA0,5.488462448120117,260,0.5845035314559937,260
FROZEN,S1A_IW_GRDH_1SDV_20250129T103338_20250129T103407_057658_071B07_rtc,2025-01-29T10:33:53.019910+00:00,2025-01-29,2025Q1,S1A,11,ascending,P1_vacant__v1,placebo,LINEAR_POWER_GAMMA0,0.45447972416877747,93,0.07388199865818024,93
FROZEN,S1A_IW_GRDH_1SDV_20250129T103338_20250129T103407_057658_071B07_rtc,2025-01-29T10:33:53.019910+00:00,2025-01-29,2025Q1,S1A,11,ascending,X1_build_slab__v1,positive_control,LINEAR_POWER_GAMMA0,0.9769618511199951,67,0.23106956481933594,67
FROZEN,S1A_IW_GRDH_1SDV_20250129T103338_20250129T103407_057658_071B07_rtc,2025-01-29T10:33:53.019910+00:00,2025-01-29,2025Q1,S1A,11,ascending,X2_build_site__v1,positive_control,LINEAR_POWER_GAMMA0,1.1376689672470093,155,0.187328040599823,155
FROZEN,S1A_IW_GRDH_1SDV_20250205T102525_20250205T102554_057760_071F06_rtc,2025-02-05T10:25:40.037488+00:00,2025-02-05,2025Q1,S1A,113,ascending,T1_ntt_fdc__v1,treatment,LINEAR_POWER_GAMMA0,2.132807970046997,307,0.9729698896408081,307
FROZEN,S1A_IW_GRDH_1SDV_20250205T102525_20250205T102554_057760_071F06_rtc,2025-02-05T10:25:40.037488+00:00,2025-02-05,2025Q1,S1A,113,ascending,C1_hkex_dc__v1,control,LINEAR_POWER_GAMMA0,0.3696368932723999,55,0.06883151829242706,55
FROZEN,S1A_IW_GRDH_1SDV_20250205T102525_20250205T102554_057760_071F06_rtc,2025-02-05T10:25:40.037488+00:00,2025-02-05,2025Q1,S1A,113,ascending,C2b_amc__v2,positive_control,LINEAR_POWER_GAMMA0,3.649104595184326,260,0.6584689021110535,260
FROZEN,S1A_IW_GRDH_1SDV_20250205T102525_20250205T102554_057760_071F06_rtc,2025-02-05T10:25:40.037488+00:00,2025-02-05,2025Q1,S1A,113,ascending,P1_vacant__v1,placebo,LINEAR_POWER_GAMMA0,1.2471070289611816,93,0.10330541431903839,93
FROZEN,S1A_IW_GRDH_1SDV_20250205T102525_20250205T102554_057760_071F06_rtc,2025-02-05T10:25:40.037488+00:00,2025-02-05,2025Q1,S1A,113,ascending,X1_build_slab__v1,positive_control,LINEAR_POWER_GAMMA0,2.6530346870422363,67,0.2913941740989685,67
FROZEN,S1A_IW_GRDH_1SDV_20250205T102525_20250205T102554_057760_071F06_rtc,2025-02-05T10:25:40.037488+00:00,2025-02-05,2025Q1,S1A,113,ascending,X2_build_site__v1,positive_control,LINEAR_POWER_GAMMA0,1.6374074220657349,155,0.23809464275836945,155
FROZEN,S1A_IW_GRDH_1SDV_20250217T102524_20250217T102553_057935_072612_rtc,2025-02-17T10:25:39.493686+00:00,2025-02-17,2025Q1,S1A,113,ascending,T1_ntt_fdc__v1,treatment,LINEAR_POWER_GAMMA0,2.3295037746429443,307,1.0362253189086914,307
FROZEN,S1A_IW_GRDH_1SDV_20250217T102524_20250217T102553_057935_072612_rtc,2025-02-17T10:25:39.493686+00:00,2025-02-17,2025Q1,S1A,113,ascending,C1_hkex_dc__v1,control,LINEAR_POWER_GAMMA0,0.37818673253059387,55,0.057432156056165695,55
FROZEN,S1A_IW_GRDH_1SDV_20250217T102524_20250217T102553_057935_072612_rtc,2025-02-17T10:25:39.493686+00:00,2025-02-17,2025Q1,S1A,113,ascending,C2b_amc__v2,positive_control,LINEAR_POWER_GAMMA0,3.700784921646118,260,0.6601384878158569,260
FROZEN,S1A_IW_GRDH_1SDV_20250217T102524_20250217T102553_057935_072612_rtc,2025-02-17T10:25:39.493686+00:00,2025-02-17,2025Q1,S1A,113,ascending,P1_vacant__v1,placebo,LINEAR_POWER_GAMMA0,0.5839188098907471,93,0.08503171801567078,93
FROZEN,S1A_IW_GRDH_1SDV_20250217T102524_20250217T102553_057935_072612_rtc,2025-02-17T10:25:39.493686+00:00,2025-02-17,2025Q1,S1A,113,ascending,X1_build_slab__v1,positive_control,LINEAR_POWER_GAMMA0,1.769882321357727,67,0.21219460666179657,67
FROZEN,S1A_IW_GRDH_1SDV_20250217T102524_20250217T102553_057935_072612_rtc,2025-02-17T10:25:39.493686+00:00,2025-02-17,2025Q1,S1A,113,ascending,X2_build_site__v1,positive_control,LINEAR_POWER_GAMMA0,1.2661774158477783,155,0.20036600530147552,155
FROZEN,S1A_IW_GRDH_1SDV_20250306T103337_20250306T103406_058183_073045_rtc,2025-03-06T10:33:52.287072+00:00,2025-03-06,2025Q1,S1A,11,ascending,T1_ntt_fdc__v1,treatment,LINEAR_POWER_GAMMA0,2.729907274246216,307,0.9901672005653381,307
FROZEN,S1A_IW_GRDH_1SDV_20250306T103337_20250306T103406_058183_073045_rtc,2025-03-06T10:33:52.287072+00:00,2025-03-06,2025Q1,S1A,11,ascending,C1_hkex_dc__v1,control,LINEAR_POWER_GAMMA0,0.32176128029823303,55,0.0810699388384819,55
FROZEN,S1A_IW_GRDH_1SDV_20250306T103337_20250306T103406_058183_073045_rtc,2025-03-06T10:33:52.287072+00:00,2025-03-06,2025Q1,S1A,11,ascending,C2b_amc__v2,positive_control,LINEAR_POWER_GAMMA0,9.228593826293945,260,0.6136197447776794,260
FROZEN,S1A_IW_GRDH_1SDV_20250306T103337_20250306T103406_058183_073045_rtc,2025-03-06T10:33:52.287072+00:00,2025-03-06,2025Q1,S1A,11,ascending,P1_vacant__v1,placebo,LINEAR_POWER_GAMMA0,0.3133457899093628,93,0.06133434921503067,93
FROZEN,S1A_IW_GRDH_1SDV_20250306T103337_20250306T103406_058183_073045_rtc,2025-03-06T10:33:52.287072+00:00,2025-03-06,2025Q1,S1A,11,ascending,X1_build_slab__v1,positive_control,LINEAR_POWER_GAMMA0,1.159186601638794,67,0.18830981850624084,67
FROZEN,S1A_IW_GRDH_1SDV_20250306T103337_20250306T103406_058183_073045_rtc,2025-03-06T10:33:52.287072+00:00,2025-03-06,2025Q1,S1A,11,ascending,X2_build_site__v1,positive_control,LINEAR_POWER_GAMMA0,0.9674969911575317,155,0.19271144270896912,155
FROZEN,S1A_IW_GRDH_1SDV_20250313T102525_20250313T102554_058285_073449_rtc,2025-03-13T10:25:39.575048+00:00,2025-03-13,2025Q1,S1A,113,ascending,T1_ntt_fdc__v1,treatment,LINEAR_POWER_GAMMA0,2.3994195461273193,307,1.1424634456634521,307
FROZEN,S1A_IW_GRDH_1SDV_20250313T102525_20250313T102554_058285_073449_rtc,2025-03-13T10:25:39.575048+00:00,2025-03-13,2025Q1,S1A,113,ascending,C1_hkex_dc__v1,control,LINEAR_POWER_GAMMA0,0.40258505940437317,55,0.07091280817985535,55
FROZEN,S1A_IW_GRDH_1SDV_20250313T102525_20250313T102554_058285_073449_rtc,2025-03-13T10:25:39.575048+00:00,2025-03-13,2025Q1,S1A,113,ascending,C2b_amc__v2,positive_control,LINEAR_POWER_GAMMA0,4.099967002868652,260,0.6966526508331299,260
FROZEN,S1A_IW_GRDH_1SDV_20250313T102525_20250313T102554_058285_073449_rtc,2025-03-13T10:25:39.575048+00:00,2025-03-13,2025Q1,S1A,113,ascending,P1_vacant__v1,placebo,LINEAR_POWER_GAMMA0,0.3702816665172577,93,0.07352907955646515,93
FROZEN,S1A_IW_GRDH_1SDV_20250313T102525_20250313T102554_058285_073449_rtc,2025-03-13T10:25:39.575048+00:00,2025-03-13,2025Q1,S1A,113,ascending,X1_build_slab__v1,positive_control,LINEAR_POWER_GAMMA0,1.6092044115066528,67,0.24195654690265656,67
FROZEN,S1A_IW_GRDH_1SDV_20250313T102525_20250313T102554_058285_073449_rtc,2025-03-13T10:25:39.575048+00:00,2025-03-13,2025Q1,S1A,113,ascending,X2_build_site__v1,positive_control,LINEAR_POWER_GAMMA0,1.2125829458236694,155,0.22439338266849518,155
FROZEN,S1A_IW_GRDH_1SDV_20250318T103337_20250318T103406_058358_07372C_rtc,2025-03-18T10:33:52.384116+00:00,2025-03-18,2025Q1,S1A,11,ascending,T1_ntt_fdc__v1,treatment,LINEAR_POWER_GAMMA0,2.414987087249756,307,0.9222453832626343,307
FROZEN,S1A_IW_GRDH_1SDV_20250318T103337_20250318T103406_058358_07372C_rtc,2025-03-18T10:33:52.384116+00:00,2025-03-18,2025Q1,S1A,11,ascending,C1_hkex_dc__v1,control,LINEAR_POWER_GAMMA0,0.2690189480781555,55,0.08304416388273239,55
FROZEN,S1A_IW_GRDH_1SDV_20250318T103337_20250318T103406_058358_07372C_rtc,2025-03-18T10:33:52.384116+00:00,2025-03-18,2025Q1,S1A,11,ascending,C2b_amc__v2,positive_control,LINEAR_POWER_GAMMA0,6.146492958068848,260,0.5828078985214233,260
FROZEN,S1A_IW_GRDH_1SDV_20250318T103337_20250318T103406_058358_07372C_rtc,2025-03-18T10:33:52.384116+00:00,2025-03-18,2025Q1,S1A,11,ascending,P1_vacant__v1,placebo,LINEAR_POWER_GAMMA0,0.2898125648498535,93,0.0856473371386528,93
FROZEN,S1A_IW_GRDH_1SDV_20250318T103337_20250318T103406_058358_07372C_rtc,2025-03-18T10:33:52.384116+00:00,2025-03-18,2025Q1,S1A,11,ascending,X1_build_slab__v1,positive_control,LINEAR_POWER_GAMMA0,1.1251580715179443,67,0.1587611436843872,67
FROZEN,S1A_IW_GRDH_1SDV_20250318T103337_20250318T103406_058358_07372C_rtc,2025-03-18T10:33:52.384116+00:00,2025-03-18,2025Q1,S1A,11,ascending,X2_build_site__v1,positive_control,LINEAR_POWER_GAMMA0,1.0619524717330933,155,0.17257782816886902,155
FROZEN,S1A_IW_GRDH_1SDV_20250325T102524_20250325T102553_058460_073B2B_rtc,2025-03-25T10:25:39.375793+00:00,2025-03-25,2025Q1,S1A,113,ascending,T1_ntt_fdc__v1,treatment,LINEAR_POWER_GAMMA0,2.2102737426757812,307,1.0984773635864258,307
FROZEN,S1A_IW_GRDH_1SDV_20250325T102524_20250325T102553_058460_073B2B_rtc,2025-03-25T10:25:39.375793+00:00,2025-03-25,2025Q1,S1A,113,ascending,C1_hkex_dc__v1,control,LINEAR_POWER_GAMMA0,0.42887791991233826,55,0.0500924214720726,55
FROZEN,S1A_IW_GRDH_1SDV_20250325T102524_20250325T102553_058460_073B2B_rtc,2025-03-25T10:25:39.375793+00:00,2025-03-25,2025Q1,S1A,113,ascending,C2b_amc__v2,positive_control,LINEAR_POWER_GAMMA0,2.980020761489868,260,0.7451285123825073,260
FROZEN,S1A_IW_GRDH_1SDV_20250325T102524_20250325T102553_058460_073B2B_rtc,2025-03-25T10:25:39.375793+00:00,2025-03-25,2025Q1,S1A,113,ascending,P1_vacant__v1,placebo,LINEAR_POWER_GAMMA0,0.4438801407814026,93,0.08767413347959518,93
FROZEN,S1A_IW_GRDH_1SDV_20250325T102524_20250325T102553_058460_073B2B_rtc,2025-03-25T10:25:39.375793+00:00,2025-03-25,2025Q1,S1A,113,ascending,X1_build_slab__v1,positive_control,LINEAR_POWER_GAMMA0,2.0251214504241943,67,0.23809948563575745,67
FROZEN,S1A_IW_GRDH_1SDV_20250325T102524_20250325T102553_058460_073B2B_rtc,2025-03-25T10:25:39.375793+00:00,2025-03-25,2025Q1,S1A,113,ascending,X2_build_site__v1,positive_control,LINEAR_POWER_GAMMA0,1.649929165840149,155,0.2325364649295807,155
FROZEN,S1A_IW_GRDH_1SDV_20250330T103338_20250330T103407_058533_073E2A_rtc,2025-03-30T10:33:52.766027+00:00,2025-03-30,2025Q1,S1A,11,ascending,T1_ntt_fdc__v1,treatment,LINEAR_POWER_GAMMA0,2.5480802059173584,307,0.9096337556838989,307
FROZEN,S1A_IW_GRDH_1SDV_20250330T103338_20250330T103407_058533_073E2A_rtc,2025-03-30T10:33:52.766027+00:00,2025-03-30,2025Q1,S1A,11,ascending,C1_hkex_dc__v1,control,LINEAR_POWER_GAMMA0,0.23805025219917297,55,0.07691249996423721,55
FROZEN,S1A_IW_GRDH_1SDV_20250330T103338_20250330T103407_058533_073E2A_rtc,2025-03-30T10:33:52.766027+00:00,2025-03-30,2025Q1,S1A,11,ascending,C2b_amc__v2,positive_control,LINEAR_POWER_GAMMA0,7.252831935882568,260,0.5607603788375854,260
FROZEN,S1A_IW_GRDH_1SDV_20250330T103338_20250330T103407_058533_073E2A_rtc,2025-03-30T10:33:52.766027+00:00,2025-03-30,2025Q1,S1A,11,ascending,P1_vacant__v1,placebo,LINEAR_POWER_GAMMA0,0.26530978083610535,93,0.06279903650283813,93
FROZEN,S1A_IW_GRDH_1SDV_20250330T103338_20250330T103407_058533_073E2A_rtc,2025-03-30T10:33:52.766027+00:00,2025-03-30,2025Q1,S1A,11,ascending,X1_build_slab__v1,positive_control,LINEAR_POWER_GAMMA0,1.0508590936660767,67,0.14308209717273712,67
FROZEN,S1A_IW_GRDH_1SDV_20250330T103338_20250330T103407_058533_073E2A_rtc,2025-03-30T10:33:52.766027+00:00,2025-03-30,2025Q1,S1A,11,ascending,X2_build_site__v1,positive_control,LINEAR_POWER_GAMMA0,1.003047227859497,155,0.1617123931646347,155
FROZEN,S1A_IW_GRDH_1SDV_20250406T102525_20250406T102554_058635_074250_rtc,2025-04-06T10:25:40.203896+00:00,2025-04-06,2025Q2,S1A,113,ascending,T1_ntt_fdc__v1,treatment,LINEAR_POWER_GAMMA0,3.090461492538452,307,1.2676674127578735,307
FROZEN,S1A_IW_GRDH_1SDV_20250406T102525_20250406T102554_058635_074250_rtc,2025-04-06T10:25:40.203896+00:00,2025-04-06,2025Q2,S1A,113,ascending,C1_hkex_dc__v1,control,LINEAR_POWER_GAMMA0,0.3625897467136383,55,0.04091951623558998,55
FROZEN,S1A_IW_GRDH_1SDV_20250406T102525_20250406T102554_058635_074250_rtc,2025-04-06T10:25:40.203896+00:00,2025-04-06,2025Q2,S1A,113,ascending,C2b_amc__v2,positive_control,LINEAR_POWER_GAMMA0,3.8027782440185547,260,0.7186093926429749,260
FROZEN,S1A_IW_GRDH_1SDV_20250406T102525_20250406T102554_058635_074250_rtc,2025-04-06T10:25:40.203896+00:00,2025-04-06,2025Q2,S1A,113,ascending,P1_vacant__v1,placebo,LINEAR_POWER_GAMMA0,0.8565848469734192,93,0.11161057651042938,93
FROZEN,S1A_IW_GRDH_1SDV_20250406T102525_20250406T102554_058635_074250_rtc,2025-04-06T10:25:40.203896+00:00,2025-04-06,2025Q2,S1A,113,ascending,X1_build_slab__v1,positive_control,LINEAR_POWER_GAMMA0,1.5240799188613892,67,0.3393830358982086,67
FROZEN,S1A_IW_GRDH_1SDV_20250406T102525_20250406T102554_058635_074250_rtc,2025-04-06T10:25:40.203896+00:00,2025-04-06,2025Q2,S1A,113,ascending,X2_build_site__v1,positive_control,LINEAR_POWER_GAMMA0,1.2034817934036255,155,0.28799793124198914,155
FROZEN,S1A_IW_GRDH_1SDV_20250411T103338_20250411T103407_058708_074557_rtc,2025-04-11T10:33:52.568545+00:00,2025-04-11,2025Q2,S1A,11,ascending,T1_ntt_fdc__v1,treatment,LINEAR_POWER_GAMMA0,2.3241586685180664,307,0.8577121496200562,307
FROZEN,S1A_IW_GRDH_1SDV_20250411T103338_20250411T103407_058708_074557_rtc,2025-04-11T10:33:52.568545+00:00,2025-04-11,2025Q2,S1A,11,ascending,C1_hkex_dc__v1,control,LINEAR_POWER_GAMMA0,0.23742620646953583,55,0.07308879494667053,55
FROZEN,S1A_IW_GRDH_1SDV_20250411T103338_20250411T103407_058708_074557_rtc,2025-04-11T10:33:52.568545+00:00,2025-04-11,2025Q2,S1A,11,ascending,C2b_amc__v2,positive_control,LINEAR_POWER_GAMMA0,5.930757522583008,260,0.6234667897224426,260
FROZEN,S1A_IW_GRDH_1SDV_20250411T103338_20250411T103407_058708_074557_rtc,2025-04-11T10:33:52.568545+00:00,2025-04-11,2025Q2,S1A,11,ascending,P1_vacant__v1,placebo,LINEAR_POWER_GAMMA0,0.32698577642440796,93,0.06784145534038544,93
FROZEN,S1A_IW_GRDH_1SDV_20250411T103338_20250411T103407_058708_074557_rtc,2025-04-11T10:33:52.568545+00:00,2025-04-11,2025Q2,S1A,11,ascending,X1_build_slab__v1,positive_control,LINEAR_POWER_GAMMA0,0.9289214015007019,67,0.16490952670574188,67
FROZEN,S1A_IW_GRDH_1SDV_20250411T103338_20250411T103407_058708_074557_rtc,2025-04-11T10:33:52.568545+00:00,2025-04-11,2025Q2,S1A,11,ascending,X2_build_site__v1,positive_control,LINEAR_POWER_GAMMA0,1.1514482498168945,155,0.21202877163887024,155
FROZEN,S1A_IW_GRDH_1SDV_20250418T102525_20250418T102554_058810_074978_rtc,2025-04-18T10:25:40.107765+00:00,2025-04-18,2025Q2,S1A,113,ascending,T1_ntt_fdc__v1,treatment,LINEAR_POWER_GAMMA0,2.739739179611206,307,1.2172549962997437,307
FROZEN,S1A_IW_GRDH_1SDV_20250418T102525_20250418T102554_058810_074978_rtc,2025-04-18T10:25:40.107765+00:00,2025-04-18,2025Q2,S1A,113,ascending,C1_hkex_dc__v1,control,LINEAR_POWER_GAMMA0,0.3682403266429901,55,0.04292105510830879,55
FROZEN,S1A_IW_GRDH_1SDV_20250418T102525_20250418T102554_058810_074978_rtc,2025-04-18T10:25:40.107765+00:00,2025-04-18,2025Q2,S1A,113,ascending,C2b_amc__v2,positive_control,LINEAR_POWER_GAMMA0,3.885457754135132,260,0.7015087604522705,260
FROZEN,S1A_IW_GRDH_1SDV_20250418T102525_20250418T102554_058810_074978_rtc,2025-04-18T10:25:40.107765+00:00,2025-04-18,2025Q2,S1A,113,ascending,P1_vacant__v1,placebo,LINEAR_POWER_GAMMA0,0.6898487210273743,93,0.08532050997018814,93
FROZEN,S1A_IW_GRDH_1SDV_20250418T102525_20250418T102554_058810_074978_rtc,2025-04-18T10:25:40.107765+00:00,2025-04-18,2025Q2,S1A,113,ascending,X1_build_slab__v1,positive_control,LINEAR_POWER_GAMMA0,1.8797202110290527,67,0.27273502945899963,67
FROZEN,S1A_IW_GRDH_1SDV_20250418T102525_20250418T102554_058810_074978_rtc,2025-04-18T10:25:40.107765+00:00,2025-04-18,2025Q2,S1A,113,ascending,X2_build_site__v1,positive_control,LINEAR_POWER_GAMMA0,1.5828826427459717,155,0.25954270362854004,155
FROZEN,S1A_IW_GRDH_1SDV_20250423T103338_20250423T103407_058883_074C80_rtc,2025-04-23T10:33:52.859499+00:00,2025-04-23,2025Q2,S1A,11,ascending,T1_ntt_fdc__v1,treatment,LINEAR_POWER_GAMMA0,2.4653873443603516,307,0.8031286597251892,307
FROZEN,S1A_IW_GRDH_1SDV_20250423T103338_20250423T103407_058883_074C80_rtc,2025-04-23T10:33:52.859499+00:00,2025-04-23,2025Q2,S1A,11,ascending,C1_hkex_dc__v1,control,LINEAR_POWER_GAMMA0,0.2947929799556732,55,0.08265510201454163,55
FROZEN,S1A_IW_GRDH_1SDV_20250423T103338_20250423T103407_058883_074C80_rtc,2025-04-23T10:33:52.859499+00:00,2025-04-23,2025Q2,S1A,11,ascending,C2b_amc__v2,positive_control,LINEAR_POWER_GAMMA0,5.898631572723389,260,0.5526607632637024,260
FROZEN,S1A_IW_GRDH_1SDV_20250423T103338_20250423T103407_058883_074C80_rtc,2025-04-23T10:33:52.859499+00:00,2025-04-23,2025Q2,S1A,11,ascending,P1_vacant__v1,placebo,LINEAR_POWER_GAMMA0,0.35098037123680115,93,0.08447152376174927,93
FROZEN,S1A_IW_GRDH_1SDV_20250423T103338_20250423T103407_058883_074C80_rtc,2025-04-23T10:33:52.859499+00:00,2025-04-23,2025Q2,S1A,11,ascending,X1_build_slab__v1,positive_control,LINEAR_POWER_GAMMA0,1.0116677284240723,67,0.15728801488876343,67
FROZEN,S1A_IW_GRDH_1SDV_20250423T103338_20250423T103407_058883_074C80_rtc,2025-04-23T10:33:52.859499+00:00,2025-04-23,2025Q2,S1A,11,ascending,X2_build_site__v1,positive_control,LINEAR_POWER_GAMMA0,0.9921896457672119,155,0.19244384765625,155
FROZEN,S1A_IW_GRDH_1SDV_20250505T103338_20250505T103407_059058_07537C_rtc,2025-05-05T10:33:52.941292+00:00,2025-05-05,2025Q2,S1A,11,ascending,T1_ntt_fdc__v1,treatment,LINEAR_POWER_GAMMA0,2.369352102279663,307,0.8102917075157166,307
FROZEN,S1A_IW_GRDH_1SDV_20250505T103338_20250505T103407_059058_07537C_rtc,2025-05-05T10:33:52.941292+00:00,2025-05-05,2025Q2,S1A,11,ascending,C1_hkex_dc__v1,control,LINEAR_POWER_GAMMA0,0.20013006031513214,55,0.07180376350879669,55
FROZEN,S1A_IW_GRDH_1SDV_20250505T103338_20250505T103407_059058_07537C_rtc,2025-05-05T10:33:52.941292+00:00,2025-05-05,2025Q2,S1A,11,ascending,C2b_amc__v2,positive_control,LINEAR_POWER_GAMMA0,5.992865562438965,260,0.6078609824180603,260
FROZEN,S1A_IW_GRDH_1SDV_20250505T103338_20250505T103407_059058_07537C_rtc,2025-05-05T10:33:52.941292+00:00,2025-05-05,2025Q2,S1A,11,ascending,P1_vacant__v1,placebo,LINEAR_POWER_GAMMA0,0.18611465394496918,93,0.06771935522556305,93
FROZEN,S1A_IW_GRDH_1SDV_20250505T103338_20250505T103407_059058_07537C_rtc,2025-05-05T10:33:52.941292+00:00,2025-05-05,2025Q2,S1A,11,ascending,X1_build_slab__v1,positive_control,LINEAR_POWER_GAMMA0,0.7144051790237427,67,0.14053651690483093,67
FROZEN,S1A_IW_GRDH_1SDV_20250505T103338_20250505T103407_059058_07537C_rtc,2025-05-05T10:33:52.941292+00:00,2025-05-05,2025Q2,S1A,11,ascending,X2_build_site__v1,positive_control,LINEAR_POWER_GAMMA0,0.8802250027656555,155,0.15747562050819397,155
FROZEN,S1A_IW_GRDH_1SDV_20250512T102525_20250512T102554_059160_075727_rtc,2025-05-12T10:25:40.171492+00:00,2025-05-12,2025Q2,S1A,113,ascending,T1_ntt_fdc__v1,treatment,LINEAR_POWER_GAMMA0,2.373404026031494,307,1.1040598154067993,307
FROZEN,S1A_IW_GRDH_1SDV_20250512T102525_20250512T102554_059160_075727_rtc,2025-05-12T10:25:40.171492+00:00,2025-05-12,2025Q2,S1A,113,ascending,C1_hkex_dc__v1,control,LINEAR_POWER_GAMMA0,0.44606655836105347,55,0.050608955323696136,55
FROZEN,S1A_IW_GRDH_1SDV_20250512T102525_20250512T102554_059160_075727_rtc,2025-05-12T10:25:40.171492+00:00,2025-05-12,2025Q2,S1A,113,ascending,C2b_amc__v2,positive_control,LINEAR_POWER_GAMMA0,3.507878065109253,260,0.5807337164878845,260
FROZEN,S1A_IW_GRDH_1SDV_20250512T102525_20250512T102554_059160_075727_rtc,2025-05-12T10:25:40.171492+00:00,2025-05-12,2025Q2,S1A,113,ascending,P1_vacant__v1,placebo,LINEAR_POWER_GAMMA0,1.1713101863861084,93,0.11689194291830063,93
FROZEN,S1A_IW_GRDH_1SDV_20250512T102525_20250512T102554_059160_075727_rtc,2025-05-12T10:25:40.171492+00:00,2025-05-12,2025Q2,S1A,113,ascending,X1_build_slab__v1,positive_control,LINEAR_POWER_GAMMA0,1.7046046257019043,67,0.21203026175498962,67
FROZEN,S1A_IW_GRDH_1SDV_20250512T102525_20250512T102554_059160_075727_rtc,2025-05-12T10:25:40.171492+00:00,2025-05-12,2025Q2,S1A,113,ascending,X2_build_site__v1,positive_control,LINEAR_POWER_GAMMA0,1.4275379180908203,155,0.2728373408317566,155
FROZEN,S1A_IW_GRDH_1SDV_20250517T103338_20250517T103407_059233_0759AF_rtc,2025-05-17T10:33:52.581769+00:00,2025-05-17,2025Q2,S1A,11,ascending,T1_ntt_fdc__v1,treatment,LINEAR_POWER_GAMMA0,2.173664093017578,307,0.7545784115791321,307
FROZEN,S1A_IW_GRDH_1SDV_20250517T103338_20250517T103407_059233_0759AF_rtc,2025-05-17T10:33:52.581769+00:00,2025-05-17,2025Q2,S1A,11,ascending,C1_hkex_dc__v1,control,LINEAR_POWER_GAMMA0,0.23534774780273438,55,0.07789423316717148,55
FROZEN,S1A_IW_GRDH_1SDV_20250517T103338_20250517T103407_059233_0759AF_rtc,2025-05-17T10:33:52.581769+00:00,2025-05-17,2025Q2,S1A,11,ascending,C2b_amc__v2,positive_control,LINEAR_POWER_GAMMA0,5.836886882781982,260,0.6462921500205994,260
FROZEN,S1A_IW_GRDH_1SDV_20250517T103338_20250517T103407_059233_0759AF_rtc,2025-05-17T10:33:52.581769+00:00,2025-05-17,2025Q2,S1A,11,ascending,P1_vacant__v1,placebo,LINEAR_POWER_GAMMA0,0.3306087553501129,93,0.06951761990785599,93
FROZEN,S1A_IW_GRDH_1SDV_20250517T103338_20250517T103407_059233_0759AF_rtc,2025-05-17T10:33:52.581769+00:00,2025-05-17,2025Q2,S1A,11,ascending,X1_build_slab__v1,positive_control,LINEAR_POWER_GAMMA0,0.842260479927063,67,0.09281440824270248,67
FROZEN,S1A_IW_GRDH_1SDV_20250517T103338_20250517T103407_059233_0759AF_rtc,2025-05-17T10:33:52.581769+00:00,2025-05-17,2025Q2,S1A,11,ascending,X2_build_site__v1,positive_control,LINEAR_POWER_GAMMA0,1.0221116542816162,155,0.21237024664878845,155
FROZEN,S1A_IW_GRDH_1SDV_20250524T102525_20250524T102554_059335_075D38_rtc,2025-05-24T10:25:39.617261+00:00,2025-05-24,2025Q2,S1A,113,ascending,T1_ntt_fdc__v1,treatment,LINEAR_POWER_GAMMA0,2.5202059745788574,307,1.3132333755493164,307
FROZEN,S1A_IW_GRDH_1SDV_20250524T102525_20250524T102554_059335_075D38_rtc,2025-05-24T10:25:39.617261+00:00,2025-05-24,2025Q2,S1A,113,ascending,C1_hkex_dc__v1,control,LINEAR_POWER_GAMMA0,0.3504897356033325,55,0.04934651032090187,55
FROZEN,S1A_IW_GRDH_1SDV_20250524T102525_20250524T102554_059335_075D38_rtc,2025-05-24T10:25:39.617261+00:00,2025-05-24,2025Q2,S1A,113,ascending,C2b_amc__v2,positive_control,LINEAR_POWER_GAMMA0,3.4595301151275635,260,0.7980255484580994,260
FROZEN,S1A_IW_GRDH_1SDV_20250524T102525_20250524T102554_059335_075D38_rtc,2025-05-24T10:25:39.617261+00:00,2025-05-24,2025Q2,S1A,113,ascending,P1_vacant__v1,placebo,LINEAR_POWER_GAMMA0,0.30436575412750244,93,0.06645914912223816,93
FROZEN,S1A_IW_GRDH_1SDV_20250524T102525_20250524T102554_059335_075D38_rtc,2025-05-24T10:25:39.617261+00:00,2025-05-24,2025Q2,S1A,113,ascending,X1_build_slab__v1,positive_control,LINEAR_POWER_GAMMA0,1.8607462644577026,67,0.2206292748451233,67
FROZEN,S1A_IW_GRDH_1SDV_20250524T102525_20250524T102554_059335_075D38_rtc,2025-05-24T10:25:39.617261+00:00,2025-05-24,2025Q2,S1A,113,ascending,X2_build_site__v1,positive_control,LINEAR_POWER_GAMMA0,1.5409787893295288,155,0.27527958154678345,155
FROZEN,S1A_IW_GRDH_1SDV_20250605T102524_20250605T102553_059510_rtc,2025-06-05T10:25:39.019960+00:00,2025-06-05,2025Q2,S1A,113,ascending,T1_ntt_fdc__v1,treatment,LINEAR_POWER_GAMMA0,2.8370652198791504,307,1.2714403867721558,307
FROZEN,S1A_IW_GRDH_1SDV_20250605T102524_20250605T102553_059510_rtc,2025-06-05T10:25:39.019960+00:00,2025-06-05,2025Q2,S1A,113,ascending,C1_hkex_dc__v1,control,LINEAR_POWER_GAMMA0,0.3766327500343323,55,0.05749867111444473,55
FROZEN,S1A_IW_GRDH_1SDV_20250605T102524_20250605T102553_059510_rtc,2025-06-05T10:25:39.019960+00:00,2025-06-05,2025Q2,S1A,113,ascending,C2b_amc__v2,positive_control,LINEAR_POWER_GAMMA0,3.1847007274627686,260,0.8596794605255127,260
FROZEN,S1A_IW_GRDH_1SDV_20250605T102524_20250605T102553_059510_rtc,2025-06-05T10:25:39.019960+00:00,2025-06-05,2025Q2,S1A,113,ascending,P1_vacant__v1,placebo,LINEAR_POWER_GAMMA0,0.6002349257469177,93,0.07348090410232544,93
FROZEN,S1A_IW_GRDH_1SDV_20250605T102524_20250605T102553_059510_rtc,2025-06-05T10:25:39.019960+00:00,2025-06-05,2025Q2,S1A,113,ascending,X1_build_slab__v1,positive_control,LINEAR_POWER_GAMMA0,1.346017599105835,67,0.20218881964683533,67
FROZEN,S1A_IW_GRDH_1SDV_20250605T102524_20250605T102553_059510_rtc,2025-06-05T10:25:39.019960+00:00,2025-06-05,2025Q2,S1A,113,ascending,X2_build_site__v1,positive_control,LINEAR_POWER_GAMMA0,1.7587471008300781,155,0.2665097117424011,155
FROZEN,S1A_IW_GRDH_1SDV_20250617T102523_20250617T102552_059685_076942_rtc,2025-06-17T10:25:38.271497+00:00,2025-06-17,2025Q2,S1A,113,ascending,T1_ntt_fdc__v1,treatment,LINEAR_POWER_GAMMA0,6.604742527008057,307,2.726266860961914,307
FROZEN,S1A_IW_GRDH_1SDV_20250617T102523_20250617T102552_059685_076942_rtc,2025-06-17T10:25:38.271497+00:00,2025-06-17,2025Q2,S1A,113,ascending,C1_hkex_dc__v1,control,LINEAR_POWER_GAMMA0,0.44226178526878357,55,0.1133439764380455,55
FROZEN,S1A_IW_GRDH_1SDV_20250617T102523_20250617T102552_059685_076942_rtc,2025-06-17T10:25:38.271497+00:00,2025-06-17,2025Q2,S1A,113,ascending,C2b_amc__v2,positive_control,LINEAR_POWER_GAMMA0,13.225717544555664,260,1.299660325050354,260
FROZEN,S1A_IW_GRDH_1SDV_20250617T102523_20250617T102552_059685_076942_rtc,2025-06-17T10:25:38.271497+00:00,2025-06-17,2025Q2,S1A,113,ascending,P1_vacant__v1,placebo,LINEAR_POWER_GAMMA0,0.9828963875770569,93,0.09357152134180069,93
FROZEN,S1A_IW_GRDH_1SDV_20250617T102523_20250617T102552_059685_076942_rtc,2025-06-17T10:25:38.271497+00:00,2025-06-17,2025Q2,S1A,113,ascending,X1_build_slab__v1,positive_control,LINEAR_POWER_GAMMA0,1.3638087511062622,67,0.21134302020072937,67
FROZEN,S1A_IW_GRDH_1SDV_20250617T102523_20250617T102552_059685_076942_rtc,2025-06-17T10:25:38.271497+00:00,2025-06-17,2025Q2,S1A,113,ascending,X2_build_site__v1,positive_control,LINEAR_POWER_GAMMA0,1.9017826318740845,155,0.35223129391670227,155
FROZEN,S1A_IW_GRDH_1SDV_20250629T102523_20250629T102552_059860_076F56_rtc,2025-06-29T10:25:37.850167+00:00,2025-06-29,2025Q2,S1A,113,ascending,T1_ntt_fdc__v1,treatment,LINEAR_POWER_GAMMA0,3.9913651943206787,307,1.704702377319336,307
FROZEN,S1A_IW_GRDH_1SDV_20250629T102523_20250629T102552_059860_076F56_rtc,2025-06-29T10:25:37.850167+00:00,2025-06-29,2025Q2,S1A,113,ascending,C1_hkex_dc__v1,control,LINEAR_POWER_GAMMA0,0.4382176101207733,55,0.059841349720954895,55
FROZEN,S1A_IW_GRDH_1SDV_20250629T102523_20250629T102552_059860_076F56_rtc,2025-06-29T10:25:37.850167+00:00,2025-06-29,2025Q2,S1A,113,ascending,C2b_amc__v2,positive_control,LINEAR_POWER_GAMMA0,5.07382345199585,260,1.0353999137878418,260
FROZEN,S1A_IW_GRDH_1SDV_20250629T102523_20250629T102552_059860_076F56_rtc,2025-06-29T10:25:37.850167+00:00,2025-06-29,2025Q2,S1A,113,ascending,P1_vacant__v1,placebo,LINEAR_POWER_GAMMA0,0.4273283779621124,93,0.08786479383707047,93
FROZEN,S1A_IW_GRDH_1SDV_20250629T102523_20250629T102552_059860_076F56_rtc,2025-06-29T10:25:37.850167+00:00,2025-06-29,2025Q2,S1A,113,ascending,X1_build_slab__v1,positive_control,LINEAR_POWER_GAMMA0,1.8822522163391113,67,0.23169270157814026,67
FROZEN,S1A_IW_GRDH_1SDV_20250629T102523_20250629T102552_059860_076F56_rtc,2025-06-29T10:25:37.850167+00:00,2025-06-29,2025Q2,S1A,113,ascending,X2_build_site__v1,positive_control,LINEAR_POWER_GAMMA0,1.8582684993743896,155,0.3138432204723358,155
FROZEN,S1A_IW_GRDH_1SDV_20250711T102522_20250711T102551_060035_rtc,2025-07-11T10:25:37.172114+00:00,2025-07-11,2025Q3,S1A,113,ascending,T1_ntt_fdc__v1,treatment,LINEAR_POWER_GAMMA0,2.6585633754730225,307,1.201777696609497,307
FROZEN,S1A_IW_GRDH_1SDV_20250711T102522_20250711T102551_060035_rtc,2025-07-11T10:25:37.172114+00:00,2025-07-11,2025Q3,S1A,113,ascending,C1_hkex_dc__v1,control,LINEAR_POWER_GAMMA0,0.3926829695701599,55,0.08433014154434204,55
FROZEN,S1A_IW_GRDH_1SDV_20250711T102522_20250711T102551_060035_rtc,2025-07-11T10:25:37.172114+00:00,2025-07-11,2025Q3,S1A,113,ascending,C2b_amc__v2,positive_control,LINEAR_POWER_GAMMA0,3.1078848838806152,260,0.8220361471176147,260
FROZEN,S1A_IW_GRDH_1SDV_20250711T102522_20250711T102551_060035_rtc,2025-07-11T10:25:37.172114+00:00,2025-07-11,2025Q3,S1A,113,ascending,P1_vacant__v1,placebo,LINEAR_POWER_GAMMA0,0.5689449906349182,93,0.10367309302091599,93
FROZEN,S1A_IW_GRDH_1SDV_20250711T102522_20250711T102551_060035_rtc,2025-07-11T10:25:37.172114+00:00,2025-07-11,2025Q3,S1A,113,ascending,X1_build_slab__v1,positive_control,LINEAR_POWER_GAMMA0,1.30520761013031,67,0.20656995475292206,67
FROZEN,S1A_IW_GRDH_1SDV_20250711T102522_20250711T102551_060035_rtc,2025-07-11T10:25:37.172114+00:00,2025-07-11,2025Q3,S1A,113,ascending,X2_build_site__v1,positive_control,LINEAR_POWER_GAMMA0,1.2072030305862427,155,0.2526206076145172,155
FROZEN,S1A_IW_GRDH_1SDV_20250716T103335_20250716T103404_060108_rtc,2025-07-16T10:33:49.582320+00:00,2025-07-16,2025Q3,S1A,11,ascending,T1_ntt_fdc__v1,treatment,LINEAR_POWER_GAMMA0,2.097766637802124,307,0.7526741027832031,307
FROZEN,S1A_IW_GRDH_1SDV_20250716T103335_20250716T103404_060108_rtc,2025-07-16T10:33:49.582320+00:00,2025-07-16,2025Q3,S1A,11,ascending,C1_hkex_dc__v1,control,LINEAR_POWER_GAMMA0,0.30159369111061096,55,0.09118657559156418,55
FROZEN,S1A_IW_GRDH_1SDV_20250716T103335_20250716T103404_060108_rtc,2025-07-16T10:33:49.582320+00:00,2025-07-16,2025Q3,S1A,11,ascending,C2b_amc__v2,positive_control,LINEAR_POWER_GAMMA0,6.086064338684082,260,0.6438732743263245,260
FROZEN,S1A_IW_GRDH_1SDV_20250716T103335_20250716T103404_060108_rtc,2025-07-16T10:33:49.582320+00:00,2025-07-16,2025Q3,S1A,11,ascending,P1_vacant__v1,placebo,LINEAR_POWER_GAMMA0,0.36096325516700745,93,0.07369354367256165,93
FROZEN,S1A_IW_GRDH_1SDV_20250716T103335_20250716T103404_060108_rtc,2025-07-16T10:33:49.582320+00:00,2025-07-16,2025Q3,S1A,11,ascending,X1_build_slab__v1,positive_control,LINEAR_POWER_GAMMA0,0.6243342757225037,67,0.08840537071228027,67
FROZEN,S1A_IW_GRDH_1SDV_20250716T103335_20250716T103404_060108_rtc,2025-07-16T10:33:49.582320+00:00,2025-07-16,2025Q3,S1A,11,ascending,X2_build_site__v1,positive_control,LINEAR_POWER_GAMMA0,1.2637989521026611,155,0.17717280983924866,155
FROZEN,S1A_IW_GRDH_1SDV_20250723T102522_20250723T102551_060210_rtc,2025-07-23T10:25:36.591230+00:00,2025-07-23,2025Q3,S1A,113,ascending,T1_ntt_fdc__v1,treatment,LINEAR_POWER_GAMMA0,2.46083927154541,307,1.1546705961227417,307
FROZEN,S1A_IW_GRDH_1SDV_20250723T102522_20250723T102551_060210_rtc,2025-07-23T10:25:36.591230+00:00,2025-07-23,2025Q3,S1A,113,ascending,C1_hkex_dc__v1,control,LINEAR_POWER_GAMMA0,0.4103359580039978,55,0.07561435550451279,55
FROZEN,S1A_IW_GRDH_1SDV_20250723T102522_20250723T102551_060210_rtc,2025-07-23T10:25:36.591230+00:00,2025-07-23,2025Q3,S1A,113,ascending,C2b_amc__v2,positive_control,LINEAR_POWER_GAMMA0,3.242041826248169,260,0.79641193151474,260
FROZEN,S1A_IW_GRDH_1SDV_20250723T102522_20250723T102551_060210_rtc,2025-07-23T10:25:36.591230+00:00,2025-07-23,2025Q3,S1A,113,ascending,P1_vacant__v1,placebo,LINEAR_POWER_GAMMA0,0.39915159344673157,93,0.08720733225345612,93
FROZEN,S1A_IW_GRDH_1SDV_20250723T102522_20250723T102551_060210_rtc,2025-07-23T10:25:36.591230+00:00,2025-07-23,2025Q3,S1A,113,ascending,X1_build_slab__v1,positive_control,LINEAR_POWER_GAMMA0,1.3734265565872192,67,0.17183351516723633,67
FROZEN,S1A_IW_GRDH_1SDV_20250723T102522_20250723T102551_060210_rtc,2025-07-23T10:25:36.591230+00:00,2025-07-23,2025Q3,S1A,113,ascending,X2_build_site__v1,positive_control,LINEAR_POWER_GAMMA0,1.6054620742797852,155,0.21764935553073883,155
FROZEN,S1A_IW_GRDH_1SDV_20250728T103334_20250728T103403_060283_rtc,2025-07-28T10:33:49.312776+00:00,2025-07-28,2025Q3,S1A,11,ascending,T1_ntt_fdc__v1,treatment,LINEAR_POWER_GAMMA0,2.153128147125244,307,0.7715598940849304,307
FROZEN,S1A_IW_GRDH_1SDV_20250728T103334_20250728T103403_060283_rtc,2025-07-28T10:33:49.312776+00:00,2025-07-28,2025Q3,S1A,11,ascending,C1_hkex_dc__v1,control,LINEAR_POWER_GAMMA0,0.2644587457180023,55,0.09070978313684464,55
FROZEN,S1A_IW_GRDH_1SDV_20250728T103334_20250728T103403_060283_rtc,2025-07-28T10:33:49.312776+00:00,2025-07-28,2025Q3,S1A,11,ascending,C2b_amc__v2,positive_control,LINEAR_POWER_GAMMA0,5.677813529968262,260,0.6121533513069153,260
FROZEN,S1A_IW_GRDH_1SDV_20250728T103334_20250728T103403_060283_rtc,2025-07-28T10:33:49.312776+00:00,2025-07-28,2025Q3,S1A,11,ascending,P1_vacant__v1,placebo,LINEAR_POWER_GAMMA0,0.2972520887851715,93,0.08629857003688812,93
FROZEN,S1A_IW_GRDH_1SDV_20250728T103334_20250728T103403_060283_rtc,2025-07-28T10:33:49.312776+00:00,2025-07-28,2025Q3,S1A,11,ascending,X1_build_slab__v1,positive_control,LINEAR_POWER_GAMMA0,0.6257101893424988,67,0.0797438696026802,67
FROZEN,S1A_IW_GRDH_1SDV_20250728T103334_20250728T103403_060283_rtc,2025-07-28T10:33:49.312776+00:00,2025-07-28,2025Q3,S1A,11,ascending,X2_build_site__v1,positive_control,LINEAR_POWER_GAMMA0,0.9702664017677307,155,0.19046016037464142,155
FROZEN,S1A_IW_GRDH_1SDV_20250804T102521_20250804T102550_060385_rtc,2025-08-04T10:25:36.453405+00:00,2025-08-04,2025Q3,S1A,113,ascending,T1_ntt_fdc__v1,treatment,LINEAR_POWER_GAMMA0,3.091765880584717,307,1.269879937171936,307
FROZEN,S1A_IW_GRDH_1SDV_20250804T102521_20250804T102550_060385_rtc,2025-08-04T10:25:36.453405+00:00,2025-08-04,2025Q3,S1A,113,ascending,C1_hkex_dc__v1,control,LINEAR_POWER_GAMMA0,0.4428942799568176,55,0.09386759996414185,55
FROZEN,S1A_IW_GRDH_1SDV_20250804T102521_20250804T102550_060385_rtc,2025-08-04T10:25:36.453405+00:00,2025-08-04,2025Q3,S1A,113,ascending,C2b_amc__v2,positive_control,LINEAR_POWER_GAMMA0,5.592430591583252,260,0.8966181874275208,260
FROZEN,S1A_IW_GRDH_1SDV_20250804T102521_20250804T102550_060385_rtc,2025-08-04T10:25:36.453405+00:00,2025-08-04,2025Q3,S1A,113,ascending,P1_vacant__v1,placebo,LINEAR_POWER_GAMMA0,0.6194376349449158,93,0.09592905640602112,93
FROZEN,S1A_IW_GRDH_1SDV_20250804T102521_20250804T102550_060385_rtc,2025-08-04T10:25:36.453405+00:00,2025-08-04,2025Q3,S1A,113,ascending,X1_build_slab__v1,positive_control,LINEAR_POWER_GAMMA0,1.5472753047943115,67,0.197782501578331,67
FROZEN,S1A_IW_GRDH_1SDV_20250804T102521_20250804T102550_060385_rtc,2025-08-04T10:25:36.453405+00:00,2025-08-04,2025Q3,S1A,113,ascending,X2_build_site__v1,positive_control,LINEAR_POWER_GAMMA0,2.0374367237091064,155,0.2404002845287323,155
FROZEN,S1A_IW_GRDH_1SDV_20250809T103334_20250809T103403_060458_rtc,2025-08-09T10:33:49.217992+00:00,2025-08-09,2025Q3,S1A,11,ascending,T1_ntt_fdc__v1,treatment,LINEAR_POWER_GAMMA0,2.0824410915374756,307,0.7126863598823547,307
FROZEN,S1A_IW_GRDH_1SDV_20250809T103334_20250809T103403_060458_rtc,2025-08-09T10:33:49.217992+00:00,2025-08-09,2025Q3,S1A,11,ascending,C1_hkex_dc__v1,control,LINEAR_POWER_GAMMA0,0.25659245252609253,55,0.0877755805850029,55
FROZEN,S1A_IW_GRDH_1SDV_20250809T103334_20250809T103403_060458_rtc,2025-08-09T10:33:49.217992+00:00,2025-08-09,2025Q3,S1A,11,ascending,C2b_amc__v2,positive_control,LINEAR_POWER_GAMMA0,6.107443332672119,260,0.6807674765586853,260
FROZEN,S1A_IW_GRDH_1SDV_20250809T103334_20250809T103403_060458_rtc,2025-08-09T10:33:49.217992+00:00,2025-08-09,2025Q3,S1A,11,ascending,P1_vacant__v1,placebo,LINEAR_POWER_GAMMA0,0.5433855056762695,93,0.07941341400146484,93
FROZEN,S1A_IW_GRDH_1SDV_20250809T103334_20250809T103403_060458_rtc,2025-08-09T10:33:49.217992+00:00,2025-08-09,2025Q3,S1A,11,ascending,X1_build_slab__v1,positive_control,LINEAR_POWER_GAMMA0,0.5317195653915405,67,0.08087019622325897,67
FROZEN,S1A_IW_GRDH_1SDV_20250809T103334_20250809T103403_060458_rtc,2025-08-09T10:33:49.217992+00:00,2025-08-09,2025Q3,S1A,11,ascending,X2_build_site__v1,positive_control,LINEAR_POWER_GAMMA0,0.7711402177810669,155,0.16426974534988403,155
FROZEN,S1A_IW_GRDH_1SDV_20250816T102521_20250816T102550_060560_07882B_rtc,2025-08-16T10:25:36.390521+00:00,2025-08-16,2025Q3,S1A,113,ascending,T1_ntt_fdc__v1,treatment,LINEAR_POWER_GAMMA0,2.0792391300201416,307,0.9455856680870056,307
FROZEN,S1A_IW_GRDH_1SDV_20250816T102521_20250816T102550_060560_07882B_rtc,2025-08-16T10:25:36.390521+00:00,2025-08-16,2025Q3,S1A,113,ascending,C1_hkex_dc__v1,control,LINEAR_POWER_GAMMA0,0.37961289286613464,55,0.06577419489622116,55
FROZEN,S1A_IW_GRDH_1SDV_20250816T102521_20250816T102550_060560_07882B_rtc,2025-08-16T10:25:36.390521+00:00,2025-08-16,2025Q3,S1A,113,ascending,C2b_amc__v2,positive_control,LINEAR_POWER_GAMMA0,3.4895567893981934,260,0.6176037192344666,260
FROZEN,S1A_IW_GRDH_1SDV_20250816T102521_20250816T102550_060560_07882B_rtc,2025-08-16T10:25:36.390521+00:00,2025-08-16,2025Q3,S1A,113,ascending,P1_vacant__v1,placebo,LINEAR_POWER_GAMMA0,0.9798696637153625,93,0.1112048327922821,93
FROZEN,S1A_IW_GRDH_1SDV_20250816T102521_20250816T102550_060560_07882B_rtc,2025-08-16T10:25:36.390521+00:00,2025-08-16,2025Q3,S1A,113,ascending,X1_build_slab__v1,positive_control,LINEAR_POWER_GAMMA0,1.2092862129211426,67,0.18668805062770844,67
FROZEN,S1A_IW_GRDH_1SDV_20250816T102521_20250816T102550_060560_07882B_rtc,2025-08-16T10:25:36.390521+00:00,2025-08-16,2025Q3,S1A,113,ascending,X2_build_site__v1,positive_control,LINEAR_POWER_GAMMA0,1.192986249923706,155,0.18891438841819763,155
FROZEN,S1A_IW_GRDH_1SDV_20250821T103334_20250821T103403_060633_078B12_rtc,2025-08-21T10:33:49.204579+00:00,2025-08-21,2025Q3,S1A,11,ascending,T1_ntt_fdc__v1,treatment,LINEAR_POWER_GAMMA0,2.3705732822418213,307,0.74395751953125,307
FROZEN,S1A_IW_GRDH_1SDV_20250821T103334_20250821T103403_060633_078B12_rtc,2025-08-21T10:33:49.204579+00:00,2025-08-21,2025Q3,S1A,11,ascending,C1_hkex_dc__v1,control,LINEAR_POWER_GAMMA0,0.258694589138031,55,0.08570621907711029,55
FROZEN,S1A_IW_GRDH_1SDV_20250821T103334_20250821T103403_060633_078B12_rtc,2025-08-21T10:33:49.204579+00:00,2025-08-21,2025Q3,S1A,11,ascending,C2b_amc__v2,positive_control,LINEAR_POWER_GAMMA0,6.5404582023620605,260,0.7224730253219604,260
FROZEN,S1A_IW_GRDH_1SDV_20250821T103334_20250821T103403_060633_078B12_rtc,2025-08-21T10:33:49.204579+00:00,2025-08-21,2025Q3,S1A,11,ascending,P1_vacant__v1,placebo,LINEAR_POWER_GAMMA0,0.24658073484897614,93,0.06429543346166611,93
FROZEN,S1A_IW_GRDH_1SDV_20250821T103334_20250821T103403_060633_078B12_rtc,2025-08-21T10:33:49.204579+00:00,2025-08-21,2025Q3,S1A,11,ascending,X1_build_slab__v1,positive_control,LINEAR_POWER_GAMMA0,0.6117450594902039,67,0.09263256192207336,67
FROZEN,S1A_IW_GRDH_1SDV_20250821T103334_20250821T103403_060633_078B12_rtc,2025-08-21T10:33:49.204579+00:00,2025-08-21,2025Q3,S1A,11,ascending,X2_build_site__v1,positive_control,LINEAR_POWER_GAMMA0,0.8199312686920166,155,0.1526639610528946,155
FROZEN,S1A_IW_GRDH_1SDV_20250828T102522_20250828T102551_060735_078F10_rtc,2025-08-28T10:25:36.575387+00:00,2025-08-28,2025Q3,S1A,113,ascending,T1_ntt_fdc__v1,treatment,LINEAR_POWER_GAMMA0,1.8807742595672607,307,0.9634110927581787,307
FROZEN,S1A_IW_GRDH_1SDV_20250828T102522_20250828T102551_060735_078F10_rtc,2025-08-28T10:25:36.575387+00:00,2025-08-28,2025Q3,S1A,113,ascending,C1_hkex_dc__v1,control,LINEAR_POWER_GAMMA0,0.4545290172100067,55,0.0661127045750618,55
FROZEN,S1A_IW_GRDH_1SDV_20250828T102522_20250828T102551_060735_078F10_rtc,2025-08-28T10:25:36.575387+00:00,2025-08-28,2025Q3,S1A,113,ascending,C2b_amc__v2,positive_control,LINEAR_POWER_GAMMA0,3.69994854927063,260,0.7714726328849792,260
FROZEN,S1A_IW_GRDH_1SDV_20250828T102522_20250828T102551_060735_078F10_rtc,2025-08-28T10:25:36.575387+00:00,2025-08-28,2025Q3,S1A,113,ascending,P1_vacant__v1,placebo,LINEAR_POWER_GAMMA0,0.45032045245170593,93,0.09030072391033173,93
FROZEN,S1A_IW_GRDH_1SDV_20250828T102522_20250828T102551_060735_078F10_rtc,2025-08-28T10:25:36.575387+00:00,2025-08-28,2025Q3,S1A,113,ascending,X1_build_slab__v1,positive_control,LINEAR_POWER_GAMMA0,1.200251817703247,67,0.17308774590492249,67
FROZEN,S1A_IW_GRDH_1SDV_20250828T102522_20250828T102551_060735_078F10_rtc,2025-08-28T10:25:36.575387+00:00,2025-08-28,2025Q3,S1A,113,ascending,X2_build_site__v1,positive_control,LINEAR_POWER_GAMMA0,1.076107144355774,155,0.20526430010795593,155
FROZEN,S1A_IW_GRDH_1SDV_20250902T103334_20250902T103403_060808_0791FA_rtc,2025-09-02T10:33:49.337522+00:00,2025-09-02,2025Q3,S1A,11,ascending,T1_ntt_fdc__v1,treatment,LINEAR_POWER_GAMMA0,2.2524607181549072,307,0.8619002103805542,307
FROZEN,S1A_IW_GRDH_1SDV_20250902T103334_20250902T103403_060808_0791FA_rtc,2025-09-02T10:33:49.337522+00:00,2025-09-02,2025Q3,S1A,11,ascending,C1_hkex_dc__v1,control,LINEAR_POWER_GAMMA0,0.22124257683753967,55,0.07003045827150345,55
FROZEN,S1A_IW_GRDH_1SDV_20250902T103334_20250902T103403_060808_0791FA_rtc,2025-09-02T10:33:49.337522+00:00,2025-09-02,2025Q3,S1A,11,ascending,C2b_amc__v2,positive_control,LINEAR_POWER_GAMMA0,4.5871262550354,260,0.6409288644790649,260
FROZEN,S1A_IW_GRDH_1SDV_20250902T103334_20250902T103403_060808_0791FA_rtc,2025-09-02T10:33:49.337522+00:00,2025-09-02,2025Q3,S1A,11,ascending,P1_vacant__v1,placebo,LINEAR_POWER_GAMMA0,0.36170580983161926,93,0.08009450137615204,93
FROZEN,S1A_IW_GRDH_1SDV_20250902T103334_20250902T103403_060808_0791FA_rtc,2025-09-02T10:33:49.337522+00:00,2025-09-02,2025Q3,S1A,11,ascending,X1_build_slab__v1,positive_control,LINEAR_POWER_GAMMA0,0.7595983147621155,67,0.08314910531044006,67
FROZEN,S1A_IW_GRDH_1SDV_20250902T103334_20250902T103403_060808_0791FA_rtc,2025-09-02T10:33:49.337522+00:00,2025-09-02,2025Q3,S1A,11,ascending,X2_build_site__v1,positive_control,LINEAR_POWER_GAMMA0,0.762234091758728,155,0.19404859840869904,155
FROZEN,S1A_IW_GRDH_1SDV_20250909T102522_20250909T102551_060910_079608_rtc,2025-09-09T10:25:36.992478+00:00,2025-09-09,2025Q3,S1A,113,ascending,T1_ntt_fdc__v1,treatment,LINEAR_POWER_GAMMA0,2.794529914855957,307,1.2644153833389282,307
FROZEN,S1A_IW_GRDH_1SDV_20250909T102522_20250909T102551_060910_079608_rtc,2025-09-09T10:25:36.992478+00:00,2025-09-09,2025Q3,S1A,113,ascending,C1_hkex_dc__v1,control,LINEAR_POWER_GAMMA0,0.44194456934928894,55,0.06405744701623917,55
FROZEN,S1A_IW_GRDH_1SDV_20250909T102522_20250909T102551_060910_079608_rtc,2025-09-09T10:25:36.992478+00:00,2025-09-09,2025Q3,S1A,113,ascending,C2b_amc__v2,positive_control,LINEAR_POWER_GAMMA0,5.3329758644104,260,0.9928850531578064,260
FROZEN,S1A_IW_GRDH_1SDV_20250909T102522_20250909T102551_060910_079608_rtc,2025-09-09T10:25:36.992478+00:00,2025-09-09,2025Q3,S1A,113,ascending,P1_vacant__v1,placebo,LINEAR_POWER_GAMMA0,0.4650614857673645,93,0.07946638762950897,93
FROZEN,S1A_IW_GRDH_1SDV_20250909T102522_20250909T102551_060910_079608_rtc,2025-09-09T10:25:36.992478+00:00,2025-09-09,2025Q3,S1A,113,ascending,X1_build_slab__v1,positive_control,LINEAR_POWER_GAMMA0,1.1163132190704346,67,0.2128026783466339,67
FROZEN,S1A_IW_GRDH_1SDV_20250909T102522_20250909T102551_060910_079608_rtc,2025-09-09T10:25:36.992478+00:00,2025-09-09,2025Q3,S1A,113,ascending,X2_build_site__v1,positive_control,LINEAR_POWER_GAMMA0,1.1765316724777222,155,0.2526622414588928,155
FROZEN,S1A_IW_GRDH_1SDV_20250914T103335_20250914T103404_060983_0798FF_rtc,2025-09-14T10:33:49.782888+00:00,2025-09-14,2025Q3,S1A,11,ascending,T1_ntt_fdc__v1,treatment,LINEAR_POWER_GAMMA0,2.499863624572754,307,0.9343504309654236,307
FROZEN,S1A_IW_GRDH_1SDV_20250914T103335_20250914T103404_060983_0798FF_rtc,2025-09-14T10:33:49.782888+00:00,2025-09-14,2025Q3,S1A,11,ascending,C1_hkex_dc__v1,control,LINEAR_POWER_GAMMA0,0.21441775560379028,55,0.08349394053220749,55
FROZEN,S1A_IW_GRDH_1SDV_20250914T103335_20250914T103404_060983_0798FF_rtc,2025-09-14T10:33:49.782888+00:00,2025-09-14,2025Q3,S1A,11,ascending,C2b_amc__v2,positive_control,LINEAR_POWER_GAMMA0,4.816096305847168,260,0.558729350566864,260
FROZEN,S1A_IW_GRDH_1SDV_20250914T103335_20250914T103404_060983_0798FF_rtc,2025-09-14T10:33:49.782888+00:00,2025-09-14,2025Q3,S1A,11,ascending,P1_vacant__v1,placebo,LINEAR_POWER_GAMMA0,0.46181565523147583,93,0.07072669267654419,93
FROZEN,S1A_IW_GRDH_1SDV_20250914T103335_20250914T103404_060983_0798FF_rtc,2025-09-14T10:33:49.782888+00:00,2025-09-14,2025Q3,S1A,11,ascending,X1_build_slab__v1,positive_control,LINEAR_POWER_GAMMA0,0.2763308882713318,67,0.07689172029495239,67
FROZEN,S1A_IW_GRDH_1SDV_20250914T103335_20250914T103404_060983_0798FF_rtc,2025-09-14T10:33:49.782888+00:00,2025-09-14,2025Q3,S1A,11,ascending,X2_build_site__v1,positive_control,LINEAR_POWER_GAMMA0,0.7008166909217834,155,0.16790318489074707,155
FROZEN,S1A_IW_GRDH_1SDV_20250921T102522_20250921T102551_061085_079D08_rtc,2025-09-21T10:25:37.234539+00:00,2025-09-21,2025Q3,S1A,113,ascending,T1_ntt_fdc__v1,treatment,LINEAR_POWER_GAMMA0,3.846952438354492,307,1.6773077249526978,307
FROZEN,S1A_IW_GRDH_1SDV_20250921T102522_20250921T102551_061085_079D08_rtc,2025-09-21T10:25:37.234539+00:00,2025-09-21,2025Q3,S1A,113,ascending,C1_hkex_dc__v1,control,LINEAR_POWER_GAMMA0,0.7432692646980286,55,0.06282609701156616,55
FROZEN,S1A_IW_GRDH_1SDV_20250921T102522_20250921T102551_061085_079D08_rtc,2025-09-21T10:25:37.234539+00:00,2025-09-21,2025Q3,S1A,113,ascending,C2b_amc__v2,positive_control,LINEAR_POWER_GAMMA0,8.891020774841309,260,1.048791527748108,260
FROZEN,S1A_IW_GRDH_1SDV_20250921T102522_20250921T102551_061085_079D08_rtc,2025-09-21T10:25:37.234539+00:00,2025-09-21,2025Q3,S1A,113,ascending,P1_vacant__v1,placebo,LINEAR_POWER_GAMMA0,0.5672338604927063,93,0.10423249751329422,93
FROZEN,S1A_IW_GRDH_1SDV_20250921T102522_20250921T102551_061085_079D08_rtc,2025-09-21T10:25:37.234539+00:00,2025-09-21,2025Q3,S1A,113,ascending,X1_build_slab__v1,positive_control,LINEAR_POWER_GAMMA0,1.331371784210205,67,0.22707152366638184,67
FROZEN,S1A_IW_GRDH_1SDV_20250921T102522_20250921T102551_061085_079D08_rtc,2025-09-21T10:25:37.234539+00:00,2025-09-21,2025Q3,S1A,113,ascending,X2_build_site__v1,positive_control,LINEAR_POWER_GAMMA0,1.4038457870483398,155,0.25233763456344604,155
FROZEN,S1A_IW_GRDH_1SDV_20250926T103335_20250926T103404_061158_07A005_rtc,2025-09-26T10:33:49.791255+00:00,2025-09-26,2025Q3,S1A,11,ascending,T1_ntt_fdc__v1,treatment,LINEAR_POWER_GAMMA0,2.571820020675659,307,0.8237634301185608,307
FROZEN,S1A_IW_GRDH_1SDV_20250926T103335_20250926T103404_061158_07A005_rtc,2025-09-26T10:33:49.791255+00:00,2025-09-26,2025Q3,S1A,11,ascending,C1_hkex_dc__v1,control,LINEAR_POWER_GAMMA0,0.28333598375320435,55,0.094729945063591,55
FROZEN,S1A_IW_GRDH_1SDV_20250926T103335_20250926T103404_061158_07A005_rtc,2025-09-26T10:33:49.791255+00:00,2025-09-26,2025Q3,S1A,11,ascending,C2b_amc__v2,positive_control,LINEAR_POWER_GAMMA0,5.696315288543701,260,0.6810392141342163,260
FROZEN,S1A_IW_GRDH_1SDV_20250926T103335_20250926T103404_061158_07A005_rtc,2025-09-26T10:33:49.791255+00:00,2025-09-26,2025Q3,S1A,11,ascending,P1_vacant__v1,placebo,LINEAR_POWER_GAMMA0,0.5327382683753967,93,0.09231260418891907,93
FROZEN,S1A_IW_GRDH_1SDV_20250926T103335_20250926T103404_061158_07A005_rtc,2025-09-26T10:33:49.791255+00:00,2025-09-26,2025Q3,S1A,11,ascending,X1_build_slab__v1,positive_control,LINEAR_POWER_GAMMA0,0.32819071412086487,67,0.09110092371702194,67
FROZEN,S1A_IW_GRDH_1SDV_20250926T103335_20250926T103404_061158_07A005_rtc,2025-09-26T10:33:49.791255+00:00,2025-09-26,2025Q3,S1A,11,ascending,X2_build_site__v1,positive_control,LINEAR_POWER_GAMMA0,1.2701011896133423,155,0.16412590444087982,155
FROZEN,S1A_IW_GRDH_1SDV_20251003T102522_20251003T102551_061260_07A41C_rtc,2025-10-03T10:25:37.085096+00:00,2025-10-03,2025Q4,S1A,113,ascending,T1_ntt_fdc__v1,treatment,LINEAR_POWER_GAMMA0,2.1924688816070557,307,0.930178165435791,307
FROZEN,S1A_IW_GRDH_1SDV_20251003T102522_20251003T102551_061260_07A41C_rtc,2025-10-03T10:25:37.085096+00:00,2025-10-03,2025Q4,S1A,113,ascending,C1_hkex_dc__v1,control,LINEAR_POWER_GAMMA0,0.47839707136154175,55,0.06328950822353363,55
FROZEN,S1A_IW_GRDH_1SDV_20251003T102522_20251003T102551_061260_07A41C_rtc,2025-10-03T10:25:37.085096+00:00,2025-10-03,2025Q4,S1A,113,ascending,C2b_amc__v2,positive_control,LINEAR_POWER_GAMMA0,2.7086985111236572,260,0.7062702178955078,260
FROZEN,S1A_IW_GRDH_1SDV_20251003T102522_20251003T102551_061260_07A41C_rtc,2025-10-03T10:25:37.085096+00:00,2025-10-03,2025Q4,S1A,113,ascending,P1_vacant__v1,placebo,LINEAR_POWER_GAMMA0,0.47272297739982605,93,0.07422327995300293,93
FROZEN,S1A_IW_GRDH_1SDV_20251003T102522_20251003T102551_061260_07A41C_rtc,2025-10-03T10:25:37.085096+00:00,2025-10-03,2025Q4,S1A,113,ascending,X1_build_slab__v1,positive_control,LINEAR_POWER_GAMMA0,1.101930022239685,67,0.16097888350486755,67
FROZEN,S1A_IW_GRDH_1SDV_20251003T102522_20251003T102551_061260_07A41C_rtc,2025-10-03T10:25:37.085096+00:00,2025-10-03,2025Q4,S1A,113,ascending,X2_build_site__v1,positive_control,LINEAR_POWER_GAMMA0,1.1536028385162354,155,0.20357777178287506,155
FROZEN,S1A_IW_GRDH_1SDV_20251008T103335_20251008T103404_061333_07A713_rtc,2025-10-08T10:33:50.486369+00:00,2025-10-08,2025Q4,S1A,11,ascending,T1_ntt_fdc__v1,treatment,LINEAR_POWER_GAMMA0,2.4998579025268555,307,0.9512506127357483,307
FROZEN,S1A_IW_GRDH_1SDV_20251008T103335_20251008T103404_061333_07A713_rtc,2025-10-08T10:33:50.486369+00:00,2025-10-08,2025Q4,S1A,11,ascending,C1_hkex_dc__v1,control,LINEAR_POWER_GAMMA0,0.25440338253974915,55,0.09081850200891495,55
FROZEN,S1A_IW_GRDH_1SDV_20251008T103335_20251008T103404_061333_07A713_rtc,2025-10-08T10:33:50.486369+00:00,2025-10-08,2025Q4,S1A,11,ascending,C2b_amc__v2,positive_control,LINEAR_POWER_GAMMA0,5.064602375030518,260,0.6296392679214478,260
FROZEN,S1A_IW_GRDH_1SDV_20251008T103335_20251008T103404_061333_07A713_rtc,2025-10-08T10:33:50.486369+00:00,2025-10-08,2025Q4,S1A,11,ascending,P1_vacant__v1,placebo,LINEAR_POWER_GAMMA0,0.27896973490715027,93,0.06677500158548355,93
FROZEN,S1A_IW_GRDH_1SDV_20251008T103335_20251008T103404_061333_07A713_rtc,2025-10-08T10:33:50.486369+00:00,2025-10-08,2025Q4,S1A,11,ascending,X1_build_slab__v1,positive_control,LINEAR_POWER_GAMMA0,0.27481698989868164,67,0.07994888722896576,67
FROZEN,S1A_IW_GRDH_1SDV_20251008T103335_20251008T103404_061333_07A713_rtc,2025-10-08T10:33:50.486369+00:00,2025-10-08,2025Q4,S1A,11,ascending,X2_build_site__v1,positive_control,LINEAR_POWER_GAMMA0,0.8876730799674988,155,0.1671217978000641,155
FROZEN,S1A_IW_GRDH_1SDV_20251015T102522_20251015T102551_061435_07AB27_rtc,2025-10-15T10:25:37.425217+00:00,2025-10-15,2025Q4,S1A,113,ascending,T1_ntt_fdc__v1,treatment,LINEAR_POWER_GAMMA0,2.1835544109344482,307,0.960396945476532,307
FROZEN,S1A_IW_GRDH_1SDV_20251015T102522_20251015T102551_061435_07AB27_rtc,2025-10-15T10:25:37.425217+00:00,2025-10-15,2025Q4,S1A,113,ascending,C1_hkex_dc__v1,control,LINEAR_POWER_GAMMA0,0.7897480130195618,55,0.11694537848234177,55
FROZEN,S1A_IW_GRDH_1SDV_20251015T102522_20251015T102551_061435_07AB27_rtc,2025-10-15T10:25:37.425217+00:00,2025-10-15,2025Q4,S1A,113,ascending,C2b_amc__v2,positive_control,LINEAR_POWER_GAMMA0,3.6117372512817383,260,0.7075696587562561,260
FROZEN,S1A_IW_GRDH_1SDV_20251015T102522_20251015T102551_061435_07AB27_rtc,2025-10-15T10:25:37.425217+00:00,2025-10-15,2025Q4,S1A,113,ascending,P1_vacant__v1,placebo,LINEAR_POWER_GAMMA0,0.28139254450798035,93,0.08545001596212387,93
FROZEN,S1A_IW_GRDH_1SDV_20251015T102522_20251015T102551_061435_07AB27_rtc,2025-10-15T10:25:37.425217+00:00,2025-10-15,2025Q4,S1A,113,ascending,X1_build_slab__v1,positive_control,LINEAR_POWER_GAMMA0,0.9926257729530334,67,0.17862123250961304,67
FROZEN,S1A_IW_GRDH_1SDV_20251015T102522_20251015T102551_061435_07AB27_rtc,2025-10-15T10:25:37.425217+00:00,2025-10-15,2025Q4,S1A,113,ascending,X2_build_site__v1,positive_control,LINEAR_POWER_GAMMA0,1.0002175569534302,155,0.23164726793766022,155
FROZEN,S1A_IW_GRDH_1SDV_20251020T103335_20251020T103404_061508_07AE18_rtc,2025-10-20T10:33:50.200152+00:00,2025-10-20,2025Q4,S1A,11,ascending,T1_ntt_fdc__v1,treatment,LINEAR_POWER_GAMMA0,2.5381946563720703,307,0.9003870487213135,307
FROZEN,S1A_IW_GRDH_1SDV_20251020T103335_20251020T103404_061508_07AE18_rtc,2025-10-20T10:33:50.200152+00:00,2025-10-20,2025Q4,S1A,11,ascending,C1_hkex_dc__v1,control,LINEAR_POWER_GAMMA0,0.21975810825824738,55,0.08522898703813553,55
FROZEN,S1A_IW_GRDH_1SDV_20251020T103335_20251020T103404_061508_07AE18_rtc,2025-10-20T10:33:50.200152+00:00,2025-10-20,2025Q4,S1A,11,ascending,C2b_amc__v2,positive_control,LINEAR_POWER_GAMMA0,5.515726566314697,260,0.5692427158355713,260
FROZEN,S1A_IW_GRDH_1SDV_20251020T103335_20251020T103404_061508_07AE18_rtc,2025-10-20T10:33:50.200152+00:00,2025-10-20,2025Q4,S1A,11,ascending,P1_vacant__v1,placebo,LINEAR_POWER_GAMMA0,0.24676141142845154,93,0.07832230627536774,93
FROZEN,S1A_IW_GRDH_1SDV_20251020T103335_20251020T103404_061508_07AE18_rtc,2025-10-20T10:33:50.200152+00:00,2025-10-20,2025Q4,S1A,11,ascending,X1_build_slab__v1,positive_control,LINEAR_POWER_GAMMA0,0.26484090089797974,67,0.08191338926553726,67
FROZEN,S1A_IW_GRDH_1SDV_20251020T103335_20251020T103404_061508_07AE18_rtc,2025-10-20T10:33:50.200152+00:00,2025-10-20,2025Q4,S1A,11,ascending,X2_build_site__v1,positive_control,LINEAR_POWER_GAMMA0,0.6813533902168274,155,0.15645618736743927,155
FROZEN,S1A_IW_GRDH_1SDV_20251027T102522_20251027T102551_061610_07B22D_rtc,2025-10-27T10:25:37.168308+00:00,2025-10-27,2025Q4,S1A,113,ascending,T1_ntt_fdc__v1,treatment,LINEAR_POWER_GAMMA0,2.319218158721924,307,0.9779176115989685,307
FROZEN,S1A_IW_GRDH_1SDV_20251027T102522_20251027T102551_061610_07B22D_rtc,2025-10-27T10:25:37.168308+00:00,2025-10-27,2025Q4,S1A,113,ascending,C1_hkex_dc__v1,control,LINEAR_POWER_GAMMA0,0.4032136797904968,55,0.07825341075658798,55
FROZEN,S1A_IW_GRDH_1SDV_20251027T102522_20251027T102551_061610_07B22D_rtc,2025-10-27T10:25:37.168308+00:00,2025-10-27,2025Q4,S1A,113,ascending,C2b_amc__v2,positive_control,LINEAR_POWER_GAMMA0,3.0365872383117676,260,0.717634916305542,260
FROZEN,S1A_IW_GRDH_1SDV_20251027T102522_20251027T102551_061610_07B22D_rtc,2025-10-27T10:25:37.168308+00:00,2025-10-27,2025Q4,S1A,113,ascending,P1_vacant__v1,placebo,LINEAR_POWER_GAMMA0,0.3999638855457306,93,0.08579567074775696,93
FROZEN,S1A_IW_GRDH_1SDV_20251027T102522_20251027T102551_061610_07B22D_rtc,2025-10-27T10:25:37.168308+00:00,2025-10-27,2025Q4,S1A,113,ascending,X1_build_slab__v1,positive_control,LINEAR_POWER_GAMMA0,1.061486005783081,67,0.16273580491542816,67
FROZEN,S1A_IW_GRDH_1SDV_20251027T102522_20251027T102551_061610_07B22D_rtc,2025-10-27T10:25:37.168308+00:00,2025-10-27,2025Q4,S1A,113,ascending,X2_build_site__v1,positive_control,LINEAR_POWER_GAMMA0,1.1364421844482422,155,0.19714075326919556,155
FROZEN,S1A_IW_GRDH_1SDV_20251101T103335_20251101T103404_061683_07B51F_rtc,2025-11-01T10:33:49.872768+00:00,2025-11-01,2025Q4,S1A,11,ascending,T1_ntt_fdc__v1,treatment,LINEAR_POWER_GAMMA0,2.395413637161255,307,0.8884820342063904,307
FROZEN,S1A_IW_GRDH_1SDV_20251101T103335_20251101T103404_061683_07B51F_rtc,2025-11-01T10:33:49.872768+00:00,2025-11-01,2025Q4,S1A,11,ascending,C1_hkex_dc__v1,control,LINEAR_POWER_GAMMA0,0.31959953904151917,55,0.0688510313630104,55
FROZEN,S1A_IW_GRDH_1SDV_20251101T103335_20251101T103404_061683_07B51F_rtc,2025-11-01T10:33:49.872768+00:00,2025-11-01,2025Q4,S1A,11,ascending,C2b_amc__v2,positive_control,LINEAR_POWER_GAMMA0,5.681512355804443,260,0.6185195446014404,260
FROZEN,S1A_IW_GRDH_1SDV_20251101T103335_20251101T103404_061683_07B51F_rtc,2025-11-01T10:33:49.872768+00:00,2025-11-01,2025Q4,S1A,11,ascending,P1_vacant__v1,placebo,LINEAR_POWER_GAMMA0,0.2668624222278595,93,0.0718589797616005,93
FROZEN,S1A_IW_GRDH_1SDV_20251101T103335_20251101T103404_061683_07B51F_rtc,2025-11-01T10:33:49.872768+00:00,2025-11-01,2025Q4,S1A,11,ascending,X1_build_slab__v1,positive_control,LINEAR_POWER_GAMMA0,0.3739809989929199,67,0.0758664682507515,67
FROZEN,S1A_IW_GRDH_1SDV_20251101T103335_20251101T103404_061683_07B51F_rtc,2025-11-01T10:33:49.872768+00:00,2025-11-01,2025Q4,S1A,11,ascending,X2_build_site__v1,positive_control,LINEAR_POWER_GAMMA0,0.6919752359390259,155,0.14189836382865906,155
FROZEN,S1A_IW_GRDH_1SDV_20251108T102522_20251108T102551_061785_07B907_rtc,2025-11-08T10:25:36.589877+00:00,2025-11-08,2025Q4,S1A,113,ascending,T1_ntt_fdc__v1,treatment,LINEAR_POWER_GAMMA0,1.7477279901504517,307,0.9623625874519348,307
FROZEN,S1A_IW_GRDH_1SDV_20251108T102522_20251108T102551_061785_07B907_rtc,2025-11-08T10:25:36.589877+00:00,2025-11-08,2025Q4,S1A,113,ascending,C1_hkex_dc__v1,control,LINEAR_POWER_GAMMA0,0.37319445610046387,55,0.05727739632129669,55
FROZEN,S1A_IW_GRDH_1SDV_20251108T102522_20251108T102551_061785_07B907_rtc,2025-11-08T10:25:36.589877+00:00,2025-11-08,2025Q4,S1A,113,ascending,C2b_amc__v2,positive_control,LINEAR_POWER_GAMMA0,3.379758596420288,260,0.6204959750175476,260
FROZEN,S1A_IW_GRDH_1SDV_20251108T102522_20251108T102551_061785_07B907_rtc,2025-11-08T10:25:36.589877+00:00,2025-11-08,2025Q4,S1A,113,ascending,P1_vacant__v1,placebo,LINEAR_POWER_GAMMA0,0.8336901068687439,93,0.08581111580133438,93
FROZEN,S1A_IW_GRDH_1SDV_20251108T102522_20251108T102551_061785_07B907_rtc,2025-11-08T10:25:36.589877+00:00,2025-11-08,2025Q4,S1A,113,ascending,X1_build_slab__v1,positive_control,LINEAR_POWER_GAMMA0,1.0624449253082275,67,0.1582980901002884,67
FROZEN,S1A_IW_GRDH_1SDV_20251108T102522_20251108T102551_061785_07B907_rtc,2025-11-08T10:25:36.589877+00:00,2025-11-08,2025Q4,S1A,113,ascending,X2_build_site__v1,positive_control,LINEAR_POWER_GAMMA0,1.0512139797210693,155,0.18877585232257843,155
FROZEN,S1A_IW_GRDH_1SDV_20251113T103334_20251113T103403_061858_07BBE0_rtc,2025-11-13T10:33:49.068222+00:00,2025-11-13,2025Q4,S1A,11,ascending,T1_ntt_fdc__v1,treatment,LINEAR_POWER_GAMMA0,2.328381061553955,307,0.9348161220550537,307
FROZEN,S1A_IW_GRDH_1SDV_20251113T103334_20251113T103403_061858_07BBE0_rtc,2025-11-13T10:33:49.068222+00:00,2025-11-13,2025Q4,S1A,11,ascending,C1_hkex_dc__v1,control,LINEAR_POWER_GAMMA0,0.31314489245414734,55,0.09517563134431839,55
FROZEN,S1A_IW_GRDH_1SDV_20251113T103334_20251113T103403_061858_07BBE0_rtc,2025-11-13T10:33:49.068222+00:00,2025-11-13,2025Q4,S1A,11,ascending,C2b_amc__v2,positive_control,LINEAR_POWER_GAMMA0,5.244377613067627,260,0.5920852422714233,260
FROZEN,S1A_IW_GRDH_1SDV_20251113T103334_20251113T103403_061858_07BBE0_rtc,2025-11-13T10:33:49.068222+00:00,2025-11-13,2025Q4,S1A,11,ascending,P1_vacant__v1,placebo,LINEAR_POWER_GAMMA0,0.23619897663593292,93,0.06938440352678299,93
FROZEN,S1A_IW_GRDH_1SDV_20251113T103334_20251113T103403_061858_07BBE0_rtc,2025-11-13T10:33:49.068222+00:00,2025-11-13,2025Q4,S1A,11,ascending,X1_build_slab__v1,positive_control,LINEAR_POWER_GAMMA0,0.34653905034065247,67,0.09498560428619385,67
FROZEN,S1A_IW_GRDH_1SDV_20251113T103334_20251113T103403_061858_07BBE0_rtc,2025-11-13T10:33:49.068222+00:00,2025-11-13,2025Q4,S1A,11,ascending,X2_build_site__v1,positive_control,LINEAR_POWER_GAMMA0,0.8779544830322266,155,0.1588842123746872,155
FROZEN,S1A_IW_GRDH_1SDV_20251120T102521_20251120T102550_061960_07BFD2_rtc,2025-11-20T10:25:36.313307+00:00,2025-11-20,2025Q4,S1A,113,ascending,T1_ntt_fdc__v1,treatment,LINEAR_POWER_GAMMA0,2.145869731903076,307,0.9329169988632202,307
FROZEN,S1A_IW_GRDH_1SDV_20251120T102521_20251120T102550_061960_07BFD2_rtc,2025-11-20T10:25:36.313307+00:00,2025-11-20,2025Q4,S1A,113,ascending,C1_hkex_dc__v1,control,LINEAR_POWER_GAMMA0,0.3928617537021637,55,0.06211893633008003,55
FROZEN,S1A_IW_GRDH_1SDV_20251120T102521_20251120T102550_061960_07BFD2_rtc,2025-11-20T10:25:36.313307+00:00,2025-11-20,2025Q4,S1A,113,ascending,C2b_amc__v2,positive_control,LINEAR_POWER_GAMMA0,2.912604808807373,260,0.5626468658447266,260
FROZEN,S1A_IW_GRDH_1SDV_20251120T102521_20251120T102550_061960_07BFD2_rtc,2025-11-20T10:25:36.313307+00:00,2025-11-20,2025Q4,S1A,113,ascending,P1_vacant__v1,placebo,LINEAR_POWER_GAMMA0,0.5589300394058228,93,0.07377340644598007,93
FROZEN,S1A_IW_GRDH_1SDV_20251120T102521_20251120T102550_061960_07BFD2_rtc,2025-11-20T10:25:36.313307+00:00,2025-11-20,2025Q4,S1A,113,ascending,X1_build_slab__v1,positive_control,LINEAR_POWER_GAMMA0,1.034899115562439,67,0.18478667736053467,67
FROZEN,S1A_IW_GRDH_1SDV_20251120T102521_20251120T102550_061960_07BFD2_rtc,2025-11-20T10:25:36.313307+00:00,2025-11-20,2025Q4,S1A,113,ascending,X2_build_site__v1,positive_control,LINEAR_POWER_GAMMA0,1.086374044418335,155,0.20198620855808258,155
FROZEN,S1A_IW_GRDH_1SDV_20251125T103333_20251125T103402_062033_07C2B0_rtc,2025-11-25T10:33:48.313031+00:00,2025-11-25,2025Q4,S1A,11,ascending,T1_ntt_fdc__v1,treatment,LINEAR_POWER_GAMMA0,2.5501909255981445,307,1.0103000402450562,307
FROZEN,S1A_IW_GRDH_1SDV_20251125T103333_20251125T103402_062033_07C2B0_rtc,2025-11-25T10:33:48.313031+00:00,2025-11-25,2025Q4,S1A,11,ascending,C1_hkex_dc__v1,control,LINEAR_POWER_GAMMA0,0.2408135086297989,55,0.07565611600875854,55
FROZEN,S1A_IW_GRDH_1SDV_20251125T103333_20251125T103402_062033_07C2B0_rtc,2025-11-25T10:33:48.313031+00:00,2025-11-25,2025Q4,S1A,11,ascending,C2b_amc__v2,positive_control,LINEAR_POWER_GAMMA0,5.608682632446289,260,0.5887162685394287,260
FROZEN,S1A_IW_GRDH_1SDV_20251125T103333_20251125T103402_062033_07C2B0_rtc,2025-11-25T10:33:48.313031+00:00,2025-11-25,2025Q4,S1A,11,ascending,P1_vacant__v1,placebo,LINEAR_POWER_GAMMA0,0.25637340545654297,93,0.07197049260139465,93
FROZEN,S1A_IW_GRDH_1SDV_20251125T103333_20251125T103402_062033_07C2B0_rtc,2025-11-25T10:33:48.313031+00:00,2025-11-25,2025Q4,S1A,11,ascending,X1_build_slab__v1,positive_control,LINEAR_POWER_GAMMA0,0.3213484287261963,67,0.07906065136194229,67
FROZEN,S1A_IW_GRDH_1SDV_20251125T103333_20251125T103402_062033_07C2B0_rtc,2025-11-25T10:33:48.313031+00:00,2025-11-25,2025Q4,S1A,11,ascending,X2_build_site__v1,positive_control,LINEAR_POWER_GAMMA0,0.5248496532440186,155,0.13878393173217773,155
FROZEN,S1A_IW_GRDH_1SDV_20251202T102520_20251202T102549_062135_07C6A6_rtc,2025-12-02T10:25:35.035011+00:00,2025-12-02,2025Q4,S1A,113,ascending,T1_ntt_fdc__v1,treatment,LINEAR_POWER_GAMMA0,1.8703839778900146,307,0.9191151261329651,307
FROZEN,S1A_IW_GRDH_1SDV_20251202T102520_20251202T102549_062135_07C6A6_rtc,2025-12-02T10:25:35.035011+00:00,2025-12-02,2025Q4,S1A,113,ascending,C1_hkex_dc__v1,control,LINEAR_POWER_GAMMA0,0.4312915802001953,55,0.07180818170309067,55
FROZEN,S1A_IW_GRDH_1SDV_20251202T102520_20251202T102549_062135_07C6A6_rtc,2025-12-02T10:25:35.035011+00:00,2025-12-02,2025Q4,S1A,113,ascending,C2b_amc__v2,positive_control,LINEAR_POWER_GAMMA0,2.4950270652770996,260,0.5707283020019531,260
FROZEN,S1A_IW_GRDH_1SDV_20251202T102520_20251202T102549_062135_07C6A6_rtc,2025-12-02T10:25:35.035011+00:00,2025-12-02,2025Q4,S1A,113,ascending,P1_vacant__v1,placebo,LINEAR_POWER_GAMMA0,0.39043569564819336,93,0.09394177794456482,93
FROZEN,S1A_IW_GRDH_1SDV_20251202T102520_20251202T102549_062135_07C6A6_rtc,2025-12-02T10:25:35.035011+00:00,2025-12-02,2025Q4,S1A,113,ascending,X1_build_slab__v1,positive_control,LINEAR_POWER_GAMMA0,1.0195531845092773,67,0.15599463880062103,67
FROZEN,S1A_IW_GRDH_1SDV_20251202T102520_20251202T102549_062135_07C6A6_rtc,2025-12-02T10:25:35.035011+00:00,2025-12-02,2025Q4,S1A,113,ascending,X2_build_site__v1,positive_control,LINEAR_POWER_GAMMA0,1.0742281675338745,155,0.17299431562423706,155
FROZEN,S1A_IW_GRDH_1SDV_20251207T103332_20251207T103401_062208_07C98E_rtc,2025-12-07T10:33:47.175292+00:00,2025-12-07,2025Q4,S1A,11,ascending,T1_ntt_fdc__v1,treatment,LINEAR_POWER_GAMMA0,2.491600513458252,307,0.8917298913002014,307
FROZEN,S1A_IW_GRDH_1SDV_20251207T103332_20251207T103401_062208_07C98E_rtc,2025-12-07T10:33:47.175292+00:00,2025-12-07,2025Q4,S1A,11,ascending,C1_hkex_dc__v1,control,LINEAR_POWER_GAMMA0,0.6930244565010071,55,0.0973663255572319,55
FROZEN,S1A_IW_GRDH_1SDV_20251207T103332_20251207T103401_062208_07C98E_rtc,2025-12-07T10:33:47.175292+00:00,2025-12-07,2025Q4,S1A,11,ascending,C2b_amc__v2,positive_control,LINEAR_POWER_GAMMA0,5.264650344848633,260,0.5682297348976135,260
FROZEN,S1A_IW_GRDH_1SDV_20251207T103332_20251207T103401_062208_07C98E_rtc,2025-12-07T10:33:47.175292+00:00,2025-12-07,2025Q4,S1A,11,ascending,P1_vacant__v1,placebo,LINEAR_POWER_GAMMA0,0.28102484345436096,93,0.07941942662000656,93
FROZEN,S1A_IW_GRDH_1SDV_20251207T103332_20251207T103401_062208_07C98E_rtc,2025-12-07T10:33:47.175292+00:00,2025-12-07,2025Q4,S1A,11,ascending,X1_build_slab__v1,positive_control,LINEAR_POWER_GAMMA0,0.29612821340560913,67,0.07764160633087158,67
FROZEN,S1A_IW_GRDH_1SDV_20251207T103332_20251207T103401_062208_07C98E_rtc,2025-12-07T10:33:47.175292+00:00,2025-12-07,2025Q4,S1A,11,ascending,X2_build_site__v1,positive_control,LINEAR_POWER_GAMMA0,0.5053681135177612,155,0.1655675619840622,155
FROZEN,S1A_IW_GRDH_1SDV_20251214T102519_20251214T102548_062310_07CD7E_rtc,2025-12-14T10:25:33.945591+00:00,2025-12-14,2025Q4,S1A,113,ascending,T1_ntt_fdc__v1,treatment,LINEAR_POWER_GAMMA0,1.8928656578063965,307,0.962571918964386,307
FROZEN,S1A_IW_GRDH_1SDV_20251214T102519_20251214T102548_062310_07CD7E_rtc,2025-12-14T10:25:33.945591+00:00,2025-12-14,2025Q4,S1A,113,ascending,C1_hkex_dc__v1,control,LINEAR_POWER_GAMMA0,0.3466797471046448,55,0.04651374742388725,55
FROZEN,S1A_IW_GRDH_1SDV_20251214T102519_20251214T102548_062310_07CD7E_rtc,2025-12-14T10:25:33.945591+00:00,2025-12-14,2025Q4,S1A,113,ascending,C2b_amc__v2,positive_control,LINEAR_POWER_GAMMA0,2.8677124977111816,260,0.5483534932136536,260
FROZEN,S1A_IW_GRDH_1SDV_20251214T102519_20251214T102548_062310_07CD7E_rtc,2025-12-14T10:25:33.945591+00:00,2025-12-14,2025Q4,S1A,113,ascending,P1_vacant__v1,placebo,LINEAR_POWER_GAMMA0,0.6808121204376221,93,0.11206117272377014,93
FROZEN,S1A_IW_GRDH_1SDV_20251214T102519_20251214T102548_062310_07CD7E_rtc,2025-12-14T10:25:33.945591+00:00,2025-12-14,2025Q4,S1A,113,ascending,X1_build_slab__v1,positive_control,LINEAR_POWER_GAMMA0,1.0524497032165527,67,0.1725543737411499,67
FROZEN,S1A_IW_GRDH_1SDV_20251214T102519_20251214T102548_062310_07CD7E_rtc,2025-12-14T10:25:33.945591+00:00,2025-12-14,2025Q4,S1A,113,ascending,X2_build_site__v1,positive_control,LINEAR_POWER_GAMMA0,0.8956074118614197,155,0.21377751231193542,155
FROZEN,S1A_IW_GRDH_1SDV_20251219T103331_20251219T103400_062383_07D060_rtc,2025-12-19T10:33:46.006985+00:00,2025-12-19,2025Q4,S1A,11,ascending,T1_ntt_fdc__v1,treatment,LINEAR_POWER_GAMMA0,2.300887107849121,307,0.7411174774169922,307
FROZEN,S1A_IW_GRDH_1SDV_20251219T103331_20251219T103400_062383_07D060_rtc,2025-12-19T10:33:46.006985+00:00,2025-12-19,2025Q4,S1A,11,ascending,C1_hkex_dc__v1,control,LINEAR_POWER_GAMMA0,0.2628081440925598,55,0.08614710718393326,55
FROZEN,S1A_IW_GRDH_1SDV_20251219T103331_20251219T103400_062383_07D060_rtc,2025-12-19T10:33:46.006985+00:00,2025-12-19,2025Q4,S1A,11,ascending,C2b_amc__v2,positive_control,LINEAR_POWER_GAMMA0,5.401127338409424,260,0.5702060461044312,260
FROZEN,S1A_IW_GRDH_1SDV_20251219T103331_20251219T103400_062383_07D060_rtc,2025-12-19T10:33:46.006985+00:00,2025-12-19,2025Q4,S1A,11,ascending,P1_vacant__v1,placebo,LINEAR_POWER_GAMMA0,0.23463428020477295,93,0.0795612707734108,93
FROZEN,S1A_IW_GRDH_1SDV_20251219T103331_20251219T103400_062383_07D060_rtc,2025-12-19T10:33:46.006985+00:00,2025-12-19,2025Q4,S1A,11,ascending,X1_build_slab__v1,positive_control,LINEAR_POWER_GAMMA0,0.27059441804885864,67,0.07387177646160126,67
FROZEN,S1A_IW_GRDH_1SDV_20251219T103331_20251219T103400_062383_07D060_rtc,2025-12-19T10:33:46.006985+00:00,2025-12-19,2025Q4,S1A,11,ascending,X2_build_site__v1,positive_control,LINEAR_POWER_GAMMA0,0.5241323709487915,155,0.16603432595729828,155
FROZEN,S1A_IW_GRDH_1SDV_20251226T102517_20251226T102546_062485_07D44C_rtc,2025-12-26T10:25:32.467040+00:00,2025-12-26,2025Q4,S1A,113,ascending,T1_ntt_fdc__v1,treatment,LINEAR_POWER_GAMMA0,1.9196864366531372,307,0.9484211206436157,307
FROZEN,S1A_IW_GRDH_1SDV_20251226T102517_20251226T102546_062485_07D44C_rtc,2025-12-26T10:25:32.467040+00:00,2025-12-26,2025Q4,S1A,113,ascending,C1_hkex_dc__v1,control,LINEAR_POWER_GAMMA0,0.32323288917541504,55,0.044682588428258896,55
FROZEN,S1A_IW_GRDH_1SDV_20251226T102517_20251226T102546_062485_07D44C_rtc,2025-12-26T10:25:32.467040+00:00,2025-12-26,2025Q4,S1A,113,ascending,C2b_amc__v2,positive_control,LINEAR_POWER_GAMMA0,2.7138750553131104,260,0.4916119873523712,260
FROZEN,S1A_IW_GRDH_1SDV_20251226T102517_20251226T102546_062485_07D44C_rtc,2025-12-26T10:25:32.467040+00:00,2025-12-26,2025Q4,S1A,113,ascending,P1_vacant__v1,placebo,LINEAR_POWER_GAMMA0,1.197370171546936,93,0.0977187529206276,93
FROZEN,S1A_IW_GRDH_1SDV_20251226T102517_20251226T102546_062485_07D44C_rtc,2025-12-26T10:25:32.467040+00:00,2025-12-26,2025Q4,S1A,113,ascending,X1_build_slab__v1,positive_control,LINEAR_POWER_GAMMA0,1.1291886568069458,67,0.1422932893037796,67
FROZEN,S1A_IW_GRDH_1SDV_20251226T102517_20251226T102546_062485_07D44C_rtc,2025-12-26T10:25:32.467040+00:00,2025-12-26,2025Q4,S1A,113,ascending,X2_build_site__v1,positive_control,LINEAR_POWER_GAMMA0,0.9945893287658691,155,0.21439184248447418,155
FROZEN,S1A_IW_GRDH_1SDV_20251231T103330_20251231T103359_062558_07D71E_rtc,2025-12-31T10:33:44.692538+00:00,2025-12-31,2025Q4,S1A,11,ascending,T1_ntt_fdc__v1,treatment,LINEAR_POWER_GAMMA0,2.0749893188476562,307,0.7300801873207092,307
FROZEN,S1A_IW_GRDH_1SDV_20251231T103330_20251231T103359_062558_07D71E_rtc,2025-12-31T10:33:44.692538+00:00,2025-12-31,2025Q4,S1A,11,ascending,C1_hkex_dc__v1,control,LINEAR_POWER_GAMMA0,0.5732240080833435,55,0.09263251721858978,55
FROZEN,S1A_IW_GRDH_1SDV_20251231T103330_20251231T103359_062558_07D71E_rtc,2025-12-31T10:33:44.692538+00:00,2025-12-31,2025Q4,S1A,11,ascending,C2b_amc__v2,positive_control,LINEAR_POWER_GAMMA0,5.042625427246094,260,0.5142085552215576,260
FROZEN,S1A_IW_GRDH_1SDV_20251231T103330_20251231T103359_062558_07D71E_rtc,2025-12-31T10:33:44.692538+00:00,2025-12-31,2025Q4,S1A,11,ascending,P1_vacant__v1,placebo,LINEAR_POWER_GAMMA0,0.2167356312274933,93,0.0623469315469265,93
FROZEN,S1A_IW_GRDH_1SDV_20251231T103330_20251231T103359_062558_07D71E_rtc,2025-12-31T10:33:44.692538+00:00,2025-12-31,2025Q4,S1A,11,ascending,X1_build_slab__v1,positive_control,LINEAR_POWER_GAMMA0,0.23813046514987946,67,0.07372230291366577,67
FROZEN,S1A_IW_GRDH_1SDV_20251231T103330_20251231T103359_062558_07D71E_rtc,2025-12-31T10:33:44.692538+00:00,2025-12-31,2025Q4,S1A,11,ascending,X2_build_site__v1,positive_control,LINEAR_POWER_GAMMA0,0.4286193251609802,155,0.16935867071151733,155
FROZEN,S1A_IW_GRDH_1SDV_20260107T102516_20260107T102545_062660_07DB0D_rtc,2026-01-07T10:25:31.266189+00:00,2026-01-07,2026Q1,S1A,113,ascending,T1_ntt_fdc__v1,treatment,LINEAR_POWER_GAMMA0,1.8726056814193726,307,0.9275540709495544,307
FROZEN,S1A_IW_GRDH_1SDV_20260107T102516_20260107T102545_062660_07DB0D_rtc,2026-01-07T10:25:31.266189+00:00,2026-01-07,2026Q1,S1A,113,ascending,C1_hkex_dc__v1,control,LINEAR_POWER_GAMMA0,0.3357367217540741,55,0.057413939386606216,55
FROZEN,S1A_IW_GRDH_1SDV_20260107T102516_20260107T102545_062660_07DB0D_rtc,2026-01-07T10:25:31.266189+00:00,2026-01-07,2026Q1,S1A,113,ascending,C2b_amc__v2,positive_control,LINEAR_POWER_GAMMA0,2.798511266708374,260,0.4732987582683563,260
FROZEN,S1A_IW_GRDH_1SDV_20260107T102516_20260107T102545_062660_07DB0D_rtc,2026-01-07T10:25:31.266189+00:00,2026-01-07,2026Q1,S1A,113,ascending,P1_vacant__v1,placebo,LINEAR_POWER_GAMMA0,0.4655486047267914,93,0.08192240446805954,93
FROZEN,S1A_IW_GRDH_1SDV_20260107T102516_20260107T102545_062660_07DB0D_rtc,2026-01-07T10:25:31.266189+00:00,2026-01-07,2026Q1,S1A,113,ascending,X1_build_slab__v1,positive_control,LINEAR_POWER_GAMMA0,1.0595794916152954,67,0.148052379488945,67
FROZEN,S1A_IW_GRDH_1SDV_20260107T102516_20260107T102545_062660_07DB0D_rtc,2026-01-07T10:25:31.266189+00:00,2026-01-07,2026Q1,S1A,113,ascending,X2_build_site__v1,positive_control,LINEAR_POWER_GAMMA0,0.9559422731399536,155,0.21060426533222198,155
FROZEN,S1A_IW_GRDH_1SDV_20260112T103329_20260112T103358_062733_07DDD8_rtc,2026-01-12T10:33:43.687625+00:00,2026-01-12,2026Q1,S1A,11,ascending,T1_ntt_fdc__v1,treatment,LINEAR_POWER_GAMMA0,2.458751678466797,307,0.9812452793121338,307
FROZEN,S1A_IW_GRDH_1SDV_20260112T103329_20260112T103358_062733_07DDD8_rtc,2026-01-12T10:33:43.687625+00:00,2026-01-12,2026Q1,S1A,11,ascending,C1_hkex_dc__v1,control,LINEAR_POWER_GAMMA0,0.32672157883644104,55,0.08193820714950562,55
FROZEN,S1A_IW_GRDH_1SDV_20260112T103329_20260112T103358_062733_07DDD8_rtc,2026-01-12T10:33:43.687625+00:00,2026-01-12,2026Q1,S1A,11,ascending,C2b_amc__v2,positive_control,LINEAR_POWER_GAMMA0,4.957236289978027,260,0.5471391081809998,260
FROZEN,S1A_IW_GRDH_1SDV_20260112T103329_20260112T103358_062733_07DDD8_rtc,2026-01-12T10:33:43.687625+00:00,2026-01-12,2026Q1,S1A,11,ascending,P1_vacant__v1,placebo,LINEAR_POWER_GAMMA0,0.21248163282871246,93,0.06690119206905365,93
FROZEN,S1A_IW_GRDH_1SDV_20260112T103329_20260112T103358_062733_07DDD8_rtc,2026-01-12T10:33:43.687625+00:00,2026-01-12,2026Q1,S1A,11,ascending,X1_build_slab__v1,positive_control,LINEAR_POWER_GAMMA0,0.3840644657611847,67,0.09452739357948303,67
FROZEN,S1A_IW_GRDH_1SDV_20260112T103329_20260112T103358_062733_07DDD8_rtc,2026-01-12T10:33:43.687625+00:00,2026-01-12,2026Q1,S1A,11,ascending,X2_build_site__v1,positive_control,LINEAR_POWER_GAMMA0,1.1729992628097534,155,0.32465508580207825,155
FROZEN,S1A_IW_GRDH_1SDV_20260124T103327_20260124T103356_062908_07E432_rtc,2026-01-24T10:33:42.165373+00:00,2026-01-24,2026Q1,S1A,11,ascending,T1_ntt_fdc__v1,treatment,LINEAR_POWER_GAMMA0,2.040961503982544,307,0.7423858046531677,307
FROZEN,S1A_IW_GRDH_1SDV_20260124T103327_20260124T103356_062908_07E432_rtc,2026-01-24T10:33:42.165373+00:00,2026-01-24,2026Q1,S1A,11,ascending,C1_hkex_dc__v1,control,LINEAR_POWER_GAMMA0,0.5862197279930115,55,0.08822035044431686,55
FROZEN,S1A_IW_GRDH_1SDV_20260124T103327_20260124T103356_062908_07E432_rtc,2026-01-24T10:33:42.165373+00:00,2026-01-24,2026Q1,S1A,11,ascending,C2b_amc__v2,positive_control,LINEAR_POWER_GAMMA0,5.200014591217041,260,0.5437543392181396,260
FROZEN,S1A_IW_GRDH_1SDV_20260124T103327_20260124T103356_062908_07E432_rtc,2026-01-24T10:33:42.165373+00:00,2026-01-24,2026Q1,S1A,11,ascending,P1_vacant__v1,placebo,LINEAR_POWER_GAMMA0,0.20842351019382477,93,0.06846883147954941,93
FROZEN,S1A_IW_GRDH_1SDV_20260124T103327_20260124T103356_062908_07E432_rtc,2026-01-24T10:33:42.165373+00:00,2026-01-24,2026Q1,S1A,11,ascending,X1_build_slab__v1,positive_control,LINEAR_POWER_GAMMA0,0.24121837317943573,67,0.07032424211502075,67
FROZEN,S1A_IW_GRDH_1SDV_20260124T103327_20260124T103356_062908_07E432_rtc,2026-01-24T10:33:42.165373+00:00,2026-01-24,2026Q1,S1A,11,ascending,X2_build_site__v1,positive_control,LINEAR_POWER_GAMMA0,0.6195356249809265,155,0.15023645758628845,155
FROZEN,S1A_IW_GRDH_1SDV_20260131T102515_20260131T102544_063010_07E80D_rtc,2026-01-31T10:25:29.839218+00:00,2026-01-31,2026Q1,S1A,113,ascending,T1_ntt_fdc__v1,treatment,LINEAR_POWER_GAMMA0,3.3029682636260986,307,1.2011656761169434,307
FROZEN,S1A_IW_GRDH_1SDV_20260131T102515_20260131T102544_063010_07E80D_rtc,2026-01-31T10:25:29.839218+00:00,2026-01-31,2026Q1,S1A,113,ascending,C1_hkex_dc__v1,control,LINEAR_POWER_GAMMA0,0.38679948449134827,55,0.06819704920053482,55
FROZEN,S1A_IW_GRDH_1SDV_20260131T102515_20260131T102544_063010_07E80D_rtc,2026-01-31T10:25:29.839218+00:00,2026-01-31,2026Q1,S1A,113,ascending,C2b_amc__v2,positive_control,LINEAR_POWER_GAMMA0,5.770813465118408,260,0.8427916169166565,260
FROZEN,S1A_IW_GRDH_1SDV_20260131T102515_20260131T102544_063010_07E80D_rtc,2026-01-31T10:25:29.839218+00:00,2026-01-31,2026Q1,S1A,113,ascending,P1_vacant__v1,placebo,LINEAR_POWER_GAMMA0,0.6871041059494019,93,0.10605674982070923,93
FROZEN,S1A_IW_GRDH_1SDV_20260131T102515_20260131T102544_063010_07E80D_rtc,2026-01-31T10:25:29.839218+00:00,2026-01-31,2026Q1,S1A,113,ascending,X1_build_slab__v1,positive_control,LINEAR_POWER_GAMMA0,1.1756912469863892,67,0.19824087619781494,67
FROZEN,S1A_IW_GRDH_1SDV_20260131T102515_20260131T102544_063010_07E80D_rtc,2026-01-31T10:25:29.839218+00:00,2026-01-31,2026Q1,S1A,113,ascending,X2_build_site__v1,positive_control,LINEAR_POWER_GAMMA0,1.1891924142837524,155,0.2744332253932953,155
FROZEN,S1A_IW_GRDH_1SDV_20260205T103327_20260205T103356_063083_07EACE_rtc,2026-02-05T10:33:41.946167+00:00,2026-02-05,2026Q1,S1A,11,ascending,T1_ntt_fdc__v1,treatment,LINEAR_POWER_GAMMA0,2.5096867084503174,307,0.9951828122138977,307
FROZEN,S1A_IW_GRDH_1SDV_20260205T103327_20260205T103356_063083_07EACE_rtc,2026-02-05T10:33:41.946167+00:00,2026-02-05,2026Q1,S1A,11,ascending,C1_hkex_dc__v1,control,LINEAR_POWER_GAMMA0,0.30688780546188354,55,0.09348394721746445,55
FROZEN,S1A_IW_GRDH_1SDV_20260205T103327_20260205T103356_063083_07EACE_rtc,2026-02-05T10:33:41.946167+00:00,2026-02-05,2026Q1,S1A,11,ascending,C2b_amc__v2,positive_control,LINEAR_POWER_GAMMA0,5.50887393951416,260,0.5739830732345581,260
FROZEN,S1A_IW_GRDH_1SDV_20260205T103327_20260205T103356_063083_07EACE_rtc,2026-02-05T10:33:41.946167+00:00,2026-02-05,2026Q1,S1A,11,ascending,P1_vacant__v1,placebo,LINEAR_POWER_GAMMA0,0.3529330790042877,93,0.07396519929170609,93
FROZEN,S1A_IW_GRDH_1SDV_20260205T103327_20260205T103356_063083_07EACE_rtc,2026-02-05T10:33:41.946167+00:00,2026-02-05,2026Q1,S1A,11,ascending,X1_build_slab__v1,positive_control,LINEAR_POWER_GAMMA0,0.2941846251487732,67,0.08688054978847504,67
FROZEN,S1A_IW_GRDH_1SDV_20260205T103327_20260205T103356_063083_07EACE_rtc,2026-02-05T10:33:41.946167+00:00,2026-02-05,2026Q1,S1A,11,ascending,X2_build_site__v1,positive_control,LINEAR_POWER_GAMMA0,0.6744712591171265,155,0.195496067404747,155
FROZEN,S1A_IW_GRDH_1SDV_20260212T102514_20260212T102543_063185_07EE92_rtc,2026-02-12T10:25:29.002234+00:00,2026-02-12,2026Q1,S1A,113,ascending,T1_ntt_fdc__v1,treatment,LINEAR_POWER_GAMMA0,2.0697848796844482,307,0.9906150102615356,307
FROZEN,S1A_IW_GRDH_1SDV_20260212T102514_20260212T102543_063185_07EE92_rtc,2026-02-12T10:25:29.002234+00:00,2026-02-12,2026Q1,S1A,113,ascending,C1_hkex_dc__v1,control,LINEAR_POWER_GAMMA0,0.4251413941383362,55,0.0811414122581482,55
FROZEN,S1A_IW_GRDH_1SDV_20260212T102514_20260212T102543_063185_07EE92_rtc,2026-02-12T10:25:29.002234+00:00,2026-02-12,2026Q1,S1A,113,ascending,C2b_amc__v2,positive_control,LINEAR_POWER_GAMMA0,2.948490619659424,260,0.5613558888435364,260
FROZEN,S1A_IW_GRDH_1SDV_20260212T102514_20260212T102543_063185_07EE92_rtc,2026-02-12T10:25:29.002234+00:00,2026-02-12,2026Q1,S1A,113,ascending,P1_vacant__v1,placebo,LINEAR_POWER_GAMMA0,1.662057876586914,93,0.10043307393789291,93
FROZEN,S1A_IW_GRDH_1SDV_20260212T102514_20260212T102543_063185_07EE92_rtc,2026-02-12T10:25:29.002234+00:00,2026-02-12,2026Q1,S1A,113,ascending,X1_build_slab__v1,positive_control,LINEAR_POWER_GAMMA0,1.0805996656417847,67,0.1733892410993576,67
FROZEN,S1A_IW_GRDH_1SDV_20260212T102514_20260212T102543_063185_07EE92_rtc,2026-02-12T10:25:29.002234+00:00,2026-02-12,2026Q1,S1A,113,ascending,X2_build_site__v1,positive_control,LINEAR_POWER_GAMMA0,1.2124468088150024,155,0.2644028663635254,155
FROZEN,S1A_IW_GRDH_1SDV_20260217T103326_20260217T103355_063258_07F155_rtc,2026-02-17T10:33:41.333359+00:00,2026-02-17,2026Q1,S1A,11,ascending,T1_ntt_fdc__v1,treatment,LINEAR_POWER_GAMMA0,2.4999077320098877,307,0.9261148571968079,307
FROZEN,S1A_IW_GRDH_1SDV_20260217T103326_20260217T103355_063258_07F155_rtc,2026-02-17T10:33:41.333359+00:00,2026-02-17,2026Q1,S1A,11,ascending,C1_hkex_dc__v1,control,LINEAR_POWER_GAMMA0,0.6060370802879333,55,0.09378103911876678,55
FROZEN,S1A_IW_GRDH_1SDV_20260217T103326_20260217T103355_063258_07F155_rtc,2026-02-17T10:33:41.333359+00:00,2026-02-17,2026Q1,S1A,11,ascending,C2b_amc__v2,positive_control,LINEAR_POWER_GAMMA0,5.950565338134766,260,0.6358680725097656,260
FROZEN,S1A_IW_GRDH_1SDV_20260217T103326_20260217T103355_063258_07F155_rtc,2026-02-17T10:33:41.333359+00:00,2026-02-17,2026Q1,S1A,11,ascending,P1_vacant__v1,placebo,LINEAR_POWER_GAMMA0,0.30391037464141846,93,0.07586630433797836,93
FROZEN,S1A_IW_GRDH_1SDV_20260217T103326_20260217T103355_063258_07F155_rtc,2026-02-17T10:33:41.333359+00:00,2026-02-17,2026Q1,S1A,11,ascending,X1_build_slab__v1,positive_control,LINEAR_POWER_GAMMA0,0.31662222743034363,67,0.08344550430774689,67
FROZEN,S1A_IW_GRDH_1SDV_20260217T103326_20260217T103355_063258_07F155_rtc,2026-02-17T10:33:41.333359+00:00,2026-02-17,2026Q1,S1A,11,ascending,X2_build_site__v1,positive_control,LINEAR_POWER_GAMMA0,0.6249509453773499,155,0.1928226500749588,155
FROZEN,S1A_IW_GRDH_1SDV_20260224T102514_20260224T102543_063360_07F536_rtc,2026-02-24T10:25:28.612818+00:00,2026-02-24,2026Q1,S1A,113,ascending,T1_ntt_fdc__v1,treatment,LINEAR_POWER_GAMMA0,2.154974937438965,307,1.005334734916687,307
FROZEN,S1A_IW_GRDH_1SDV_20260224T102514_20260224T102543_063360_07F536_rtc,2026-02-24T10:25:28.612818+00:00,2026-02-24,2026Q1,S1A,113,ascending,C1_hkex_dc__v1,control,LINEAR_POWER_GAMMA0,0.5784754157066345,55,0.08537641167640686,55
FROZEN,S1A_IW_GRDH_1SDV_20260224T102514_20260224T102543_063360_07F536_rtc,2026-02-24T10:25:28.612818+00:00,2026-02-24,2026Q1,S1A,113,ascending,C2b_amc__v2,positive_control,LINEAR_POWER_GAMMA0,3.0367820262908936,260,0.5845167636871338,260
FROZEN,S1A_IW_GRDH_1SDV_20260224T102514_20260224T102543_063360_07F536_rtc,2026-02-24T10:25:28.612818+00:00,2026-02-24,2026Q1,S1A,113,ascending,P1_vacant__v1,placebo,LINEAR_POWER_GAMMA0,0.46794477105140686,93,0.09450211375951767,93
FROZEN,S1A_IW_GRDH_1SDV_20260224T102514_20260224T102543_063360_07F536_rtc,2026-02-24T10:25:28.612818+00:00,2026-02-24,2026Q1,S1A,113,ascending,X1_build_slab__v1,positive_control,LINEAR_POWER_GAMMA0,1.1264164447784424,67,0.15946102142333984,67
FROZEN,S1A_IW_GRDH_1SDV_20260224T102514_20260224T102543_063360_07F536_rtc,2026-02-24T10:25:28.612818+00:00,2026-02-24,2026Q1,S1A,113,ascending,X2_build_site__v1,positive_control,LINEAR_POWER_GAMMA0,1.2599817514419556,155,0.2817895710468292,155
FROZEN,S1A_IW_GRDH_1SDV_20260308T102514_20260308T102543_063535_07FBDE_rtc,2026-03-08T10:25:28.572267+00:00,2026-03-08,2026Q1,S1A,113,ascending,T1_ntt_fdc__v1,treatment,LINEAR_POWER_GAMMA0,2.4139678478240967,307,1.034401774406433,307
FROZEN,S1A_IW_GRDH_1SDV_20260308T102514_20260308T102543_063535_07FBDE_rtc,2026-03-08T10:25:28.572267+00:00,2026-03-08,2026Q1,S1A,113,ascending,C1_hkex_dc__v1,control,LINEAR_POWER_GAMMA0,0.40158024430274963,55,0.05420711264014244,55
FROZEN,S1A_IW_GRDH_1SDV_20260308T102514_20260308T102543_063535_07FBDE_rtc,2026-03-08T10:25:28.572267+00:00,2026-03-08,2026Q1,S1A,113,ascending,C2b_amc__v2,positive_control,LINEAR_POWER_GAMMA0,3.343886613845825,260,0.7301713228225708,260
FROZEN,S1A_IW_GRDH_1SDV_20260308T102514_20260308T102543_063535_07FBDE_rtc,2026-03-08T10:25:28.572267+00:00,2026-03-08,2026Q1,S1A,113,ascending,P1_vacant__v1,placebo,LINEAR_POWER_GAMMA0,0.3617783784866333,93,0.10642912983894348,93
FROZEN,S1A_IW_GRDH_1SDV_20260308T102514_20260308T102543_063535_07FBDE_rtc,2026-03-08T10:25:28.572267+00:00,2026-03-08,2026Q1,S1A,113,ascending,X1_build_slab__v1,positive_control,LINEAR_POWER_GAMMA0,1.105907917022705,67,0.16660641133785248,67
FROZEN,S1A_IW_GRDH_1SDV_20260308T102514_20260308T102543_063535_07FBDE_rtc,2026-03-08T10:25:28.572267+00:00,2026-03-08,2026Q1,S1A,113,ascending,X2_build_site__v1,positive_control,LINEAR_POWER_GAMMA0,1.2054678201675415,155,0.3020196259021759,155
FROZEN,S1A_IW_GRDH_1SDV_20260320T102514_20260320T102543_063710_080266_rtc,2026-03-20T10:25:28.542431+00:00,2026-03-20,2026Q1,S1A,113,ascending,T1_ntt_fdc__v1,treatment,LINEAR_POWER_GAMMA0,2.1702022552490234,307,0.9548799395561218,307
FROZEN,S1A_IW_GRDH_1SDV_20260320T102514_20260320T102543_063710_080266_rtc,2026-03-20T10:25:28.542431+00:00,2026-03-20,2026Q1,S1A,113,ascending,C1_hkex_dc__v1,control,LINEAR_POWER_GAMMA0,0.3583839535713196,55,0.06961197406053543,55
FROZEN,S1A_IW_GRDH_1SDV_20260320T102514_20260320T102543_063710_080266_rtc,2026-03-20T10:25:28.542431+00:00,2026-03-20,2026Q1,S1A,113,ascending,C2b_amc__v2,positive_control,LINEAR_POWER_GAMMA0,2.7550032138824463,260,0.5423710942268372,260
FROZEN,S1A_IW_GRDH_1SDV_20260320T102514_20260320T102543_063710_080266_rtc,2026-03-20T10:25:28.542431+00:00,2026-03-20,2026Q1,S1A,113,ascending,P1_vacant__v1,placebo,LINEAR_POWER_GAMMA0,0.4068782329559326,93,0.07398547977209091,93
FROZEN,S1A_IW_GRDH_1SDV_20260320T102514_20260320T102543_063710_080266_rtc,2026-03-20T10:25:28.542431+00:00,2026-03-20,2026Q1,S1A,113,ascending,X1_build_slab__v1,positive_control,LINEAR_POWER_GAMMA0,1.081972360610962,67,0.17761826515197754,67
FROZEN,S1A_IW_GRDH_1SDV_20260320T102514_20260320T102543_063710_080266_rtc,2026-03-20T10:25:28.542431+00:00,2026-03-20,2026Q1,S1A,113,ascending,X2_build_site__v1,positive_control,LINEAR_POWER_GAMMA0,1.119109869003296,155,0.2631103992462158,155
FROZEN,S1A_IW_GRDH_1SDV_20260325T103326_20260325T103355_063783_080530_rtc,2026-03-25T10:33:41.388388+00:00,2026-03-25,2026Q1,S1A,11,ascending,T1_ntt_fdc__v1,treatment,LINEAR_POWER_GAMMA0,2.566946029663086,307,0.8946070671081543,307
FROZEN,S1A_IW_GRDH_1SDV_20260325T103326_20260325T103355_063783_080530_rtc,2026-03-25T10:33:41.388388+00:00,2026-03-25,2026Q1,S1A,11,ascending,C1_hkex_dc__v1,control,LINEAR_POWER_GAMMA0,1.499611496925354,55,0.09475670009851456,55
FROZEN,S1A_IW_GRDH_1SDV_20260325T103326_20260325T103355_063783_080530_rtc,2026-03-25T10:33:41.388388+00:00,2026-03-25,2026Q1,S1A,11,ascending,C2b_amc__v2,positive_control,LINEAR_POWER_GAMMA0,5.306385040283203,260,0.6437883973121643,260
FROZEN,S1A_IW_GRDH_1SDV_20260325T103326_20260325T103355_063783_080530_rtc,2026-03-25T10:33:41.388388+00:00,2026-03-25,2026Q1,S1A,11,ascending,P1_vacant__v1,placebo,LINEAR_POWER_GAMMA0,0.2835436165332794,93,0.06937111914157867,93
FROZEN,S1A_IW_GRDH_1SDV_20260325T103326_20260325T103355_063783_080530_rtc,2026-03-25T10:33:41.388388+00:00,2026-03-25,2026Q1,S1A,11,ascending,X1_build_slab__v1,positive_control,LINEAR_POWER_GAMMA0,0.30115199089050293,67,0.08593065291643143,67
FROZEN,S1A_IW_GRDH_1SDV_20260325T103326_20260325T103355_063783_080530_rtc,2026-03-25T10:33:41.388388+00:00,2026-03-25,2026Q1,S1A,11,ascending,X2_build_site__v1,positive_control,LINEAR_POWER_GAMMA0,0.7102687358856201,155,0.28044021129608154,155
FROZEN,S1A_IW_GRDH_1SDV_20260401T102513_20260401T102542_063885_0808E9_rtc,2026-04-01T10:25:28.440517+00:00,2026-04-01,2026Q2,S1A,113,ascending,T1_ntt_fdc__v1,treatment,LINEAR_POWER_GAMMA0,2.016069173812866,307,0.9918724894523621,307
FROZEN,S1A_IW_GRDH_1SDV_20260401T102513_20260401T102542_063885_0808E9_rtc,2026-04-01T10:25:28.440517+00:00,2026-04-01,2026Q2,S1A,113,ascending,C1_hkex_dc__v1,control,LINEAR_POWER_GAMMA0,0.3794809877872467,55,0.05401831492781639,55
FROZEN,S1A_IW_GRDH_1SDV_20260401T102513_20260401T102542_063885_0808E9_rtc,2026-04-01T10:25:28.440517+00:00,2026-04-01,2026Q2,S1A,113,ascending,C2b_amc__v2,positive_control,LINEAR_POWER_GAMMA0,2.323188304901123,260,0.6556757092475891,260
FROZEN,S1A_IW_GRDH_1SDV_20260401T102513_20260401T102542_063885_0808E9_rtc,2026-04-01T10:25:28.440517+00:00,2026-04-01,2026Q2,S1A,113,ascending,P1_vacant__v1,placebo,LINEAR_POWER_GAMMA0,0.4797948896884918,93,0.07503747940063477,93
FROZEN,S1A_IW_GRDH_1SDV_20260401T102513_20260401T102542_063885_0808E9_rtc,2026-04-01T10:25:28.440517+00:00,2026-04-01,2026Q2,S1A,113,ascending,X1_build_slab__v1,positive_control,LINEAR_POWER_GAMMA0,1.1295229196548462,67,0.1785876750946045,67
FROZEN,S1A_IW_GRDH_1SDV_20260401T102513_20260401T102542_063885_0808E9_rtc,2026-04-01T10:25:28.440517+00:00,2026-04-01,2026Q2,S1A,113,ascending,X2_build_site__v1,positive_control,LINEAR_POWER_GAMMA0,1.3816211223602295,155,0.2755250036716461,155
FROZEN,S1A_IW_GRDH_1SDV_20260406T103326_20260406T103355_063958_080BB5_rtc,2026-04-06T10:33:41.461156+00:00,2026-04-06,2026Q2,S1A,11,ascending,T1_ntt_fdc__v1,treatment,LINEAR_POWER_GAMMA0,3.0055510997772217,307,0.9387275576591492,307
FROZEN,S1A_IW_GRDH_1SDV_20260406T103326_20260406T103355_063958_080BB5_rtc,2026-04-06T10:33:41.461156+00:00,2026-04-06,2026Q2,S1A,11,ascending,C1_hkex_dc__v1,control,LINEAR_POWER_GAMMA0,0.36945146322250366,55,0.09785934537649155,55
FROZEN,S1A_IW_GRDH_1SDV_20260406T103326_20260406T103355_063958_080BB5_rtc,2026-04-06T10:33:41.461156+00:00,2026-04-06,2026Q2,S1A,11,ascending,C2b_amc__v2,positive_control,LINEAR_POWER_GAMMA0,9.128336906433105,260,0.7740485668182373,260
FROZEN,S1A_IW_GRDH_1SDV_20260406T103326_20260406T103355_063958_080BB5_rtc,2026-04-06T10:33:41.461156+00:00,2026-04-06,2026Q2,S1A,11,ascending,P1_vacant__v1,placebo,LINEAR_POWER_GAMMA0,0.369465708732605,93,0.07655250281095505,93
FROZEN,S1A_IW_GRDH_1SDV_20260406T103326_20260406T103355_063958_080BB5_rtc,2026-04-06T10:33:41.461156+00:00,2026-04-06,2026Q2,S1A,11,ascending,X1_build_slab__v1,positive_control,LINEAR_POWER_GAMMA0,0.467113196849823,67,0.11501285433769226,67
FROZEN,S1A_IW_GRDH_1SDV_20260406T103326_20260406T103355_063958_080BB5_rtc,2026-04-06T10:33:41.461156+00:00,2026-04-06,2026Q2,S1A,11,ascending,X2_build_site__v1,positive_control,LINEAR_POWER_GAMMA0,0.9398986101150513,155,0.298600435256958,155
FROZEN,S1A_IW_GRDH_1SDV_20260413T102514_20260413T102543_064060_080F7C_rtc,2026-04-13T10:25:28.741130+00:00,2026-04-13,2026Q2,S1A,113,ascending,T1_ntt_fdc__v1,treatment,LINEAR_POWER_GAMMA0,1.9605379104614258,307,0.913312554359436,307
FROZEN,S1A_IW_GRDH_1SDV_20260413T102514_20260413T102543_064060_080F7C_rtc,2026-04-13T10:25:28.741130+00:00,2026-04-13,2026Q2,S1A,113,ascending,C1_hkex_dc__v1,control,LINEAR_POWER_GAMMA0,0.44683706760406494,55,0.060331009328365326,55
FROZEN,S1A_IW_GRDH_1SDV_20260413T102514_20260413T102543_064060_080F7C_rtc,2026-04-13T10:25:28.741130+00:00,2026-04-13,2026Q2,S1A,113,ascending,C2b_amc__v2,positive_control,LINEAR_POWER_GAMMA0,2.6386117935180664,260,0.5323947668075562,260
FROZEN,S1A_IW_GRDH_1SDV_20260413T102514_20260413T102543_064060_080F7C_rtc,2026-04-13T10:25:28.741130+00:00,2026-04-13,2026Q2,S1A,113,ascending,P1_vacant__v1,placebo,LINEAR_POWER_GAMMA0,0.3617478609085083,93,0.05610762909054756,93
FROZEN,S1A_IW_GRDH_1SDV_20260413T102514_20260413T102543_064060_080F7C_rtc,2026-04-13T10:25:28.741130+00:00,2026-04-13,2026Q2,S1A,113,ascending,X1_build_slab__v1,positive_control,LINEAR_POWER_GAMMA0,1.2397183179855347,67,0.17864581942558289,67
FROZEN,S1A_IW_GRDH_1SDV_20260413T102514_20260413T102543_064060_080F7C_rtc,2026-04-13T10:25:28.741130+00:00,2026-04-13,2026Q2,S1A,113,ascending,X2_build_site__v1,positive_control,LINEAR_POWER_GAMMA0,1.3359569311141968,155,0.31594914197921753,155
FROZEN,S1A_IW_GRDH_1SDV_20260418T103326_20260418T103355_064133_081242_rtc,2026-04-18T10:33:41.477296+00:00,2026-04-18,2026Q2,S1A,11,ascending,T1_ntt_fdc__v1,treatment,LINEAR_POWER_GAMMA0,2.493067502975464,307,0.9188393354415894,307
FROZEN,S1A_IW_GRDH_1SDV_20260418T103326_20260418T103355_064133_081242_rtc,2026-04-18T10:33:41.477296+00:00,2026-04-18,2026Q2,S1A,11,ascending,C1_hkex_dc__v1,control,LINEAR_POWER_GAMMA0,0.5489999651908875,55,0.10007388144731522,55
FROZEN,S1A_IW_GRDH_1SDV_20260418T103326_20260418T103355_064133_081242_rtc,2026-04-18T10:33:41.477296+00:00,2026-04-18,2026Q2,S1A,11,ascending,C2b_amc__v2,positive_control,LINEAR_POWER_GAMMA0,5.698484897613525,260,0.6518930196762085,260
FROZEN,S1A_IW_GRDH_1SDV_20260418T103326_20260418T103355_064133_081242_rtc,2026-04-18T10:33:41.477296+00:00,2026-04-18,2026Q2,S1A,11,ascending,P1_vacant__v1,placebo,LINEAR_POWER_GAMMA0,0.5358295440673828,93,0.08921227604150772,93
FROZEN,S1A_IW_GRDH_1SDV_20260418T103326_20260418T103355_064133_081242_rtc,2026-04-18T10:33:41.477296+00:00,2026-04-18,2026Q2,S1A,11,ascending,X1_build_slab__v1,positive_control,LINEAR_POWER_GAMMA0,0.3889493942260742,67,0.11526399105787277,67
FROZEN,S1A_IW_GRDH_1SDV_20260418T103326_20260418T103355_064133_081242_rtc,2026-04-18T10:33:41.477296+00:00,2026-04-18,2026Q2,S1A,11,ascending,X2_build_site__v1,positive_control,LINEAR_POWER_GAMMA0,1.0251914262771606,155,0.269661009311676,155
FROZEN,S1A_IW_GRDH_1SDV_20260425T102514_20260425T102543_064235_081607_rtc,2026-04-25T10:25:28.871588+00:00,2026-04-25,2026Q2,S1A,113,ascending,T1_ntt_fdc__v1,treatment,LINEAR_POWER_GAMMA0,2.558032512664795,307,0.9755877256393433,307
FROZEN,S1A_IW_GRDH_1SDV_20260425T102514_20260425T102543_064235_081607_rtc,2026-04-25T10:25:28.871588+00:00,2026-04-25,2026Q2,S1A,113,ascending,C1_hkex_dc__v1,control,LINEAR_POWER_GAMMA0,0.5379241108894348,55,0.06933121383190155,55
FROZEN,S1A_IW_GRDH_1SDV_20260425T102514_20260425T102543_064235_081607_rtc,2026-04-25T10:25:28.871588+00:00,2026-04-25,2026Q2,S1A,113,ascending,C2b_amc__v2,positive_control,LINEAR_POWER_GAMMA0,3.2061045169830322,260,0.7635615468025208,260
FROZEN,S1A_IW_GRDH_1SDV_20260425T102514_20260425T102543_064235_081607_rtc,2026-04-25T10:25:28.871588+00:00,2026-04-25,2026Q2,S1A,113,ascending,P1_vacant__v1,placebo,LINEAR_POWER_GAMMA0,0.603759765625,93,0.08556264638900757,93
FROZEN,S1A_IW_GRDH_1SDV_20260425T102514_20260425T102543_064235_081607_rtc,2026-04-25T10:25:28.871588+00:00,2026-04-25,2026Q2,S1A,113,ascending,X1_build_slab__v1,positive_control,LINEAR_POWER_GAMMA0,1.1973100900650024,67,0.21577012538909912,67
FROZEN,S1A_IW_GRDH_1SDV_20260425T102514_20260425T102543_064235_081607_rtc,2026-04-25T10:25:28.871588+00:00,2026-04-25,2026Q2,S1A,113,ascending,X2_build_site__v1,positive_control,LINEAR_POWER_GAMMA0,1.7792582511901855,155,0.685619592666626,155
FROZEN,S1A_IW_GRDH_1SDV_20260430T103326_20260430T103355_064308_0818C5_rtc,2026-04-30T10:33:41.244010+00:00,2026-04-30,2026Q2,S1A,11,ascending,T1_ntt_fdc__v1,treatment,LINEAR_POWER_GAMMA0,2.7018582820892334,307,0.8111771941184998,307
FROZEN,S1A_IW_GRDH_1SDV_20260430T103326_20260430T103355_064308_0818C5_rtc,2026-04-30T10:33:41.244010+00:00,2026-04-30,2026Q2,S1A,11,ascending,C1_hkex_dc__v1,control,LINEAR_POWER_GAMMA0,0.8446832299232483,55,0.08376260846853256,55
FROZEN,S1A_IW_GRDH_1SDV_20260430T103326_20260430T103355_064308_0818C5_rtc,2026-04-30T10:33:41.244010+00:00,2026-04-30,2026Q2,S1A,11,ascending,C2b_amc__v2,positive_control,LINEAR_POWER_GAMMA0,6.29215669631958,260,0.6978975534439087,260
FROZEN,S1A_IW_GRDH_1SDV_20260430T103326_20260430T103355_064308_0818C5_rtc,2026-04-30T10:33:41.244010+00:00,2026-04-30,2026Q2,S1A,11,ascending,P1_vacant__v1,placebo,LINEAR_POWER_GAMMA0,0.3535393476486206,93,0.07786879688501358,93
FROZEN,S1A_IW_GRDH_1SDV_20260430T103326_20260430T103355_064308_0818C5_rtc,2026-04-30T10:33:41.244010+00:00,2026-04-30,2026Q2,S1A,11,ascending,X1_build_slab__v1,positive_control,LINEAR_POWER_GAMMA0,0.42974552512168884,67,0.13456550240516663,67
FROZEN,S1A_IW_GRDH_1SDV_20260430T103326_20260430T103355_064308_0818C5_rtc,2026-04-30T10:33:41.244010+00:00,2026-04-30,2026Q2,S1A,11,ascending,X2_build_site__v1,positive_control,LINEAR_POWER_GAMMA0,1.042310118675232,155,0.37836840748786926,155
FROZEN,S1A_IW_GRDH_1SDV_20260507T102513_20260507T102542_064410_081C82_rtc,2026-05-07T10:25:28.310835+00:00,2026-05-07,2026Q2,S1A,113,ascending,T1_ntt_fdc__v1,treatment,LINEAR_POWER_GAMMA0,2.086671829223633,307,0.9265162348747253,307
FROZEN,S1A_IW_GRDH_1SDV_20260507T102513_20260507T102542_064410_081C82_rtc,2026-05-07T10:25:28.310835+00:00,2026-05-07,2026Q2,S1A,113,ascending,C1_hkex_dc__v1,control,LINEAR_POWER_GAMMA0,0.48806315660476685,55,0.06286834925413132,55
FROZEN,S1A_IW_GRDH_1SDV_20260507T102513_20260507T102542_064410_081C82_rtc,2026-05-07T10:25:28.310835+00:00,2026-05-07,2026Q2,S1A,113,ascending,C2b_amc__v2,positive_control,LINEAR_POWER_GAMMA0,2.52998948097229,260,0.8778178691864014,260
FROZEN,S1A_IW_GRDH_1SDV_20260507T102513_20260507T102542_064410_081C82_rtc,2026-05-07T10:25:28.310835+00:00,2026-05-07,2026Q2,S1A,113,ascending,P1_vacant__v1,placebo,LINEAR_POWER_GAMMA0,0.484849750995636,93,0.08325841277837753,93
FROZEN,S1A_IW_GRDH_1SDV_20260507T102513_20260507T102542_064410_081C82_rtc,2026-05-07T10:25:28.310835+00:00,2026-05-07,2026Q2,S1A,113,ascending,X1_build_slab__v1,positive_control,LINEAR_POWER_GAMMA0,1.3666132688522339,67,0.24866650998592377,67
FROZEN,S1A_IW_GRDH_1SDV_20260507T102513_20260507T102542_064410_081C82_rtc,2026-05-07T10:25:28.310835+00:00,2026-05-07,2026Q2,S1A,113,ascending,X2_build_site__v1,positive_control,LINEAR_POWER_GAMMA0,1.6332848072052002,155,0.36964866518974304,155
FROZEN,S1A_IW_GRDH_1SDV_20260524T103325_20260524T103354_064658_08252A_rtc,2026-05-24T10:33:40.401232+00:00,2026-05-24,2026Q2,S1A,11,ascending,T1_ntt_fdc__v1,treatment,LINEAR_POWER_GAMMA0,1.985361099243164,307,0.6941203474998474,307
FROZEN,S1A_IW_GRDH_1SDV_20260524T103325_20260524T103354_064658_08252A_rtc,2026-05-24T10:33:40.401232+00:00,2026-05-24,2026Q2,S1A,11,ascending,C1_hkex_dc__v1,control,LINEAR_POWER_GAMMA0,0.5202153921127319,55,0.10346204042434692,55
FROZEN,S1A_IW_GRDH_1SDV_20260524T103325_20260524T103354_064658_08252A_rtc,2026-05-24T10:33:40.401232+00:00,2026-05-24,2026Q2,S1A,11,ascending,C2b_amc__v2,positive_control,LINEAR_POWER_GAMMA0,5.97080659866333,260,0.5850234031677246,260
FROZEN,S1A_IW_GRDH_1SDV_20260524T103325_20260524T103354_064658_08252A_rtc,2026-05-24T10:33:40.401232+00:00,2026-05-24,2026Q2,S1A,11,ascending,P1_vacant__v1,placebo,LINEAR_POWER_GAMMA0,0.46214330196380615,93,0.08101283013820648,93
FROZEN,S1A_IW_GRDH_1SDV_20260524T103325_20260524T103354_064658_08252A_rtc,2026-05-24T10:33:40.401232+00:00,2026-05-24,2026Q2,S1A,11,ascending,X1_build_slab__v1,positive_control,LINEAR_POWER_GAMMA0,0.5894036889076233,67,0.16385586559772491,67
FROZEN,S1A_IW_GRDH_1SDV_20260524T103325_20260524T103354_064658_08252A_rtc,2026-05-24T10:33:40.401232+00:00,2026-05-24,2026Q2,S1A,11,ascending,X2_build_site__v1,positive_control,LINEAR_POWER_GAMMA0,1.3980461359024048,155,0.40618932247161865,155
FROZEN,S1A_IW_GRDH_1SDV_20260531T102512_20260531T102541_064760_0828C6_rtc,2026-05-31T10:25:27.274110+00:00,2026-05-31,2026Q2,S1A,113,ascending,T1_ntt_fdc__v1,treatment,LINEAR_POWER_GAMMA0,2.5327978134155273,307,0.9974247217178345,307
FROZEN,S1A_IW_GRDH_1SDV_20260531T102512_20260531T102541_064760_0828C6_rtc,2026-05-31T10:25:27.274110+00:00,2026-05-31,2026Q2,S1A,113,ascending,C1_hkex_dc__v1,control,LINEAR_POWER_GAMMA0,1.369014024734497,55,0.06334052979946136,55
FROZEN,S1A_IW_GRDH_1SDV_20260531T102512_20260531T102541_064760_0828C6_rtc,2026-05-31T10:25:27.274110+00:00,2026-05-31,2026Q2,S1A,113,ascending,C2b_amc__v2,positive_control,LINEAR_POWER_GAMMA0,2.6305387020111084,260,0.7818939089775085,260
FROZEN,S1A_IW_GRDH_1SDV_20260531T102512_20260531T102541_064760_0828C6_rtc,2026-05-31T10:25:27.274110+00:00,2026-05-31,2026Q2,S1A,113,ascending,P1_vacant__v1,placebo,LINEAR_POWER_GAMMA0,1.116212248802185,93,0.11185716837644577,93
FROZEN,S1A_IW_GRDH_1SDV_20260531T102512_20260531T102541_064760_0828C6_rtc,2026-05-31T10:25:27.274110+00:00,2026-05-31,2026Q2,S1A,113,ascending,X1_build_slab__v1,positive_control,LINEAR_POWER_GAMMA0,2.657423973083496,67,0.6483871936798096,67
FROZEN,S1A_IW_GRDH_1SDV_20260531T102512_20260531T102541_064760_0828C6_rtc,2026-05-31T10:25:27.274110+00:00,2026-05-31,2026Q2,S1A,113,ascending,X2_build_site__v1,positive_control,LINEAR_POWER_GAMMA0,2.6293413639068604,155,0.666282057762146,155
FROZEN,S1A_IW_GRDH_1SDV_20260605T103325_20260605T103354_064833_082B56_rtc,2026-06-05T10:33:39.770482+00:00,2026-06-05,2026Q2,S1A,11,ascending,T1_ntt_fdc__v1,treatment,LINEAR_POWER_GAMMA0,1.9152320623397827,307,0.7491998672485352,307
FROZEN,S1A_IW_GRDH_1SDV_20260605T103325_20260605T103354_064833_082B56_rtc,2026-06-05T10:33:39.770482+00:00,2026-06-05,2026Q2,S1A,11,ascending,C1_hkex_dc__v1,control,LINEAR_POWER_GAMMA0,0.5725165605545044,55,0.07934422045946121,55
FROZEN,S1A_IW_GRDH_1SDV_20260605T103325_20260605T103354_064833_082B56_rtc,2026-06-05T10:33:39.770482+00:00,2026-06-05,2026Q2,S1A,11,ascending,C2b_amc__v2,positive_control,LINEAR_POWER_GAMMA0,5.381545066833496,260,0.5655721426010132,260
FROZEN,S1A_IW_GRDH_1SDV_20260605T103325_20260605T103354_064833_082B56_rtc,2026-06-05T10:33:39.770482+00:00,2026-06-05,2026Q2,S1A,11,ascending,P1_vacant__v1,placebo,LINEAR_POWER_GAMMA0,0.33140090107917786,93,0.07994186878204346,93
FROZEN,S1A_IW_GRDH_1SDV_20260605T103325_20260605T103354_064833_082B56_rtc,2026-06-05T10:33:39.770482+00:00,2026-06-05,2026Q2,S1A,11,ascending,X1_build_slab__v1,positive_control,LINEAR_POWER_GAMMA0,0.4724225103855133,67,0.14786866307258606,67
FROZEN,S1A_IW_GRDH_1SDV_20260605T103325_20260605T103354_064833_082B56_rtc,2026-06-05T10:33:39.770482+00:00,2026-06-05,2026Q2,S1A,11,ascending,X2_build_site__v1,positive_control,LINEAR_POWER_GAMMA0,1.5622923374176025,155,0.42883971333503723,155
FROZEN,S1A_IW_GRDH_1SDV_20260617T103324_20260617T103353_065008_083169_rtc,2026-06-17T10:33:39.131926+00:00,2026-06-17,2026Q2,S1A,11,ascending,T1_ntt_fdc__v1,treatment,LINEAR_POWER_GAMMA0,3.868912696838379,307,0.8828093409538269,307
FROZEN,S1A_IW_GRDH_1SDV_20260617T103324_20260617T103353_065008_083169_rtc,2026-06-17T10:33:39.131926+00:00,2026-06-17,2026Q2,S1A,11,ascending,C1_hkex_dc__v1,control,LINEAR_POWER_GAMMA0,0.7234162092208862,55,0.0945662334561348,55
FROZEN,S1A_IW_GRDH_1SDV_20260617T103324_20260617T103353_065008_083169_rtc,2026-06-17T10:33:39.131926+00:00,2026-06-17,2026Q2,S1A,11,ascending,C2b_amc__v2,positive_control,LINEAR_POWER_GAMMA0,14.996061325073242,260,1.0571014881134033,260
FROZEN,S1A_IW_GRDH_1SDV_20260617T103324_20260617T103353_065008_083169_rtc,2026-06-17T10:33:39.131926+00:00,2026-06-17,2026Q2,S1A,11,ascending,P1_vacant__v1,placebo,LINEAR_POWER_GAMMA0,0.5313031673431396,93,0.09361368417739868,93
FROZEN,S1A_IW_GRDH_1SDV_20260617T103324_20260617T103353_065008_083169_rtc,2026-06-17T10:33:39.131926+00:00,2026-06-17,2026Q2,S1A,11,ascending,X1_build_slab__v1,positive_control,LINEAR_POWER_GAMMA0,6.7563605308532715,67,1.0829328298568726,67
FROZEN,S1A_IW_GRDH_1SDV_20260617T103324_20260617T103353_065008_083169_rtc,2026-06-17T10:33:39.131926+00:00,2026-06-17,2026Q2,S1A,11,ascending,X2_build_site__v1,positive_control,LINEAR_POWER_GAMMA0,20.75988006591797,155,3.3820154666900635,155
FROZEN,S1A_IW_GRDH_1SDV_20260624T102511_20260624T102540_065110_083506_rtc,2026-06-24T10:25:25.862756+00:00,2026-06-24,2026Q2,S1A,113,ascending,T1_ntt_fdc__v1,treatment,LINEAR_POWER_GAMMA0,2.3069586753845215,307,0.9769724607467651,307
FROZEN,S1A_IW_GRDH_1SDV_20260624T102511_20260624T102540_065110_083506_rtc,2026-06-24T10:25:25.862756+00:00,2026-06-24,2026Q2,S1A,113,ascending,C1_hkex_dc__v1,control,LINEAR_POWER_GAMMA0,0.7562726736068726,55,0.06570668518543243,55
FROZEN,S1A_IW_GRDH_1SDV_20260624T102511_20260624T102540_065110_083506_rtc,2026-06-24T10:25:25.862756+00:00,2026-06-24,2026Q2,S1A,113,ascending,C2b_amc__v2,positive_control,LINEAR_POWER_GAMMA0,2.581730842590332,260,0.7687594294548035,260
FROZEN,S1A_IW_GRDH_1SDV_20260624T102511_20260624T102540_065110_083506_rtc,2026-06-24T10:25:25.862756+00:00,2026-06-24,2026Q2,S1A,113,ascending,P1_vacant__v1,placebo,LINEAR_POWER_GAMMA0,1.5189626216888428,93,0.14184735715389252,93
FROZEN,S1A_IW_GRDH_1SDV_20260624T102511_20260624T102540_065110_083506_rtc,2026-06-24T10:25:25.862756+00:00,2026-06-24,2026Q2,S1A,113,ascending,X1_build_slab__v1,positive_control,LINEAR_POWER_GAMMA0,1.4981454610824585,67,0.5346954464912415,67
FROZEN,S1A_IW_GRDH_1SDV_20260624T102511_20260624T102540_065110_083506_rtc,2026-06-24T10:25:25.862756+00:00,2026-06-24,2026Q2,S1A,113,ascending,X2_build_site__v1,positive_control,LINEAR_POWER_GAMMA0,1.7855480909347534,155,0.6421454548835754,155
EXTENSION,S1D_IW_GRDH_1SDV_20260701T102431_20260701T102500_003479_006263_rtc,2026-07-01T10:24:45.675630+00:00,2026-07-01,2026Q3,S1D,113,ascending,T1_ntt_fdc__v1,treatment,LINEAR_POWER_GAMMA0,1.843678593635559,307,0.8978252410888672,307
EXTENSION,S1D_IW_GRDH_1SDV_20260701T102431_20260701T102500_003479_006263_rtc,2026-07-01T10:24:45.675630+00:00,2026-07-01,2026Q3,S1D,113,ascending,C1_hkex_dc__v1,control,LINEAR_POWER_GAMMA0,0.37946200370788574,55,0.05021447315812111,55
EXTENSION,S1D_IW_GRDH_1SDV_20260701T102431_20260701T102500_003479_006263_rtc,2026-07-01T10:24:45.675630+00:00,2026-07-01,2026Q3,S1D,113,ascending,C2b_amc__v2,positive_control,LINEAR_POWER_GAMMA0,2.863833427429199,260,0.6273534893989563,260
EXTENSION,S1D_IW_GRDH_1SDV_20260701T102431_20260701T102500_003479_006263_rtc,2026-07-01T10:24:45.675630+00:00,2026-07-01,2026Q3,S1D,113,ascending,P1_vacant__v1,placebo,LINEAR_POWER_GAMMA0,0.6973963379859924,93,0.10308302938938141,93
EXTENSION,S1D_IW_GRDH_1SDV_20260701T102431_20260701T102500_003479_006263_rtc,2026-07-01T10:24:45.675630+00:00,2026-07-01,2026Q3,S1D,113,ascending,X1_build_slab__v1,positive_control,LINEAR_POWER_GAMMA0,1.9465762376785278,67,0.5687820315361023,67
EXTENSION,S1D_IW_GRDH_1SDV_20260701T102431_20260701T102500_003479_006263_rtc,2026-07-01T10:24:45.675630+00:00,2026-07-01,2026Q3,S1D,113,ascending,X2_build_site__v1,positive_control,LINEAR_POWER_GAMMA0,2.384826183319092,155,0.6102087497711182,155
EXTENSION,S1D_IW_GRDH_1SDV_20260706T103244_20260706T103313_003552_0064EE_rtc,2026-07-06T10:32:58.700182+00:00,2026-07-06,2026Q3,S1D,11,ascending,T1_ntt_fdc__v1,treatment,LINEAR_POWER_GAMMA0,3.5699052810668945,307,1.0677127838134766,307
EXTENSION,S1D_IW_GRDH_1SDV_20260706T103244_20260706T103313_003552_0064EE_rtc,2026-07-06T10:32:58.700182+00:00,2026-07-06,2026Q3,S1D,11,ascending,C1_hkex_dc__v1,control,LINEAR_POWER_GAMMA0,0.41082048416137695,55,0.06760804355144501,55
EXTENSION,S1D_IW_GRDH_1SDV_20260706T103244_20260706T103313_003552_0064EE_rtc,2026-07-06T10:32:58.700182+00:00,2026-07-06,2026Q3,S1D,11,ascending,C2b_amc__v2,positive_control,LINEAR_POWER_GAMMA0,13.558701515197754,260,1.0609705448150635,260
EXTENSION,S1D_IW_GRDH_1SDV_20260706T103244_20260706T103313_003552_0064EE_rtc,2026-07-06T10:32:58.700182+00:00,2026-07-06,2026Q3,S1D,11,ascending,P1_vacant__v1,placebo,LINEAR_POWER_GAMMA0,0.39343345165252686,93,0.0940554141998291,93
EXTENSION,S1D_IW_GRDH_1SDV_20260706T103244_20260706T103313_003552_0064EE_rtc,2026-07-06T10:32:58.700182+00:00,2026-07-06,2026Q3,S1D,11,ascending,X1_build_slab__v1,positive_control,LINEAR_POWER_GAMMA0,2.140471935272217,67,0.3513656556606293,67
EXTENSION,S1D_IW_GRDH_1SDV_20260706T103244_20260706T103313_003552_0064EE_rtc,2026-07-06T10:32:58.700182+00:00,2026-07-06,2026Q3,S1D,11,ascending,X2_build_site__v1,positive_control,LINEAR_POWER_GAMMA0,7.136824131011963,155,1.1805834770202637,155
EXTENSION,S1D_IW_GRDH_1SDV_20260713T102431_20260713T102501_003654_006858_rtc,2026-07-13T10:24:46.459994+00:00,2026-07-13,2026Q3,S1D,113,ascending,T1_ntt_fdc__v1,treatment,LINEAR_POWER_GAMMA0,1.6636600494384766,307,0.9019083380699158,307
EXTENSION,S1D_IW_GRDH_1SDV_20260713T102431_20260713T102501_003654_006858_rtc,2026-07-13T10:24:46.459994+00:00,2026-07-13,2026Q3,S1D,113,ascending,C1_hkex_dc__v1,control,LINEAR_POWER_GAMMA0,0.4125395715236664,55,0.052191056311130524,55
EXTENSION,S1D_IW_GRDH_1SDV_20260713T102431_20260713T102501_003654_006858_rtc,2026-07-13T10:24:46.459994+00:00,2026-07-13,2026Q3,S1D,113,ascending,C2b_amc__v2,positive_control,LINEAR_POWER_GAMMA0,2.636226177215576,260,0.5679579377174377,260
EXTENSION,S1D_IW_GRDH_1SDV_20260713T102431_20260713T102501_003654_006858_rtc,2026-07-13T10:24:46.459994+00:00,2026-07-13,2026Q3,S1D,113,ascending,P1_vacant__v1,placebo,LINEAR_POWER_GAMMA0,0.33819836378097534,93,0.08042415976524353,93
EXTENSION,S1D_IW_GRDH_1SDV_20260713T102431_20260713T102501_003654_006858_rtc,2026-07-13T10:24:46.459994+00:00,2026-07-13,2026Q3,S1D,113,ascending,X1_build_slab__v1,positive_control,LINEAR_POWER_GAMMA0,1.8062939643859863,67,0.3496828079223633,67
EXTENSION,S1D_IW_GRDH_1SDV_20260713T102431_20260713T102501_003654_006858_rtc,2026-07-13T10:24:46.459994+00:00,2026-07-13,2026Q3,S1D,113,ascending,X2_build_site__v1,positive_control,LINEAR_POWER_GAMMA0,2.379578113555908,155,0.5367144346237183,155
EXTENSION,S1D_IW_GRDH_1SDV_20260718T103244_20260718T103314_003727_006AE0_rtc,2026-07-18T10:32:59.622233+00:00,2026-07-18,2026Q3,S1D,11,ascending,T1_ntt_fdc__v1,treatment,LINEAR_POWER_GAMMA0,2.934166431427002,307,0.9045470952987671,307
EXTENSION,S1D_IW_GRDH_1SDV_20260718T103244_20260718T103314_003727_006AE0_rtc,2026-07-18T10:32:59.622233+00:00,2026-07-18,2026Q3,S1D,11,ascending,C1_hkex_dc__v1,control,LINEAR_POWER_GAMMA0,0.3997453451156616,55,0.07177813351154327,55
EXTENSION,S1D_IW_GRDH_1SDV_20260718T103244_20260718T103314_003727_006AE0_rtc,2026-07-18T10:32:59.622233+00:00,2026-07-18,2026Q3,S1D,11,ascending,C2b_amc__v2,positive_control,LINEAR_POWER_GAMMA0,10.335186958312988,260,0.8982358574867249,260
EXTENSION,S1D_IW_GRDH_1SDV_20260718T103244_20260718T103314_003727_006AE0_rtc,2026-07-18T10:32:59.622233+00:00,2026-07-18,2026Q3,S1D,11,ascending,P1_vacant__v1,placebo,LINEAR_POWER_GAMMA0,0.32163646817207336,93,0.07500254362821579,93
EXTENSION,S1D_IW_GRDH_1SDV_20260718T103244_20260718T103314_003727_006AE0_rtc,2026-07-18T10:32:59.622233+00:00,2026-07-18,2026Q3,S1D,11,ascending,X1_build_slab__v1,positive_control,LINEAR_POWER_GAMMA0,1.676985740661621,67,0.3549172282218933,67
EXTENSION,S1D_IW_GRDH_1SDV_20260718T103244_20260718T103314_003727_006AE0_rtc,2026-07-18T10:32:59.622233+00:00,2026-07-18,2026Q3,S1D,11,ascending,X2_build_site__v1,positive_control,LINEAR_POWER_GAMMA0,4.206523895263672,155,1.0940885543823242,155
EXTENSION,S1D_IW_GRDH_1SDV_20260725T102432_20260725T102501_003829_006E57_rtc,2026-07-25T10:24:47.331730+00:00,2026-07-25,2026Q3,S1D,113,ascending,T1_ntt_fdc__v1,treatment,LINEAR_POWER_GAMMA0,2.141535758972168,307,0.9514227509498596,307
EXTENSION,S1D_IW_GRDH_1SDV_20260725T102432_20260725T102501_003829_006E57_rtc,2026-07-25T10:24:47.331730+00:00,2026-07-25,2026Q3,S1D,113,ascending,C1_hkex_dc__v1,control,LINEAR_POWER_GAMMA0,0.40027081966400146,55,0.05725880712270737,55
EXTENSION,S1D_IW_GRDH_1SDV_20260725T102432_20260725T102501_003829_006E57_rtc,2026-07-25T10:24:47.331730+00:00,2026-07-25,2026Q3,S1D,113,ascending,C2b_amc__v2,positive_control,LINEAR_POWER_GAMMA0,3.285916805267334,260,0.7547216415405273,260
EXTENSION,S1D_IW_GRDH_1SDV_20260725T102432_20260725T102501_003829_006E57_rtc,2026-07-25T10:24:47.331730+00:00,2026-07-25,2026Q3,S1D,113,ascending,P1_vacant__v1,placebo,LINEAR_POWER_GAMMA0,0.3457443118095398,93,0.05957946553826332,93
EXTENSION,S1D_IW_GRDH_1SDV_20260725T102432_20260725T102501_003829_006E57_rtc,2026-07-25T10:24:47.331730+00:00,2026-07-25,2026Q3,S1D,113,ascending,X1_build_slab__v1,positive_control,LINEAR_POWER_GAMMA0,1.3440684080123901,67,0.46284326910972595,67
EXTENSION,S1D_IW_GRDH_1SDV_20260725T102432_20260725T102501_003829_006E57_rtc,2026-07-25T10:24:47.331730+00:00,2026-07-25,2026Q3,S1D,113,ascending,X2_build_site__v1,positive_control,LINEAR_POWER_GAMMA0,1.7061033248901367,155,0.5628567337989807,155
EXTENSION,S1D_IW_GRDH_1SDV_20260730T103245_20260730T103314_003902_0070E3_rtc,2026-07-30T10:33:00.158449+00:00,2026-07-30,2026Q3,S1D,11,ascending,T1_ntt_fdc__v1,treatment,LINEAR_POWER_GAMMA0,3.830554485321045,307,1.0449672937393188,307
EXTENSION,S1D_IW_GRDH_1SDV_20260730T103245_20260730T103314_003902_0070E3_rtc,2026-07-30T10:33:00.158449+00:00,2026-07-30,2026Q3,S1D,11,ascending,C1_hkex_dc__v1,control,LINEAR_POWER_GAMMA0,0.31836509704589844,55,0.08152709156274796,55
EXTENSION,S1D_IW_GRDH_1SDV_20260730T103245_20260730T103314_003902_0070E3_rtc,2026-07-30T10:33:00.158449+00:00,2026-07-30,2026Q3,S1D,11,ascending,C2b_amc__v2,positive_control,LINEAR_POWER_GAMMA0,13.228373527526855,260,1.1384512186050415,260
EXTENSION,S1D_IW_GRDH_1SDV_20260730T103245_20260730T103314_003902_0070E3_rtc,2026-07-30T10:33:00.158449+00:00,2026-07-30,2026Q3,S1D,11,ascending,P1_vacant__v1,placebo,LINEAR_POWER_GAMMA0,0.4069139361381531,93,0.10292420536279678,93
EXTENSION,S1D_IW_GRDH_1SDV_20260730T103245_20260730T103314_003902_0070E3_rtc,2026-07-30T10:33:00.158449+00:00,2026-07-30,2026Q3,S1D,11,ascending,X1_build_slab__v1,positive_control,LINEAR_POWER_GAMMA0,1.488502860069275,67,0.2780221700668335,67
EXTENSION,S1D_IW_GRDH_1SDV_20260730T103245_20260730T103314_003902_0070E3_rtc,2026-07-30T10:33:00.158449+00:00,2026-07-30,2026Q3,S1D,11,ascending,X2_build_site__v1,positive_control,LINEAR_POWER_GAMMA0,3.571296215057373,155,0.7355477809906006,155
EXTENSION,S1D_IW_GRDH_1SDV_20260806T102449_20260806T102518_004004_00746C_rtc,2026-08-06T10:25:04.226797+00:00,2026-08-06,2026Q3,S1D,113,ascending,T1_ntt_fdc__v1,treatment,LINEAR_POWER_GAMMA0,1.7819737195968628,307,0.9686003923416138,307
EXTENSION,S1D_IW_GRDH_1SDV_20260806T102449_20260806T102518_004004_00746C_rtc,2026-08-06T10:25:04.226797+00:00,2026-08-06,2026Q3,S1D,113,ascending,C1_hkex_dc__v1,control,LINEAR_POWER_GAMMA0,0.32881924510002136,55,0.06590801477432251,55
EXTENSION,S1D_IW_GRDH_1SDV_20260806T102449_20260806T102518_004004_00746C_rtc,2026-08-06T10:25:04.226797+00:00,2026-08-06,2026Q3,S1D,113,ascending,C2b_amc__v2,positive_control,LINEAR_POWER_GAMMA0,2.4855618476867676,260,0.5460411906242371,260
EXTENSION,S1D_IW_GRDH_1SDV_20260806T102449_20260806T102518_004004_00746C_rtc,2026-08-06T10:25:04.226797+00:00,2026-08-06,2026Q3,S1D,113,ascending,P1_vacant__v1,placebo,LINEAR_POWER_GAMMA0,0.30708369612693787,93,0.08068772405385971,93
EXTENSION,S1D_IW_GRDH_1SDV_20260806T102449_20260806T102518_004004_00746C_rtc,2026-08-06T10:25:04.226797+00:00,2026-08-06,2026Q3,S1D,113,ascending,X1_build_slab__v1,positive_control,LINEAR_POWER_GAMMA0,1.508528232574463,67,0.4653477072715759,67
EXTENSION,S1D_IW_GRDH_1SDV_20260806T102449_20260806T102518_004004_00746C_rtc,2026-08-06T10:25:04.226797+00:00,2026-08-06,2026Q3,S1D,113,ascending,X2_build_site__v1,positive_control,LINEAR_POWER_GAMMA0,1.7115179300308228,155,0.5137853622436523,155
EXTENSION,S1D_IW_GRDH_1SDV_20260811T103246_20260811T103315_004077_0076F2_rtc,2026-08-11T10:33:00.744261+00:00,2026-08-11,2026Q3,S1D,11,ascending,T1_ntt_fdc__v1,treatment,LINEAR_POWER_GAMMA0,2.1827292442321777,307,0.804561197757721,307
EXTENSION,S1D_IW_GRDH_1SDV_20260811T103246_20260811T103315_004077_0076F2_rtc,2026-08-11T10:33:00.744261+00:00,2026-08-11,2026Q3,S1D,11,ascending,C1_hkex_dc__v1,control,LINEAR_POWER_GAMMA0,0.2682744264602661,55,0.0823199599981308,55
EXTENSION,S1D_IW_GRDH_1SDV_20260811T103246_20260811T103315_004077_0076F2_rtc,2026-08-11T10:33:00.744261+00:00,2026-08-11,2026Q3,S1D,11,ascending,C2b_amc__v2,positive_control,LINEAR_POWER_GAMMA0,6.016032695770264,260,0.6446449756622314,260
EXTENSION,S1D_IW_GRDH_1SDV_20260811T103246_20260811T103315_004077_0076F2_rtc,2026-08-11T10:33:00.744261+00:00,2026-08-11,2026Q3,S1D,11,ascending,P1_vacant__v1,placebo,LINEAR_POWER_GAMMA0,0.43722251057624817,93,0.07399317622184753,93
EXTENSION,S1D_IW_GRDH_1SDV_20260811T103246_20260811T103315_004077_0076F2_rtc,2026-08-11T10:33:00.744261+00:00,2026-08-11,2026Q3,S1D,11,ascending,X1_build_slab__v1,positive_control,LINEAR_POWER_GAMMA0,0.5937804579734802,67,0.16480474174022675,67
EXTENSION,S1D_IW_GRDH_1SDV_20260811T103246_20260811T103315_004077_0076F2_rtc,2026-08-11T10:33:00.744261+00:00,2026-08-11,2026Q3,S1D,11,ascending,X2_build_site__v1,positive_control,LINEAR_POWER_GAMMA0,1.2746303081512451,155,0.5076953768730164,155
EXTENSION,S1D_IW_GRDH_1SDV_20260818T102450_20260818T102519_004179_007A71_rtc,2026-08-18T10:25:04.711718+00:00,2026-08-18,2026Q3,S1D,113,ascending,T1_ntt_fdc__v1,treatment,LINEAR_POWER_GAMMA0,1.7979867458343506,307,0.8497662544250488,307
EXTENSION,S1D_IW_GRDH_1SDV_20260818T102450_20260818T102519_004179_007A71_rtc,2026-08-18T10:25:04.711718+00:00,2026-08-18,2026Q3,S1D,113,ascending,C1_hkex_dc__v1,control,LINEAR_POWER_GAMMA0,0.3907565474510193,55,0.07421781867742538,55
EXTENSION,S1D_IW_GRDH_1SDV_20260818T102450_20260818T102519_004179_007A71_rtc,2026-08-18T10:25:04.711718+00:00,2026-08-18,2026Q3,S1D,113,ascending,C2b_amc__v2,positive_control,LINEAR_POWER_GAMMA0,2.576171398162842,260,0.5242390632629395,260
EXTENSION,S1D_IW_GRDH_1SDV_20260818T102450_20260818T102519_004179_007A71_rtc,2026-08-18T10:25:04.711718+00:00,2026-08-18,2026Q3,S1D,113,ascending,P1_vacant__v1,placebo,LINEAR_POWER_GAMMA0,0.2811475694179535,93,0.07076836377382278,93
EXTENSION,S1D_IW_GRDH_1SDV_20260818T102450_20260818T102519_004179_007A71_rtc,2026-08-18T10:25:04.711718+00:00,2026-08-18,2026Q3,S1D,113,ascending,X1_build_slab__v1,positive_control,LINEAR_POWER_GAMMA0,1.6220718622207642,67,0.4752906560897827,67
EXTENSION,S1D_IW_GRDH_1SDV_20260818T102450_20260818T102519_004179_007A71_rtc,2026-08-18T10:25:04.711718+00:00,2026-08-18,2026Q3,S1D,113,ascending,X2_build_site__v1,positive_control,LINEAR_POWER_GAMMA0,1.6683917045593262,155,0.4846227467060089,155
EXTENSION,S1D_IW_GRDH_1SDV_20260823T103246_20260823T103327_004252_007D11_rtc,2026-08-23T10:33:07.029275+00:00,2026-08-23,2026Q3,S1D,11,ascending,T1_ntt_fdc__v1,treatment,LINEAR_POWER_GAMMA0,2.7746219635009766,307,0.9759389162063599,307
EXTENSION,S1D_IW_GRDH_1SDV_20260823T103246_20260823T103327_004252_007D11_rtc,2026-08-23T10:33:07.029275+00:00,2026-08-23,2026Q3,S1D,11,ascending,C1_hkex_dc__v1,control,LINEAR_POWER_GAMMA0,0.3430265188217163,55,0.08261940628290176,55
EXTENSION,S1D_IW_GRDH_1SDV_20260823T103246_20260823T103327_004252_007D11_rtc,2026-08-23T10:33:07.029275+00:00,2026-08-23,2026Q3,S1D,11,ascending,C2b_amc__v2,positive_control,LINEAR_POWER_GAMMA0,7.0868940353393555,260,0.7635435461997986,260
EXTENSION,S1D_IW_GRDH_1SDV_20260823T103246_20260823T103327_004252_007D11_rtc,2026-08-23T10:33:07.029275+00:00,2026-08-23,2026Q3,S1D,11,ascending,P1_vacant__v1,placebo,LINEAR_POWER_GAMMA0,0.3029620349407196,93,0.08821436017751694,93
EXTENSION,S1D_IW_GRDH_1SDV_20260823T103246_20260823T103327_004252_007D11_rtc,2026-08-23T10:33:07.029275+00:00,2026-08-23,2026Q3,S1D,11,ascending,X1_build_slab__v1,positive_control,LINEAR_POWER_GAMMA0,2.473910093307495,67,0.40787869691848755,67
EXTENSION,S1D_IW_GRDH_1SDV_20260823T103246_20260823T103327_004252_007D11_rtc,2026-08-23T10:33:07.029275+00:00,2026-08-23,2026Q3,S1D,11,ascending,X2_build_site__v1,positive_control,LINEAR_POWER_GAMMA0,3.3845033645629883,155,0.6862246990203857,155
EXTENSION,S1D_IW_GRDH_1SDV_20260830T102450_20260830T102520_004354_0080A0_rtc,2026-08-30T10:25:05.440591+00:00,2026-08-30,2026Q3,S1D,113,ascending,T1_ntt_fdc__v1,treatment,LINEAR_POWER_GAMMA0,2.020660400390625,307,0.935137927532196,307
EXTENSION,S1D_IW_GRDH_1SDV_20260830T102450_20260830T102520_004354_0080A0_rtc,2026-08-30T10:25:05.440591+00:00,2026-08-30,2026Q3,S1D,113,ascending,C1_hkex_dc__v1,control,LINEAR_POWER_GAMMA0,0.3774276673793793,55,0.05384204164147377,55
EXTENSION,S1D_IW_GRDH_1SDV_20260830T102450_20260830T102520_004354_0080A0_rtc,2026-08-30T10:25:05.440591+00:00,2026-08-30,2026Q3,S1D,113,ascending,C2b_amc__v2,positive_control,LINEAR_POWER_GAMMA0,2.8505828380584717,260,0.5580421090126038,260
EXTENSION,S1D_IW_GRDH_1SDV_20260830T102450_20260830T102520_004354_0080A0_rtc,2026-08-30T10:25:05.440591+00:00,2026-08-30,2026Q3,S1D,113,ascending,P1_vacant__v1,placebo,LINEAR_POWER_GAMMA0,0.4546562135219574,93,0.07347940653562546,93
EXTENSION,S1D_IW_GRDH_1SDV_20260830T102450_20260830T102520_004354_0080A0_rtc,2026-08-30T10:25:05.440591+00:00,2026-08-30,2026Q3,S1D,113,ascending,X1_build_slab__v1,positive_control,LINEAR_POWER_GAMMA0,2.1188642978668213,67,0.5070875287055969,67
EXTENSION,S1D_IW_GRDH_1SDV_20260830T102450_20260830T102520_004354_0080A0_rtc,2026-08-30T10:25:05.440591+00:00,2026-08-30,2026Q3,S1D,113,ascending,X2_build_site__v1,positive_control,LINEAR_POWER_GAMMA0,1.92589271068573,155,0.5180302858352661,155
